Fitter report for ele432project_vga
Tue May 19 17:23:29 2026
Quartus Prime Version 25.1std.0 Build 1129 10/21/2025 SC Lite Edition


---------------------
; Table of Contents ;
---------------------
  1. Legal Notice
  2. Fitter Summary
  3. Fitter Settings
  4. Parallel Compilation
  5. Fitter Netlist Optimizations
  6. Ignored Assignments
  7. Incremental Compilation Preservation Summary
  8. Incremental Compilation Partition Settings
  9. Incremental Compilation Placement Preservation
 10. Pin-Out File
 11. Fitter Resource Usage Summary
 12. Fitter Partition Statistics
 13. Input Pins
 14. Output Pins
 15. Bidir Pins
 16. I/O Bank Usage
 17. All Package Pins
 18. I/O Assignment Warnings
 19. PLL Usage Summary
 20. Fitter Resource Utilization by Entity
 21. Delay Chain Summary
 22. Pad To Core Delay Chain Fanout
 23. Control Signals
 24. Global & Other Fast Signals
 25. Non-Global High Fan-Out Signals
 26. Fitter RAM Summary
 27. Fitter DSP Block Usage Summary
 28. DSP Block Details
 29. Routing Usage Summary
 30. I/O Rules Summary
 31. I/O Rules Details
 32. I/O Rules Matrix
 33. Fitter Device Options
 34. Operating Settings and Conditions
 35. Estimated Delay Added for Hold Timing Summary
 36. Estimated Delay Added for Hold Timing Details
 37. Fitter Messages
 38. Fitter Suppressed Messages



----------------
; Legal Notice ;
----------------
Copyright (C) 2025  Altera Corporation. All rights reserved.
Your use of Altera Corporation's design tools, logic functions 
and other software and tools, and any partner logic 
functions, and any output files from any of the foregoing 
(including device programming or simulation files), and any 
associated documentation or information are expressly subject 
to the terms and conditions of the Altera Program License 
Subscription Agreement, the Altera Quartus Prime License Agreement,
the Altera IP License Agreement, or other applicable license
agreement, including, without limitation, that your use is for
the sole purpose of programming logic devices manufactured by
Altera and sold by Altera or its authorized distributors.  Please
refer to the Altera Software License Subscription Agreements 
on the Quartus Prime software download page.



+-----------------------------------------------------------------------------------+
; Fitter Summary                                                                    ;
+---------------------------------+-------------------------------------------------+
; Fitter Status                   ; Successful - Tue May 19 17:23:29 2026           ;
; Quartus Prime Version           ; 25.1std.0 Build 1129 10/21/2025 SC Lite Edition ;
; Revision Name                   ; ele432project_vga                               ;
; Top-level Entity Name           ; game_top                                        ;
; Family                          ; Cyclone V                                       ;
; Device                          ; 5CSEMA5F31C6                                    ;
; Timing Models                   ; Final                                           ;
; Logic utilization (in ALMs)     ; 4,878 / 32,070 ( 15 % )                         ;
; Total registers                 ; 1838                                            ;
; Total pins                      ; 74 / 457 ( 16 % )                               ;
; Total virtual pins              ; 0                                               ;
; Total block memory bits         ; 8,192 / 4,065,280 ( < 1 % )                     ;
; Total RAM Blocks                ; 2 / 397 ( < 1 % )                               ;
; Total DSP Blocks                ; 17 / 87 ( 20 % )                                ;
; Total HSSI RX PCSs              ; 0                                               ;
; Total HSSI PMA RX Deserializers ; 0                                               ;
; Total HSSI TX PCSs              ; 0                                               ;
; Total HSSI PMA TX Serializers   ; 0                                               ;
; Total PLLs                      ; 1 / 6 ( 17 % )                                  ;
; Total DLLs                      ; 0 / 4 ( 0 % )                                   ;
+---------------------------------+-------------------------------------------------+


+----------------------------------------------------------------------------------------------------------------------------------------------------+
; Fitter Settings                                                                                                                                    ;
+--------------------------------------------------------------------+---------------------------------------+---------------------------------------+
; Option                                                             ; Setting                               ; Default Value                         ;
+--------------------------------------------------------------------+---------------------------------------+---------------------------------------+
; Device                                                             ; 5CSEMA5F31C6                          ;                                       ;
; Maximum processors allowed for parallel compilation                ; All                                   ;                                       ;
; Minimum Core Junction Temperature                                  ; 0                                     ;                                       ;
; Maximum Core Junction Temperature                                  ; 85                                    ;                                       ;
; Use smart compilation                                              ; Off                                   ; Off                                   ;
; Enable parallel Assembler and Timing Analyzer during compilation   ; On                                    ; On                                    ;
; Enable compact report table                                        ; Off                                   ; Off                                   ;
; Router Timing Optimization Level                                   ; Normal                                ; Normal                                ;
; Perform Clocking Topology Analysis During Routing                  ; Off                                   ; Off                                   ;
; Placement Effort Multiplier                                        ; 1.0                                   ; 1.0                                   ;
; Device initialization clock source                                 ; INIT_INTOSC                           ; INIT_INTOSC                           ;
; Optimize Hold Timing                                               ; All Paths                             ; All Paths                             ;
; Optimize Multi-Corner Timing                                       ; On                                    ; On                                    ;
; Auto RAM to MLAB Conversion                                        ; On                                    ; On                                    ;
; Equivalent RAM and MLAB Power Up                                   ; Auto                                  ; Auto                                  ;
; Equivalent RAM and MLAB Paused Read Capabilities                   ; Care                                  ; Care                                  ;
; Power Optimization During Fitting                                  ; Normal compilation                    ; Normal compilation                    ;
; SSN Optimization                                                   ; Off                                   ; Off                                   ;
; Optimize Timing                                                    ; Normal compilation                    ; Normal compilation                    ;
; Optimize Timing for ECOs                                           ; Off                                   ; Off                                   ;
; Regenerate Full Fit Report During ECO Compiles                     ; Off                                   ; Off                                   ;
; Optimize IOC Register Placement for Timing                         ; Normal                                ; Normal                                ;
; Final Placement Optimizations                                      ; Automatically                         ; Automatically                         ;
; Fitter Aggressive Routability Optimizations                        ; Automatically                         ; Automatically                         ;
; Fitter Initial Placement Seed                                      ; 1                                     ; 1                                     ;
; Periphery to Core Placement and Routing Optimization               ; Off                                   ; Off                                   ;
; Weak Pull-Up Resistor                                              ; Off                                   ; Off                                   ;
; Enable Bus-Hold Circuitry                                          ; Off                                   ; Off                                   ;
; Auto Packed Registers                                              ; Auto                                  ; Auto                                  ;
; Auto Delay Chains                                                  ; On                                    ; On                                    ;
; Auto Delay Chains for High Fanout Input Pins                       ; Off                                   ; Off                                   ;
; Treat Bidirectional Pin as Output Pin                              ; Off                                   ; Off                                   ;
; Perform Physical Synthesis for Combinational Logic for Fitting     ; Off                                   ; Off                                   ;
; Perform Physical Synthesis for Combinational Logic for Performance ; Off                                   ; Off                                   ;
; Perform Register Duplication for Performance                       ; Off                                   ; Off                                   ;
; Perform Register Retiming for Performance                          ; Off                                   ; Off                                   ;
; Perform Asynchronous Signal Pipelining                             ; Off                                   ; Off                                   ;
; Fitter Effort                                                      ; Auto Fit                              ; Auto Fit                              ;
; Physical Synthesis Effort Level                                    ; Normal                                ; Normal                                ;
; Logic Cell Insertion - Logic Duplication                           ; Auto                                  ; Auto                                  ;
; Auto Register Duplication                                          ; Auto                                  ; Auto                                  ;
; Auto Global Clock                                                  ; On                                    ; On                                    ;
; Auto Global Register Control Signals                               ; On                                    ; On                                    ;
; Reserve all unused pins                                            ; As input tri-stated with weak pull-up ; As input tri-stated with weak pull-up ;
; Synchronizer Identification                                        ; Auto                                  ; Auto                                  ;
; Enable Beneficial Skew Optimization                                ; On                                    ; On                                    ;
; Optimize Design for Metastability                                  ; On                                    ; On                                    ;
; Active Serial clock source                                         ; FREQ_100MHz                           ; FREQ_100MHz                           ;
; Force Fitter to Avoid Periphery Placement Warnings                 ; Off                                   ; Off                                   ;
; Clamping Diode                                                     ; Off                                   ; Off                                   ;
; Enable input tri-state on active configuration pins in user mode   ; Off                                   ; Off                                   ;
; Advanced Physical Optimization                                     ; On                                    ; On                                    ;
+--------------------------------------------------------------------+---------------------------------------+---------------------------------------+


+------------------------------------------+
; Parallel Compilation                     ;
+----------------------------+-------------+
; Processors                 ; Number      ;
+----------------------------+-------------+
; Number detected on machine ; 16          ;
; Maximum allowed            ; 8           ;
;                            ;             ;
; Average used               ; 1.11        ;
; Maximum used               ; 8           ;
;                            ;             ;
; Usage by Processor         ; % Time Used ;
;     Processor 1            ; 100.0%      ;
;     Processor 2            ;   1.7%      ;
;     Processor 3            ;   1.6%      ;
;     Processor 4            ;   1.6%      ;
;     Processor 5            ;   1.6%      ;
;     Processor 6            ;   1.6%      ;
;     Processor 7            ;   1.6%      ;
;     Processor 8            ;   1.6%      ;
+----------------------------+-------------+


+-----------------------------------------------------------------------------------------------------------------------------------------------------------------------------------------------------------------------------------------------------------------------------------------------------------------------------------------------------------------------------------------------------------+
; Fitter Netlist Optimizations                                                                                                                                                                                                                                                                                                                                                                              ;
+--------------------------------------------------------------------------------------------------------------------------------+------------+---------------------------------------------------+----------------------------+-----------+----------------+----------------------------------------------------------------------------------------------------+------------------+-----------------------+
; Node                                                                                                                           ; Action     ; Operation                                         ; Reason                     ; Node Port ; Node Port Name ; Destination Node                                                                                   ; Destination Port ; Destination Port Name ;
+--------------------------------------------------------------------------------------------------------------------------------+------------+---------------------------------------------------+----------------------------+-----------+----------------+----------------------------------------------------------------------------------------------------+------------------+-----------------------+
; vga_wrapper:VGA_DISPLAY|vga:vga_inst|vga_pll:pll_inst|vga_pll_0002:vga_pll_inst|altera_pll:altera_pll_i|outclk_wire[0]~CLKENA0 ; Created    ; Placement                                         ; Fitter Periphery Placement ;           ;                ;                                                                                                    ;                  ;                       ;
; CLOCK_50~inputCLKENA0                                                                                                          ; Created    ; Placement                                         ; Fitter Periphery Placement ;           ;                ;                                                                                                    ;                  ;                       ;
; SW[0]~inputCLKENA0                                                                                                             ; Created    ; Placement                                         ; Fitter Periphery Placement ;           ;                ;                                                                                                    ;                  ;                       ;
; button_debouncer:U_BUTTON_ARRAY|stable_state[0]                                                                                ; Duplicated ; Router Logic Cell Insertion and Logic Duplication ; Routability optimization   ;           ;                ; button_debouncer:U_BUTTON_ARRAY|stable_state[0]~DUPLICATE                                          ;                  ;                       ;
; button_debouncer:U_BUTTON_ARRAY|stable_state[1]                                                                                ; Duplicated ; Router Logic Cell Insertion and Logic Duplication ; Routability optimization   ;           ;                ; button_debouncer:U_BUTTON_ARRAY|stable_state[1]~DUPLICATE                                          ;                  ;                       ;
; i2c_master:master_inst|ack_in_prog                                                                                             ; Duplicated ; Router Logic Cell Insertion and Logic Duplication ; Routability optimization   ;           ;                ; i2c_master:master_inst|ack_in_prog~DUPLICATE                                                       ;                  ;                       ;
; i2c_master:master_inst|clk_i2c                                                                                                 ; Duplicated ; Router Logic Cell Insertion and Logic Duplication ; Routability optimization   ;           ;                ; i2c_master:master_inst|clk_i2c~DUPLICATE                                                           ;                  ;                       ;
; i2c_master:master_inst|clk_i2c_cntr[3]                                                                                         ; Duplicated ; Router Logic Cell Insertion and Logic Duplication ; Routability optimization   ;           ;                ; i2c_master:master_inst|clk_i2c_cntr[3]~DUPLICATE                                                   ;                  ;                       ;
; i2c_master:master_inst|clk_i2c_cntr[12]                                                                                        ; Duplicated ; Router Logic Cell Insertion and Logic Duplication ; Routability optimization   ;           ;                ; i2c_master:master_inst|clk_i2c_cntr[12]~DUPLICATE                                                  ;                  ;                       ;
; i2c_master:master_inst|next_state.STOP                                                                                         ; Duplicated ; Router Logic Cell Insertion and Logic Duplication ; Routability optimization   ;           ;                ; i2c_master:master_inst|next_state.STOP~DUPLICATE                                                   ;                  ;                       ;
; i2c_master:master_inst|num_byte_sent[13]                                                                                       ; Duplicated ; Router Logic Cell Insertion and Logic Duplication ; Routability optimization   ;           ;                ; i2c_master:master_inst|num_byte_sent[13]~DUPLICATE                                                 ;                  ;                       ;
; i2c_master:master_inst|num_byte_sent[21]                                                                                       ; Duplicated ; Router Logic Cell Insertion and Logic Duplication ; Routability optimization   ;           ;                ; i2c_master:master_inst|num_byte_sent[21]~DUPLICATE                                                 ;                  ;                       ;
; i2c_master:master_inst|scl_is_high                                                                                             ; Duplicated ; Router Logic Cell Insertion and Logic Duplication ; Routability optimization   ;           ;                ; i2c_master:master_inst|scl_is_high~DUPLICATE                                                       ;                  ;                       ;
; i2c_master:master_inst|state.RELEASE_BUS                                                                                       ; Duplicated ; Router Logic Cell Insertion and Logic Duplication ; Routability optimization   ;           ;                ; i2c_master:master_inst|state.RELEASE_BUS~DUPLICATE                                                 ;                  ;                       ;
; memory_controller:U_MEM|current_state.READ                                                                                     ; Duplicated ; Router Logic Cell Insertion and Logic Duplication ; Routability optimization   ;           ;                ; memory_controller:U_MEM|current_state.READ~DUPLICATE                                               ;                  ;                       ;
; memory_controller:U_MEM|mem_ack                                                                                                ; Duplicated ; Router Logic Cell Insertion and Logic Duplication ; Routability optimization   ;           ;                ; memory_controller:U_MEM|mem_ack~DUPLICATE                                                          ;                  ;                       ;
; monopoly_rng_core:U_RNG|lfsr_card[1]                                                                                           ; Duplicated ; Router Logic Cell Insertion and Logic Duplication ; Routability optimization   ;           ;                ; monopoly_rng_core:U_RNG|lfsr_card[1]~DUPLICATE                                                     ;                  ;                       ;
; monopoly_rng_core:U_RNG|lfsr_card[5]                                                                                           ; Duplicated ; Router Logic Cell Insertion and Logic Duplication ; Routability optimization   ;           ;                ; monopoly_rng_core:U_RNG|lfsr_card[5]~DUPLICATE                                                     ;                  ;                       ;
; monopoly_rng_core:U_RNG|lfsr_card[9]                                                                                           ; Duplicated ; Router Logic Cell Insertion and Logic Duplication ; Routability optimization   ;           ;                ; monopoly_rng_core:U_RNG|lfsr_card[9]~DUPLICATE                                                     ;                  ;                       ;
; monopoly_rng_core:U_RNG|lfsr_card[10]                                                                                          ; Duplicated ; Router Logic Cell Insertion and Logic Duplication ; Routability optimization   ;           ;                ; monopoly_rng_core:U_RNG|lfsr_card[10]~DUPLICATE                                                    ;                  ;                       ;
; monopoly_rng_core:U_RNG|lfsr_card[11]                                                                                          ; Duplicated ; Router Logic Cell Insertion and Logic Duplication ; Routability optimization   ;           ;                ; monopoly_rng_core:U_RNG|lfsr_card[11]~DUPLICATE                                                    ;                  ;                       ;
; monopoly_rng_core:U_RNG|lfsr_card[12]                                                                                          ; Duplicated ; Router Logic Cell Insertion and Logic Duplication ; Routability optimization   ;           ;                ; monopoly_rng_core:U_RNG|lfsr_card[12]~DUPLICATE                                                    ;                  ;                       ;
; monopoly_rng_core:U_RNG|lfsr_dice[4]                                                                                           ; Duplicated ; Router Logic Cell Insertion and Logic Duplication ; Routability optimization   ;           ;                ; monopoly_rng_core:U_RNG|lfsr_dice[4]~DUPLICATE                                                     ;                  ;                       ;
; monopoly_rng_core:U_RNG|ready                                                                                                  ; Duplicated ; Router Logic Cell Insertion and Logic Duplication ; Routability optimization   ;           ;                ; monopoly_rng_core:U_RNG|ready~DUPLICATE                                                            ;                  ;                       ;
; mpu6050_controller:mpu_ctrl_inst|busy_prev                                                                                     ; Duplicated ; Router Logic Cell Insertion and Logic Duplication ; Routability optimization   ;           ;                ; mpu6050_controller:mpu_ctrl_inst|busy_prev~DUPLICATE                                               ;                  ;                       ;
; mpu6050_controller:mpu_ctrl_inst|byte_count[0]                                                                                 ; Duplicated ; Router Logic Cell Insertion and Logic Duplication ; Routability optimization   ;           ;                ; mpu6050_controller:mpu_ctrl_inst|byte_count[0]~DUPLICATE                                           ;                  ;                       ;
; mpu6050_controller:mpu_ctrl_inst|byte_count[2]                                                                                 ; Duplicated ; Router Logic Cell Insertion and Logic Duplication ; Routability optimization   ;           ;                ; mpu6050_controller:mpu_ctrl_inst|byte_count[2]~DUPLICATE                                           ;                  ;                       ;
; mpu6050_controller:mpu_ctrl_inst|delay_cnt[4]                                                                                  ; Duplicated ; Router Logic Cell Insertion and Logic Duplication ; Routability optimization   ;           ;                ; mpu6050_controller:mpu_ctrl_inst|delay_cnt[4]~DUPLICATE                                            ;                  ;                       ;
; mpu6050_controller:mpu_ctrl_inst|delay_cnt[6]                                                                                  ; Duplicated ; Router Logic Cell Insertion and Logic Duplication ; Routability optimization   ;           ;                ; mpu6050_controller:mpu_ctrl_inst|delay_cnt[6]~DUPLICATE                                            ;                  ;                       ;
; mpu6050_controller:mpu_ctrl_inst|delay_cnt[8]                                                                                  ; Duplicated ; Router Logic Cell Insertion and Logic Duplication ; Routability optimization   ;           ;                ; mpu6050_controller:mpu_ctrl_inst|delay_cnt[8]~DUPLICATE                                            ;                  ;                       ;
; mpu6050_controller:mpu_ctrl_inst|delay_cnt[11]                                                                                 ; Duplicated ; Router Logic Cell Insertion and Logic Duplication ; Routability optimization   ;           ;                ; mpu6050_controller:mpu_ctrl_inst|delay_cnt[11]~DUPLICATE                                           ;                  ;                       ;
; mpu6050_controller:mpu_ctrl_inst|delay_cnt[13]                                                                                 ; Duplicated ; Router Logic Cell Insertion and Logic Duplication ; Routability optimization   ;           ;                ; mpu6050_controller:mpu_ctrl_inst|delay_cnt[13]~DUPLICATE                                           ;                  ;                       ;
; mpu6050_controller:mpu_ctrl_inst|delay_cnt[15]                                                                                 ; Duplicated ; Router Logic Cell Insertion and Logic Duplication ; Routability optimization   ;           ;                ; mpu6050_controller:mpu_ctrl_inst|delay_cnt[15]~DUPLICATE                                           ;                  ;                       ;
; mpu6050_controller:mpu_ctrl_inst|state.ST_INIT_REQ                                                                             ; Duplicated ; Router Logic Cell Insertion and Logic Duplication ; Routability optimization   ;           ;                ; mpu6050_controller:mpu_ctrl_inst|state.ST_INIT_REQ~DUPLICATE                                       ;                  ;                       ;
; vga_wrapper:VGA_DISPLAY|vga:vga_inst|vgaController:vgaCont|hcnt[1]                                                             ; Duplicated ; Router Logic Cell Insertion and Logic Duplication ; Routability optimization   ;           ;                ; vga_wrapper:VGA_DISPLAY|vga:vga_inst|vgaController:vgaCont|hcnt[1]~DUPLICATE                       ;                  ;                       ;
; vga_wrapper:VGA_DISPLAY|vga:vga_inst|vgaController:vgaCont|hcnt[4]                                                             ; Duplicated ; Router Logic Cell Insertion and Logic Duplication ; Routability optimization   ;           ;                ; vga_wrapper:VGA_DISPLAY|vga:vga_inst|vgaController:vgaCont|hcnt[4]~DUPLICATE                       ;                  ;                       ;
; vga_wrapper:VGA_DISPLAY|vga:vga_inst|vgaController:vgaCont|vcnt[3]                                                             ; Duplicated ; Router Logic Cell Insertion and Logic Duplication ; Routability optimization   ;           ;                ; vga_wrapper:VGA_DISPLAY|vga:vga_inst|vgaController:vgaCont|vcnt[3]~DUPLICATE                       ;                  ;                       ;
; vga_wrapper:VGA_DISPLAY|vga:vga_inst|vgaController:vgaCont|vcnt[6]                                                             ; Duplicated ; Router Logic Cell Insertion and Logic Duplication ; Routability optimization   ;           ;                ; vga_wrapper:VGA_DISPLAY|vga:vga_inst|vgaController:vgaCont|vcnt[6]~DUPLICATE                       ;                  ;                       ;
; vga_wrapper:VGA_DISPLAY|vga:vga_inst|vgaController:vgaCont|vcnt[7]                                                             ; Duplicated ; Router Logic Cell Insertion and Logic Duplication ; Routability optimization   ;           ;                ; vga_wrapper:VGA_DISPLAY|vga:vga_inst|vgaController:vgaCont|vcnt[7]~DUPLICATE                       ;                  ;                       ;
; vga_wrapper:VGA_DISPLAY|vga:vga_inst|vgaController:vgaCont|vcnt[8]                                                             ; Duplicated ; Router Logic Cell Insertion and Logic Duplication ; Routability optimization   ;           ;                ; vga_wrapper:VGA_DISPLAY|vga:vga_inst|vgaController:vgaCont|vcnt[8]~DUPLICATE                       ;                  ;                       ;
; vga_wrapper:VGA_DISPLAY|vga:vga_inst|vga_memory_sweeper:sweeper_inst|active_price[6]                                           ; Duplicated ; Router Logic Cell Insertion and Logic Duplication ; Routability optimization   ;           ;                ; vga_wrapper:VGA_DISPLAY|vga:vga_inst|vga_memory_sweeper:sweeper_inst|active_price[6]~DUPLICATE     ;                  ;                       ;
; vga_wrapper:VGA_DISPLAY|vga:vga_inst|vga_memory_sweeper:sweeper_inst|pawn_tile[2]                                              ; Duplicated ; Router Logic Cell Insertion and Logic Duplication ; Routability optimization   ;           ;                ; vga_wrapper:VGA_DISPLAY|vga:vga_inst|vga_memory_sweeper:sweeper_inst|pawn_tile[2]~DUPLICATE        ;                  ;                       ;
; vga_wrapper:VGA_DISPLAY|vga:vga_inst|vga_memory_sweeper:sweeper_inst|pawn_tile[3]                                              ; Duplicated ; Router Logic Cell Insertion and Logic Duplication ; Routability optimization   ;           ;                ; vga_wrapper:VGA_DISPLAY|vga:vga_inst|vga_memory_sweeper:sweeper_inst|pawn_tile[3]~DUPLICATE        ;                  ;                       ;
; vga_wrapper:VGA_DISPLAY|vga:vga_inst|vga_memory_sweeper:sweeper_inst|pawn_tile[15]                                             ; Duplicated ; Router Logic Cell Insertion and Logic Duplication ; Routability optimization   ;           ;                ; vga_wrapper:VGA_DISPLAY|vga:vga_inst|vga_memory_sweeper:sweeper_inst|pawn_tile[15]~DUPLICATE       ;                  ;                       ;
; vga_wrapper:VGA_DISPLAY|vga:vga_inst|vga_memory_sweeper:sweeper_inst|player_money[1]                                           ; Duplicated ; Router Logic Cell Insertion and Logic Duplication ; Routability optimization   ;           ;                ; vga_wrapper:VGA_DISPLAY|vga:vga_inst|vga_memory_sweeper:sweeper_inst|player_money[1]~DUPLICATE     ;                  ;                       ;
; vga_wrapper:VGA_DISPLAY|vga:vga_inst|vga_memory_sweeper:sweeper_inst|player_money[8]                                           ; Duplicated ; Router Logic Cell Insertion and Logic Duplication ; Routability optimization   ;           ;                ; vga_wrapper:VGA_DISPLAY|vga:vga_inst|vga_memory_sweeper:sweeper_inst|player_money[8]~DUPLICATE     ;                  ;                       ;
; vga_wrapper:VGA_DISPLAY|vga:vga_inst|vga_memory_sweeper:sweeper_inst|player_money[11]                                          ; Duplicated ; Router Logic Cell Insertion and Logic Duplication ; Routability optimization   ;           ;                ; vga_wrapper:VGA_DISPLAY|vga:vga_inst|vga_memory_sweeper:sweeper_inst|player_money[11]~DUPLICATE    ;                  ;                       ;
; vga_wrapper:VGA_DISPLAY|vga:vga_inst|vga_memory_sweeper:sweeper_inst|player_money[17]                                          ; Duplicated ; Router Logic Cell Insertion and Logic Duplication ; Routability optimization   ;           ;                ; vga_wrapper:VGA_DISPLAY|vga:vga_inst|vga_memory_sweeper:sweeper_inst|player_money[17]~DUPLICATE    ;                  ;                       ;
; vga_wrapper:VGA_DISPLAY|vga:vga_inst|vga_memory_sweeper:sweeper_inst|tile_ownership[21]                                        ; Duplicated ; Router Logic Cell Insertion and Logic Duplication ; Routability optimization   ;           ;                ; vga_wrapper:VGA_DISPLAY|vga:vga_inst|vga_memory_sweeper:sweeper_inst|tile_ownership[21]~DUPLICATE  ;                  ;                       ;
; vga_wrapper:VGA_DISPLAY|vga:vga_inst|vga_memory_sweeper:sweeper_inst|tile_ownership[42]                                        ; Duplicated ; Router Logic Cell Insertion and Logic Duplication ; Routability optimization   ;           ;                ; vga_wrapper:VGA_DISPLAY|vga:vga_inst|vga_memory_sweeper:sweeper_inst|tile_ownership[42]~DUPLICATE  ;                  ;                       ;
; vga_wrapper:VGA_DISPLAY|vga:vga_inst|vga_memory_sweeper:sweeper_inst|tile_ownership[46]                                        ; Duplicated ; Router Logic Cell Insertion and Logic Duplication ; Routability optimization   ;           ;                ; vga_wrapper:VGA_DISPLAY|vga:vga_inst|vga_memory_sweeper:sweeper_inst|tile_ownership[46]~DUPLICATE  ;                  ;                       ;
; vga_wrapper:VGA_DISPLAY|vga:vga_inst|vga_memory_sweeper:sweeper_inst|tile_ownership[54]                                        ; Duplicated ; Router Logic Cell Insertion and Logic Duplication ; Routability optimization   ;           ;                ; vga_wrapper:VGA_DISPLAY|vga:vga_inst|vga_memory_sweeper:sweeper_inst|tile_ownership[54]~DUPLICATE  ;                  ;                       ;
; vga_wrapper:VGA_DISPLAY|vga:vga_inst|vga_memory_sweeper:sweeper_inst|tile_ownership[78]                                        ; Duplicated ; Router Logic Cell Insertion and Logic Duplication ; Routability optimization   ;           ;                ; vga_wrapper:VGA_DISPLAY|vga:vga_inst|vga_memory_sweeper:sweeper_inst|tile_ownership[78]~DUPLICATE  ;                  ;                       ;
; vga_wrapper:VGA_DISPLAY|vga:vga_inst|vga_memory_sweeper:sweeper_inst|vending_machine[21]                                       ; Duplicated ; Router Logic Cell Insertion and Logic Duplication ; Routability optimization   ;           ;                ; vga_wrapper:VGA_DISPLAY|vga:vga_inst|vga_memory_sweeper:sweeper_inst|vending_machine[21]~DUPLICATE ;                  ;                       ;
; vga_wrapper:VGA_DISPLAY|vga:vga_inst|vga_memory_sweeper:sweeper_inst|vending_machine[22]                                       ; Duplicated ; Router Logic Cell Insertion and Logic Duplication ; Routability optimization   ;           ;                ; vga_wrapper:VGA_DISPLAY|vga:vga_inst|vga_memory_sweeper:sweeper_inst|vending_machine[22]~DUPLICATE ;                  ;                       ;
; vga_wrapper:VGA_DISPLAY|vga:vga_inst|vga_memory_sweeper:sweeper_inst|vending_machine[34]                                       ; Duplicated ; Router Logic Cell Insertion and Logic Duplication ; Routability optimization   ;           ;                ; vga_wrapper:VGA_DISPLAY|vga:vga_inst|vga_memory_sweeper:sweeper_inst|vending_machine[34]~DUPLICATE ;                  ;                       ;
; vga_wrapper:VGA_DISPLAY|vga:vga_inst|vga_memory_sweeper:sweeper_inst|vending_machine[35]                                       ; Duplicated ; Router Logic Cell Insertion and Logic Duplication ; Routability optimization   ;           ;                ; vga_wrapper:VGA_DISPLAY|vga:vga_inst|vga_memory_sweeper:sweeper_inst|vending_machine[35]~DUPLICATE ;                  ;                       ;
; vga_wrapper:VGA_DISPLAY|vga:vga_inst|vga_memory_sweeper:sweeper_inst|vending_machine[59]                                       ; Duplicated ; Router Logic Cell Insertion and Logic Duplication ; Routability optimization   ;           ;                ; vga_wrapper:VGA_DISPLAY|vga:vga_inst|vga_memory_sweeper:sweeper_inst|vending_machine[59]~DUPLICATE ;                  ;                       ;
; vga_wrapper:VGA_DISPLAY|vga:vga_inst|vga_memory_sweeper:sweeper_inst|vending_machine[61]                                       ; Duplicated ; Router Logic Cell Insertion and Logic Duplication ; Routability optimization   ;           ;                ; vga_wrapper:VGA_DISPLAY|vga:vga_inst|vga_memory_sweeper:sweeper_inst|vending_machine[61]~DUPLICATE ;                  ;                       ;
+--------------------------------------------------------------------------------------------------------------------------------+------------+---------------------------------------------------+----------------------------+-----------+----------------+----------------------------------------------------------------------------------------------------+------------------+-----------------------+


+----------------------------------------------------------------------------------------------------------------------------------------------------+
; Ignored Assignments                                                                                                                                ;
+-----------------------------------------+----------------+--------------+---------------------+-----------------------------------+----------------+
; Name                                    ; Ignored Entity ; Ignored From ; Ignored To          ; Ignored Value                     ; Ignored Source ;
+-----------------------------------------+----------------+--------------+---------------------+-----------------------------------+----------------+
; Location                                ;                ;              ; ADC_CS_N            ; PIN_AJ4                           ; QSF Assignment ;
; Location                                ;                ;              ; ADC_DIN             ; PIN_AK4                           ; QSF Assignment ;
; Location                                ;                ;              ; ADC_DOUT            ; PIN_AK3                           ; QSF Assignment ;
; Location                                ;                ;              ; ADC_SCLK            ; PIN_AK2                           ; QSF Assignment ;
; Location                                ;                ;              ; AUD_ADCDAT          ; PIN_K7                            ; QSF Assignment ;
; Location                                ;                ;              ; AUD_ADCLRCK         ; PIN_K8                            ; QSF Assignment ;
; Location                                ;                ;              ; AUD_BCLK            ; PIN_H7                            ; QSF Assignment ;
; Location                                ;                ;              ; AUD_DACDAT          ; PIN_J7                            ; QSF Assignment ;
; Location                                ;                ;              ; AUD_DACLRCK         ; PIN_H8                            ; QSF Assignment ;
; Location                                ;                ;              ; AUD_XCK             ; PIN_G7                            ; QSF Assignment ;
; Location                                ;                ;              ; CLOCK2_50           ; PIN_AA16                          ; QSF Assignment ;
; Location                                ;                ;              ; CLOCK3_50           ; PIN_Y26                           ; QSF Assignment ;
; Location                                ;                ;              ; CLOCK4_50           ; PIN_K14                           ; QSF Assignment ;
; Location                                ;                ;              ; DRAM_ADDR[0]        ; PIN_AK14                          ; QSF Assignment ;
; Location                                ;                ;              ; DRAM_ADDR[10]       ; PIN_AG12                          ; QSF Assignment ;
; Location                                ;                ;              ; DRAM_ADDR[11]       ; PIN_AH13                          ; QSF Assignment ;
; Location                                ;                ;              ; DRAM_ADDR[12]       ; PIN_AJ14                          ; QSF Assignment ;
; Location                                ;                ;              ; DRAM_ADDR[1]        ; PIN_AH14                          ; QSF Assignment ;
; Location                                ;                ;              ; DRAM_ADDR[2]        ; PIN_AG15                          ; QSF Assignment ;
; Location                                ;                ;              ; DRAM_ADDR[3]        ; PIN_AE14                          ; QSF Assignment ;
; Location                                ;                ;              ; DRAM_ADDR[4]        ; PIN_AB15                          ; QSF Assignment ;
; Location                                ;                ;              ; DRAM_ADDR[5]        ; PIN_AC14                          ; QSF Assignment ;
; Location                                ;                ;              ; DRAM_ADDR[6]        ; PIN_AD14                          ; QSF Assignment ;
; Location                                ;                ;              ; DRAM_ADDR[7]        ; PIN_AF15                          ; QSF Assignment ;
; Location                                ;                ;              ; DRAM_ADDR[8]        ; PIN_AH15                          ; QSF Assignment ;
; Location                                ;                ;              ; DRAM_ADDR[9]        ; PIN_AG13                          ; QSF Assignment ;
; Location                                ;                ;              ; DRAM_BA[0]          ; PIN_AF13                          ; QSF Assignment ;
; Location                                ;                ;              ; DRAM_BA[1]          ; PIN_AJ12                          ; QSF Assignment ;
; Location                                ;                ;              ; DRAM_CAS_N          ; PIN_AF11                          ; QSF Assignment ;
; Location                                ;                ;              ; DRAM_CKE            ; PIN_AK13                          ; QSF Assignment ;
; Location                                ;                ;              ; DRAM_CLK            ; PIN_AH12                          ; QSF Assignment ;
; Location                                ;                ;              ; DRAM_CS_N           ; PIN_AG11                          ; QSF Assignment ;
; Location                                ;                ;              ; DRAM_DQ[0]          ; PIN_AK6                           ; QSF Assignment ;
; Location                                ;                ;              ; DRAM_DQ[10]         ; PIN_AJ9                           ; QSF Assignment ;
; Location                                ;                ;              ; DRAM_DQ[11]         ; PIN_AH9                           ; QSF Assignment ;
; Location                                ;                ;              ; DRAM_DQ[12]         ; PIN_AH8                           ; QSF Assignment ;
; Location                                ;                ;              ; DRAM_DQ[13]         ; PIN_AH7                           ; QSF Assignment ;
; Location                                ;                ;              ; DRAM_DQ[14]         ; PIN_AJ6                           ; QSF Assignment ;
; Location                                ;                ;              ; DRAM_DQ[15]         ; PIN_AJ5                           ; QSF Assignment ;
; Location                                ;                ;              ; DRAM_DQ[1]          ; PIN_AJ7                           ; QSF Assignment ;
; Location                                ;                ;              ; DRAM_DQ[2]          ; PIN_AK7                           ; QSF Assignment ;
; Location                                ;                ;              ; DRAM_DQ[3]          ; PIN_AK8                           ; QSF Assignment ;
; Location                                ;                ;              ; DRAM_DQ[4]          ; PIN_AK9                           ; QSF Assignment ;
; Location                                ;                ;              ; DRAM_DQ[5]          ; PIN_AG10                          ; QSF Assignment ;
; Location                                ;                ;              ; DRAM_DQ[6]          ; PIN_AK11                          ; QSF Assignment ;
; Location                                ;                ;              ; DRAM_DQ[7]          ; PIN_AJ11                          ; QSF Assignment ;
; Location                                ;                ;              ; DRAM_DQ[8]          ; PIN_AH10                          ; QSF Assignment ;
; Location                                ;                ;              ; DRAM_DQ[9]          ; PIN_AJ10                          ; QSF Assignment ;
; Location                                ;                ;              ; DRAM_LDQM           ; PIN_AB13                          ; QSF Assignment ;
; Location                                ;                ;              ; DRAM_RAS_N          ; PIN_AE13                          ; QSF Assignment ;
; Location                                ;                ;              ; DRAM_UDQM           ; PIN_AK12                          ; QSF Assignment ;
; Location                                ;                ;              ; DRAM_WE_N           ; PIN_AA13                          ; QSF Assignment ;
; Location                                ;                ;              ; FAN_CTRL            ; PIN_AA12                          ; QSF Assignment ;
; Location                                ;                ;              ; FPGA_I2C_SCLK       ; PIN_J12                           ; QSF Assignment ;
; Location                                ;                ;              ; FPGA_I2C_SDAT       ; PIN_K12                           ; QSF Assignment ;
; Location                                ;                ;              ; GPIO_0[10]          ; PIN_AH18                          ; QSF Assignment ;
; Location                                ;                ;              ; GPIO_0[11]          ; PIN_AH17                          ; QSF Assignment ;
; Location                                ;                ;              ; GPIO_0[12]          ; PIN_AG16                          ; QSF Assignment ;
; Location                                ;                ;              ; GPIO_0[13]          ; PIN_AE16                          ; QSF Assignment ;
; Location                                ;                ;              ; GPIO_0[14]          ; PIN_AF16                          ; QSF Assignment ;
; Location                                ;                ;              ; GPIO_0[15]          ; PIN_AG17                          ; QSF Assignment ;
; Location                                ;                ;              ; GPIO_0[16]          ; PIN_AA18                          ; QSF Assignment ;
; Location                                ;                ;              ; GPIO_0[17]          ; PIN_AA19                          ; QSF Assignment ;
; Location                                ;                ;              ; GPIO_0[18]          ; PIN_AE17                          ; QSF Assignment ;
; Location                                ;                ;              ; GPIO_0[19]          ; PIN_AC20                          ; QSF Assignment ;
; Location                                ;                ;              ; GPIO_0[20]          ; PIN_AH19                          ; QSF Assignment ;
; Location                                ;                ;              ; GPIO_0[21]          ; PIN_AJ20                          ; QSF Assignment ;
; Location                                ;                ;              ; GPIO_0[22]          ; PIN_AH20                          ; QSF Assignment ;
; Location                                ;                ;              ; GPIO_0[23]          ; PIN_AK21                          ; QSF Assignment ;
; Location                                ;                ;              ; GPIO_0[24]          ; PIN_AD19                          ; QSF Assignment ;
; Location                                ;                ;              ; GPIO_0[25]          ; PIN_AD20                          ; QSF Assignment ;
; Location                                ;                ;              ; GPIO_0[26]          ; PIN_AE18                          ; QSF Assignment ;
; Location                                ;                ;              ; GPIO_0[27]          ; PIN_AE19                          ; QSF Assignment ;
; Location                                ;                ;              ; GPIO_0[28]          ; PIN_AF20                          ; QSF Assignment ;
; Location                                ;                ;              ; GPIO_0[29]          ; PIN_AF21                          ; QSF Assignment ;
; Location                                ;                ;              ; GPIO_0[2]           ; PIN_AD17                          ; QSF Assignment ;
; Location                                ;                ;              ; GPIO_0[30]          ; PIN_AF19                          ; QSF Assignment ;
; Location                                ;                ;              ; GPIO_0[31]          ; PIN_AG21                          ; QSF Assignment ;
; Location                                ;                ;              ; GPIO_0[32]          ; PIN_AF18                          ; QSF Assignment ;
; Location                                ;                ;              ; GPIO_0[33]          ; PIN_AG20                          ; QSF Assignment ;
; Location                                ;                ;              ; GPIO_0[34]          ; PIN_AG18                          ; QSF Assignment ;
; Location                                ;                ;              ; GPIO_0[35]          ; PIN_AJ21                          ; QSF Assignment ;
; Location                                ;                ;              ; GPIO_0[3]           ; PIN_Y18                           ; QSF Assignment ;
; Location                                ;                ;              ; GPIO_0[4]           ; PIN_AK16                          ; QSF Assignment ;
; Location                                ;                ;              ; GPIO_0[5]           ; PIN_AK18                          ; QSF Assignment ;
; Location                                ;                ;              ; GPIO_0[6]           ; PIN_AK19                          ; QSF Assignment ;
; Location                                ;                ;              ; GPIO_0[7]           ; PIN_AJ19                          ; QSF Assignment ;
; Location                                ;                ;              ; GPIO_0[8]           ; PIN_AJ17                          ; QSF Assignment ;
; Location                                ;                ;              ; GPIO_0[9]           ; PIN_AJ16                          ; QSF Assignment ;
; Location                                ;                ;              ; GPIO_1[0]           ; PIN_AB17                          ; QSF Assignment ;
; Location                                ;                ;              ; GPIO_1[10]          ; PIN_AG26                          ; QSF Assignment ;
; Location                                ;                ;              ; GPIO_1[11]          ; PIN_AH24                          ; QSF Assignment ;
; Location                                ;                ;              ; GPIO_1[12]          ; PIN_AH27                          ; QSF Assignment ;
; Location                                ;                ;              ; GPIO_1[13]          ; PIN_AJ27                          ; QSF Assignment ;
; Location                                ;                ;              ; GPIO_1[14]          ; PIN_AK29                          ; QSF Assignment ;
; Location                                ;                ;              ; GPIO_1[15]          ; PIN_AK28                          ; QSF Assignment ;
; Location                                ;                ;              ; GPIO_1[16]          ; PIN_AK27                          ; QSF Assignment ;
; Location                                ;                ;              ; GPIO_1[17]          ; PIN_AJ26                          ; QSF Assignment ;
; Location                                ;                ;              ; GPIO_1[18]          ; PIN_AK26                          ; QSF Assignment ;
; Location                                ;                ;              ; GPIO_1[19]          ; PIN_AH25                          ; QSF Assignment ;
; Location                                ;                ;              ; GPIO_1[1]           ; PIN_AA21                          ; QSF Assignment ;
; Location                                ;                ;              ; GPIO_1[20]          ; PIN_AJ25                          ; QSF Assignment ;
; Location                                ;                ;              ; GPIO_1[21]          ; PIN_AJ24                          ; QSF Assignment ;
; Location                                ;                ;              ; GPIO_1[22]          ; PIN_AK24                          ; QSF Assignment ;
; Location                                ;                ;              ; GPIO_1[23]          ; PIN_AG23                          ; QSF Assignment ;
; Location                                ;                ;              ; GPIO_1[24]          ; PIN_AK23                          ; QSF Assignment ;
; Location                                ;                ;              ; GPIO_1[25]          ; PIN_AH23                          ; QSF Assignment ;
; Location                                ;                ;              ; GPIO_1[26]          ; PIN_AK22                          ; QSF Assignment ;
; Location                                ;                ;              ; GPIO_1[27]          ; PIN_AJ22                          ; QSF Assignment ;
; Location                                ;                ;              ; GPIO_1[28]          ; PIN_AH22                          ; QSF Assignment ;
; Location                                ;                ;              ; GPIO_1[29]          ; PIN_AG22                          ; QSF Assignment ;
; Location                                ;                ;              ; GPIO_1[2]           ; PIN_AB21                          ; QSF Assignment ;
; Location                                ;                ;              ; GPIO_1[30]          ; PIN_AF24                          ; QSF Assignment ;
; Location                                ;                ;              ; GPIO_1[31]          ; PIN_AF23                          ; QSF Assignment ;
; Location                                ;                ;              ; GPIO_1[32]          ; PIN_AE22                          ; QSF Assignment ;
; Location                                ;                ;              ; GPIO_1[33]          ; PIN_AD21                          ; QSF Assignment ;
; Location                                ;                ;              ; GPIO_1[34]          ; PIN_AA20                          ; QSF Assignment ;
; Location                                ;                ;              ; GPIO_1[35]          ; PIN_AC22                          ; QSF Assignment ;
; Location                                ;                ;              ; GPIO_1[3]           ; PIN_AC23                          ; QSF Assignment ;
; Location                                ;                ;              ; GPIO_1[4]           ; PIN_AD24                          ; QSF Assignment ;
; Location                                ;                ;              ; GPIO_1[5]           ; PIN_AE23                          ; QSF Assignment ;
; Location                                ;                ;              ; GPIO_1[6]           ; PIN_AE24                          ; QSF Assignment ;
; Location                                ;                ;              ; GPIO_1[7]           ; PIN_AF25                          ; QSF Assignment ;
; Location                                ;                ;              ; GPIO_1[8]           ; PIN_AF26                          ; QSF Assignment ;
; Location                                ;                ;              ; GPIO_1[9]           ; PIN_AG25                          ; QSF Assignment ;
; Location                                ;                ;              ; HEX4[0]             ; PIN_AA24                          ; QSF Assignment ;
; Location                                ;                ;              ; HEX4[1]             ; PIN_Y23                           ; QSF Assignment ;
; Location                                ;                ;              ; HEX4[2]             ; PIN_Y24                           ; QSF Assignment ;
; Location                                ;                ;              ; HEX4[3]             ; PIN_W22                           ; QSF Assignment ;
; Location                                ;                ;              ; HEX4[4]             ; PIN_W24                           ; QSF Assignment ;
; Location                                ;                ;              ; HEX4[5]             ; PIN_V23                           ; QSF Assignment ;
; Location                                ;                ;              ; HEX4[6]             ; PIN_W25                           ; QSF Assignment ;
; Location                                ;                ;              ; HEX5[0]             ; PIN_V25                           ; QSF Assignment ;
; Location                                ;                ;              ; HEX5[1]             ; PIN_AA28                          ; QSF Assignment ;
; Location                                ;                ;              ; HEX5[2]             ; PIN_Y27                           ; QSF Assignment ;
; Location                                ;                ;              ; HEX5[3]             ; PIN_AB27                          ; QSF Assignment ;
; Location                                ;                ;              ; HEX5[4]             ; PIN_AB26                          ; QSF Assignment ;
; Location                                ;                ;              ; HEX5[5]             ; PIN_AA26                          ; QSF Assignment ;
; Location                                ;                ;              ; HEX5[6]             ; PIN_AA25                          ; QSF Assignment ;
; Location                                ;                ;              ; IRDA_RXD            ; PIN_AA30                          ; QSF Assignment ;
; Location                                ;                ;              ; IRDA_TXD            ; PIN_AB30                          ; QSF Assignment ;
; Location                                ;                ;              ; LEDR[0]             ; PIN_V16                           ; QSF Assignment ;
; Location                                ;                ;              ; LEDR[1]             ; PIN_W16                           ; QSF Assignment ;
; Location                                ;                ;              ; LEDR[2]             ; PIN_V17                           ; QSF Assignment ;
; Location                                ;                ;              ; LEDR[3]             ; PIN_V18                           ; QSF Assignment ;
; Location                                ;                ;              ; LEDR[4]             ; PIN_W17                           ; QSF Assignment ;
; Location                                ;                ;              ; LEDR[5]             ; PIN_W19                           ; QSF Assignment ;
; Location                                ;                ;              ; LEDR[6]             ; PIN_Y19                           ; QSF Assignment ;
; Location                                ;                ;              ; LEDR[7]             ; PIN_W20                           ; QSF Assignment ;
; Location                                ;                ;              ; LEDR[8]             ; PIN_W21                           ; QSF Assignment ;
; Location                                ;                ;              ; LEDR[9]             ; PIN_Y21                           ; QSF Assignment ;
; Location                                ;                ;              ; PS2_CLK             ; PIN_AD7                           ; QSF Assignment ;
; Location                                ;                ;              ; PS2_CLK2            ; PIN_AD9                           ; QSF Assignment ;
; Location                                ;                ;              ; PS2_DAT             ; PIN_AE7                           ; QSF Assignment ;
; Location                                ;                ;              ; PS2_DAT2            ; PIN_AE9                           ; QSF Assignment ;
; Location                                ;                ;              ; TD_CLK27            ; PIN_H15                           ; QSF Assignment ;
; Location                                ;                ;              ; TD_DATA[0]          ; PIN_D2                            ; QSF Assignment ;
; Location                                ;                ;              ; TD_DATA[1]          ; PIN_B1                            ; QSF Assignment ;
; Location                                ;                ;              ; TD_DATA[2]          ; PIN_E2                            ; QSF Assignment ;
; Location                                ;                ;              ; TD_DATA[3]          ; PIN_B2                            ; QSF Assignment ;
; Location                                ;                ;              ; TD_DATA[4]          ; PIN_D1                            ; QSF Assignment ;
; Location                                ;                ;              ; TD_DATA[5]          ; PIN_E1                            ; QSF Assignment ;
; Location                                ;                ;              ; TD_DATA[6]          ; PIN_C2                            ; QSF Assignment ;
; Location                                ;                ;              ; TD_DATA[7]          ; PIN_B3                            ; QSF Assignment ;
; Location                                ;                ;              ; TD_HS               ; PIN_A5                            ; QSF Assignment ;
; Location                                ;                ;              ; TD_RESET_N          ; PIN_F6                            ; QSF Assignment ;
; Location                                ;                ;              ; TD_VS               ; PIN_A3                            ; QSF Assignment ;
; Location                                ;                ;              ; USB_B2_CLK          ; PIN_AF4                           ; QSF Assignment ;
; Location                                ;                ;              ; USB_B2_DATA[0]      ; PIN_AH4                           ; QSF Assignment ;
; Location                                ;                ;              ; USB_B2_DATA[1]      ; PIN_AH3                           ; QSF Assignment ;
; Location                                ;                ;              ; USB_B2_DATA[2]      ; PIN_AJ2                           ; QSF Assignment ;
; Location                                ;                ;              ; USB_B2_DATA[3]      ; PIN_AJ1                           ; QSF Assignment ;
; Location                                ;                ;              ; USB_B2_DATA[4]      ; PIN_AH2                           ; QSF Assignment ;
; Location                                ;                ;              ; USB_B2_DATA[5]      ; PIN_AG3                           ; QSF Assignment ;
; Location                                ;                ;              ; USB_B2_DATA[6]      ; PIN_AG2                           ; QSF Assignment ;
; Location                                ;                ;              ; USB_B2_DATA[7]      ; PIN_AG1                           ; QSF Assignment ;
; Location                                ;                ;              ; USB_EMPTY           ; PIN_AF5                           ; QSF Assignment ;
; Location                                ;                ;              ; USB_FULL            ; PIN_AG5                           ; QSF Assignment ;
; Location                                ;                ;              ; USB_OE_N            ; PIN_AF6                           ; QSF Assignment ;
; Location                                ;                ;              ; USB_RD_N            ; PIN_AG6                           ; QSF Assignment ;
; Location                                ;                ;              ; USB_RESET_N         ; PIN_AG7                           ; QSF Assignment ;
; Location                                ;                ;              ; USB_SCL             ; PIN_AG8                           ; QSF Assignment ;
; Location                                ;                ;              ; USB_SDA             ; PIN_AF8                           ; QSF Assignment ;
; Location                                ;                ;              ; USB_WR_N            ; PIN_AH5                           ; QSF Assignment ;
; I/O Standard                            ; game_top       ;              ; ADC_CS_N            ; 3.3-V LVTTL                       ; QSF Assignment ;
; I/O Standard                            ; game_top       ;              ; ADC_DIN             ; 3.3-V LVTTL                       ; QSF Assignment ;
; I/O Standard                            ; game_top       ;              ; ADC_DOUT            ; 3.3-V LVTTL                       ; QSF Assignment ;
; I/O Standard                            ; game_top       ;              ; ADC_SCLK            ; 3.3-V LVTTL                       ; QSF Assignment ;
; I/O Standard                            ; game_top       ;              ; AUD_ADCDAT          ; 3.3-V LVTTL                       ; QSF Assignment ;
; I/O Standard                            ; game_top       ;              ; AUD_ADCLRCK         ; 3.3-V LVTTL                       ; QSF Assignment ;
; I/O Standard                            ; game_top       ;              ; AUD_BCLK            ; 3.3-V LVTTL                       ; QSF Assignment ;
; I/O Standard                            ; game_top       ;              ; AUD_DACDAT          ; 3.3-V LVTTL                       ; QSF Assignment ;
; I/O Standard                            ; game_top       ;              ; AUD_DACLRCK         ; 3.3-V LVTTL                       ; QSF Assignment ;
; I/O Standard                            ; game_top       ;              ; AUD_XCK             ; 3.3-V LVTTL                       ; QSF Assignment ;
; I/O Standard                            ; game_top       ;              ; CLOCK2_50           ; 3.3-V LVTTL                       ; QSF Assignment ;
; I/O Standard                            ; game_top       ;              ; CLOCK3_50           ; 3.3-V LVTTL                       ; QSF Assignment ;
; I/O Standard                            ; game_top       ;              ; CLOCK4_50           ; 3.3-V LVTTL                       ; QSF Assignment ;
; I/O Standard                            ; game_top       ;              ; DRAM_ADDR[0]        ; 3.3-V LVTTL                       ; QSF Assignment ;
; I/O Standard                            ; game_top       ;              ; DRAM_ADDR[10]       ; 3.3-V LVTTL                       ; QSF Assignment ;
; I/O Standard                            ; game_top       ;              ; DRAM_ADDR[11]       ; 3.3-V LVTTL                       ; QSF Assignment ;
; I/O Standard                            ; game_top       ;              ; DRAM_ADDR[12]       ; 3.3-V LVTTL                       ; QSF Assignment ;
; I/O Standard                            ; game_top       ;              ; DRAM_ADDR[1]        ; 3.3-V LVTTL                       ; QSF Assignment ;
; I/O Standard                            ; game_top       ;              ; DRAM_ADDR[2]        ; 3.3-V LVTTL                       ; QSF Assignment ;
; I/O Standard                            ; game_top       ;              ; DRAM_ADDR[3]        ; 3.3-V LVTTL                       ; QSF Assignment ;
; I/O Standard                            ; game_top       ;              ; DRAM_ADDR[4]        ; 3.3-V LVTTL                       ; QSF Assignment ;
; I/O Standard                            ; game_top       ;              ; DRAM_ADDR[5]        ; 3.3-V LVTTL                       ; QSF Assignment ;
; I/O Standard                            ; game_top       ;              ; DRAM_ADDR[6]        ; 3.3-V LVTTL                       ; QSF Assignment ;
; I/O Standard                            ; game_top       ;              ; DRAM_ADDR[7]        ; 3.3-V LVTTL                       ; QSF Assignment ;
; I/O Standard                            ; game_top       ;              ; DRAM_ADDR[8]        ; 3.3-V LVTTL                       ; QSF Assignment ;
; I/O Standard                            ; game_top       ;              ; DRAM_ADDR[9]        ; 3.3-V LVTTL                       ; QSF Assignment ;
; I/O Standard                            ; game_top       ;              ; DRAM_BA[0]          ; 3.3-V LVTTL                       ; QSF Assignment ;
; I/O Standard                            ; game_top       ;              ; DRAM_BA[1]          ; 3.3-V LVTTL                       ; QSF Assignment ;
; I/O Standard                            ; game_top       ;              ; DRAM_CAS_N          ; 3.3-V LVTTL                       ; QSF Assignment ;
; I/O Standard                            ; game_top       ;              ; DRAM_CKE            ; 3.3-V LVTTL                       ; QSF Assignment ;
; I/O Standard                            ; game_top       ;              ; DRAM_CLK            ; 3.3-V LVTTL                       ; QSF Assignment ;
; I/O Standard                            ; game_top       ;              ; DRAM_CS_N           ; 3.3-V LVTTL                       ; QSF Assignment ;
; I/O Standard                            ; game_top       ;              ; DRAM_DQ[0]          ; 3.3-V LVTTL                       ; QSF Assignment ;
; I/O Standard                            ; game_top       ;              ; DRAM_DQ[10]         ; 3.3-V LVTTL                       ; QSF Assignment ;
; I/O Standard                            ; game_top       ;              ; DRAM_DQ[11]         ; 3.3-V LVTTL                       ; QSF Assignment ;
; I/O Standard                            ; game_top       ;              ; DRAM_DQ[12]         ; 3.3-V LVTTL                       ; QSF Assignment ;
; I/O Standard                            ; game_top       ;              ; DRAM_DQ[13]         ; 3.3-V LVTTL                       ; QSF Assignment ;
; I/O Standard                            ; game_top       ;              ; DRAM_DQ[14]         ; 3.3-V LVTTL                       ; QSF Assignment ;
; I/O Standard                            ; game_top       ;              ; DRAM_DQ[15]         ; 3.3-V LVTTL                       ; QSF Assignment ;
; I/O Standard                            ; game_top       ;              ; DRAM_DQ[1]          ; 3.3-V LVTTL                       ; QSF Assignment ;
; I/O Standard                            ; game_top       ;              ; DRAM_DQ[2]          ; 3.3-V LVTTL                       ; QSF Assignment ;
; I/O Standard                            ; game_top       ;              ; DRAM_DQ[3]          ; 3.3-V LVTTL                       ; QSF Assignment ;
; I/O Standard                            ; game_top       ;              ; DRAM_DQ[4]          ; 3.3-V LVTTL                       ; QSF Assignment ;
; I/O Standard                            ; game_top       ;              ; DRAM_DQ[5]          ; 3.3-V LVTTL                       ; QSF Assignment ;
; I/O Standard                            ; game_top       ;              ; DRAM_DQ[6]          ; 3.3-V LVTTL                       ; QSF Assignment ;
; I/O Standard                            ; game_top       ;              ; DRAM_DQ[7]          ; 3.3-V LVTTL                       ; QSF Assignment ;
; I/O Standard                            ; game_top       ;              ; DRAM_DQ[8]          ; 3.3-V LVTTL                       ; QSF Assignment ;
; I/O Standard                            ; game_top       ;              ; DRAM_DQ[9]          ; 3.3-V LVTTL                       ; QSF Assignment ;
; I/O Standard                            ; game_top       ;              ; DRAM_LDQM           ; 3.3-V LVTTL                       ; QSF Assignment ;
; I/O Standard                            ; game_top       ;              ; DRAM_RAS_N          ; 3.3-V LVTTL                       ; QSF Assignment ;
; I/O Standard                            ; game_top       ;              ; DRAM_UDQM           ; 3.3-V LVTTL                       ; QSF Assignment ;
; I/O Standard                            ; game_top       ;              ; DRAM_WE_N           ; 3.3-V LVTTL                       ; QSF Assignment ;
; I/O Standard                            ; game_top       ;              ; FAN_CTRL            ; 3.3-V LVTTL                       ; QSF Assignment ;
; I/O Standard                            ; game_top       ;              ; FPGA_I2C_SCLK       ; 3.3-V LVTTL                       ; QSF Assignment ;
; I/O Standard                            ; game_top       ;              ; FPGA_I2C_SDAT       ; 3.3-V LVTTL                       ; QSF Assignment ;
; I/O Standard                            ; game_top       ;              ; GPIO_0[10]          ; 3.3-V LVTTL                       ; QSF Assignment ;
; I/O Standard                            ; game_top       ;              ; GPIO_0[11]          ; 3.3-V LVTTL                       ; QSF Assignment ;
; I/O Standard                            ; game_top       ;              ; GPIO_0[12]          ; 3.3-V LVTTL                       ; QSF Assignment ;
; I/O Standard                            ; game_top       ;              ; GPIO_0[13]          ; 3.3-V LVTTL                       ; QSF Assignment ;
; I/O Standard                            ; game_top       ;              ; GPIO_0[14]          ; 3.3-V LVTTL                       ; QSF Assignment ;
; I/O Standard                            ; game_top       ;              ; GPIO_0[15]          ; 3.3-V LVTTL                       ; QSF Assignment ;
; I/O Standard                            ; game_top       ;              ; GPIO_0[16]          ; 3.3-V LVTTL                       ; QSF Assignment ;
; I/O Standard                            ; game_top       ;              ; GPIO_0[17]          ; 3.3-V LVTTL                       ; QSF Assignment ;
; I/O Standard                            ; game_top       ;              ; GPIO_0[18]          ; 3.3-V LVTTL                       ; QSF Assignment ;
; I/O Standard                            ; game_top       ;              ; GPIO_0[19]          ; 3.3-V LVTTL                       ; QSF Assignment ;
; I/O Standard                            ; game_top       ;              ; GPIO_0[20]          ; 3.3-V LVTTL                       ; QSF Assignment ;
; I/O Standard                            ; game_top       ;              ; GPIO_0[21]          ; 3.3-V LVTTL                       ; QSF Assignment ;
; I/O Standard                            ; game_top       ;              ; GPIO_0[22]          ; 3.3-V LVTTL                       ; QSF Assignment ;
; I/O Standard                            ; game_top       ;              ; GPIO_0[23]          ; 3.3-V LVTTL                       ; QSF Assignment ;
; I/O Standard                            ; game_top       ;              ; GPIO_0[24]          ; 3.3-V LVTTL                       ; QSF Assignment ;
; I/O Standard                            ; game_top       ;              ; GPIO_0[25]          ; 3.3-V LVTTL                       ; QSF Assignment ;
; I/O Standard                            ; game_top       ;              ; GPIO_0[26]          ; 3.3-V LVTTL                       ; QSF Assignment ;
; I/O Standard                            ; game_top       ;              ; GPIO_0[27]          ; 3.3-V LVTTL                       ; QSF Assignment ;
; I/O Standard                            ; game_top       ;              ; GPIO_0[28]          ; 3.3-V LVTTL                       ; QSF Assignment ;
; I/O Standard                            ; game_top       ;              ; GPIO_0[29]          ; 3.3-V LVTTL                       ; QSF Assignment ;
; I/O Standard                            ; game_top       ;              ; GPIO_0[2]           ; 3.3-V LVTTL                       ; QSF Assignment ;
; I/O Standard                            ; game_top       ;              ; GPIO_0[30]          ; 3.3-V LVTTL                       ; QSF Assignment ;
; I/O Standard                            ; game_top       ;              ; GPIO_0[31]          ; 3.3-V LVTTL                       ; QSF Assignment ;
; I/O Standard                            ; game_top       ;              ; GPIO_0[32]          ; 3.3-V LVTTL                       ; QSF Assignment ;
; I/O Standard                            ; game_top       ;              ; GPIO_0[33]          ; 3.3-V LVTTL                       ; QSF Assignment ;
; I/O Standard                            ; game_top       ;              ; GPIO_0[34]          ; 3.3-V LVTTL                       ; QSF Assignment ;
; I/O Standard                            ; game_top       ;              ; GPIO_0[35]          ; 3.3-V LVTTL                       ; QSF Assignment ;
; I/O Standard                            ; game_top       ;              ; GPIO_0[3]           ; 3.3-V LVTTL                       ; QSF Assignment ;
; I/O Standard                            ; game_top       ;              ; GPIO_0[4]           ; 3.3-V LVTTL                       ; QSF Assignment ;
; I/O Standard                            ; game_top       ;              ; GPIO_0[5]           ; 3.3-V LVTTL                       ; QSF Assignment ;
; I/O Standard                            ; game_top       ;              ; GPIO_0[6]           ; 3.3-V LVTTL                       ; QSF Assignment ;
; I/O Standard                            ; game_top       ;              ; GPIO_0[7]           ; 3.3-V LVTTL                       ; QSF Assignment ;
; I/O Standard                            ; game_top       ;              ; GPIO_0[8]           ; 3.3-V LVTTL                       ; QSF Assignment ;
; I/O Standard                            ; game_top       ;              ; GPIO_0[9]           ; 3.3-V LVTTL                       ; QSF Assignment ;
; I/O Standard                            ; game_top       ;              ; GPIO_1[0]           ; 3.3-V LVTTL                       ; QSF Assignment ;
; I/O Standard                            ; game_top       ;              ; GPIO_1[10]          ; 3.3-V LVTTL                       ; QSF Assignment ;
; I/O Standard                            ; game_top       ;              ; GPIO_1[11]          ; 3.3-V LVTTL                       ; QSF Assignment ;
; I/O Standard                            ; game_top       ;              ; GPIO_1[12]          ; 3.3-V LVTTL                       ; QSF Assignment ;
; I/O Standard                            ; game_top       ;              ; GPIO_1[13]          ; 3.3-V LVTTL                       ; QSF Assignment ;
; I/O Standard                            ; game_top       ;              ; GPIO_1[14]          ; 3.3-V LVTTL                       ; QSF Assignment ;
; I/O Standard                            ; game_top       ;              ; GPIO_1[15]          ; 3.3-V LVTTL                       ; QSF Assignment ;
; I/O Standard                            ; game_top       ;              ; GPIO_1[16]          ; 3.3-V LVTTL                       ; QSF Assignment ;
; I/O Standard                            ; game_top       ;              ; GPIO_1[17]          ; 3.3-V LVTTL                       ; QSF Assignment ;
; I/O Standard                            ; game_top       ;              ; GPIO_1[18]          ; 3.3-V LVTTL                       ; QSF Assignment ;
; I/O Standard                            ; game_top       ;              ; GPIO_1[19]          ; 3.3-V LVTTL                       ; QSF Assignment ;
; I/O Standard                            ; game_top       ;              ; GPIO_1[1]           ; 3.3-V LVTTL                       ; QSF Assignment ;
; I/O Standard                            ; game_top       ;              ; GPIO_1[20]          ; 3.3-V LVTTL                       ; QSF Assignment ;
; I/O Standard                            ; game_top       ;              ; GPIO_1[21]          ; 3.3-V LVTTL                       ; QSF Assignment ;
; I/O Standard                            ; game_top       ;              ; GPIO_1[22]          ; 3.3-V LVTTL                       ; QSF Assignment ;
; I/O Standard                            ; game_top       ;              ; GPIO_1[23]          ; 3.3-V LVTTL                       ; QSF Assignment ;
; I/O Standard                            ; game_top       ;              ; GPIO_1[24]          ; 3.3-V LVTTL                       ; QSF Assignment ;
; I/O Standard                            ; game_top       ;              ; GPIO_1[25]          ; 3.3-V LVTTL                       ; QSF Assignment ;
; I/O Standard                            ; game_top       ;              ; GPIO_1[26]          ; 3.3-V LVTTL                       ; QSF Assignment ;
; I/O Standard                            ; game_top       ;              ; GPIO_1[27]          ; 3.3-V LVTTL                       ; QSF Assignment ;
; I/O Standard                            ; game_top       ;              ; GPIO_1[28]          ; 3.3-V LVTTL                       ; QSF Assignment ;
; I/O Standard                            ; game_top       ;              ; GPIO_1[29]          ; 3.3-V LVTTL                       ; QSF Assignment ;
; I/O Standard                            ; game_top       ;              ; GPIO_1[2]           ; 3.3-V LVTTL                       ; QSF Assignment ;
; I/O Standard                            ; game_top       ;              ; GPIO_1[30]          ; 3.3-V LVTTL                       ; QSF Assignment ;
; I/O Standard                            ; game_top       ;              ; GPIO_1[31]          ; 3.3-V LVTTL                       ; QSF Assignment ;
; I/O Standard                            ; game_top       ;              ; GPIO_1[32]          ; 3.3-V LVTTL                       ; QSF Assignment ;
; I/O Standard                            ; game_top       ;              ; GPIO_1[33]          ; 3.3-V LVTTL                       ; QSF Assignment ;
; I/O Standard                            ; game_top       ;              ; GPIO_1[34]          ; 3.3-V LVTTL                       ; QSF Assignment ;
; I/O Standard                            ; game_top       ;              ; GPIO_1[35]          ; 3.3-V LVTTL                       ; QSF Assignment ;
; I/O Standard                            ; game_top       ;              ; GPIO_1[3]           ; 3.3-V LVTTL                       ; QSF Assignment ;
; I/O Standard                            ; game_top       ;              ; GPIO_1[4]           ; 3.3-V LVTTL                       ; QSF Assignment ;
; I/O Standard                            ; game_top       ;              ; GPIO_1[5]           ; 3.3-V LVTTL                       ; QSF Assignment ;
; I/O Standard                            ; game_top       ;              ; GPIO_1[6]           ; 3.3-V LVTTL                       ; QSF Assignment ;
; I/O Standard                            ; game_top       ;              ; GPIO_1[7]           ; 3.3-V LVTTL                       ; QSF Assignment ;
; I/O Standard                            ; game_top       ;              ; GPIO_1[8]           ; 3.3-V LVTTL                       ; QSF Assignment ;
; I/O Standard                            ; game_top       ;              ; GPIO_1[9]           ; 3.3-V LVTTL                       ; QSF Assignment ;
; I/O Standard                            ; game_top       ;              ; HEX4[0]             ; 3.3-V LVTTL                       ; QSF Assignment ;
; I/O Standard                            ; game_top       ;              ; HEX4[1]             ; 3.3-V LVTTL                       ; QSF Assignment ;
; I/O Standard                            ; game_top       ;              ; HEX4[2]             ; 3.3-V LVTTL                       ; QSF Assignment ;
; I/O Standard                            ; game_top       ;              ; HEX4[3]             ; 3.3-V LVTTL                       ; QSF Assignment ;
; I/O Standard                            ; game_top       ;              ; HEX4[4]             ; 3.3-V LVTTL                       ; QSF Assignment ;
; I/O Standard                            ; game_top       ;              ; HEX4[5]             ; 3.3-V LVTTL                       ; QSF Assignment ;
; I/O Standard                            ; game_top       ;              ; HEX4[6]             ; 3.3-V LVTTL                       ; QSF Assignment ;
; I/O Standard                            ; game_top       ;              ; HEX5[0]             ; 3.3-V LVTTL                       ; QSF Assignment ;
; I/O Standard                            ; game_top       ;              ; HEX5[1]             ; 3.3-V LVTTL                       ; QSF Assignment ;
; I/O Standard                            ; game_top       ;              ; HEX5[2]             ; 3.3-V LVTTL                       ; QSF Assignment ;
; I/O Standard                            ; game_top       ;              ; HEX5[3]             ; 3.3-V LVTTL                       ; QSF Assignment ;
; I/O Standard                            ; game_top       ;              ; HEX5[4]             ; 3.3-V LVTTL                       ; QSF Assignment ;
; I/O Standard                            ; game_top       ;              ; HEX5[5]             ; 3.3-V LVTTL                       ; QSF Assignment ;
; I/O Standard                            ; game_top       ;              ; HEX5[6]             ; 3.3-V LVTTL                       ; QSF Assignment ;
; I/O Standard                            ; game_top       ;              ; HPS_CONV_USB_N      ; 3.3-V LVTTL                       ; QSF Assignment ;
; I/O Standard                            ; game_top       ;              ; HPS_DDR3_ADDR[0]    ; SSTL-15 CLASS I                   ; QSF Assignment ;
; I/O Standard                            ; game_top       ;              ; HPS_DDR3_ADDR[10]   ; SSTL-15 CLASS I                   ; QSF Assignment ;
; I/O Standard                            ; game_top       ;              ; HPS_DDR3_ADDR[11]   ; SSTL-15 CLASS I                   ; QSF Assignment ;
; I/O Standard                            ; game_top       ;              ; HPS_DDR3_ADDR[12]   ; SSTL-15 CLASS I                   ; QSF Assignment ;
; I/O Standard                            ; game_top       ;              ; HPS_DDR3_ADDR[13]   ; SSTL-15 CLASS I                   ; QSF Assignment ;
; I/O Standard                            ; game_top       ;              ; HPS_DDR3_ADDR[14]   ; SSTL-15 CLASS I                   ; QSF Assignment ;
; I/O Standard                            ; game_top       ;              ; HPS_DDR3_ADDR[1]    ; SSTL-15 CLASS I                   ; QSF Assignment ;
; I/O Standard                            ; game_top       ;              ; HPS_DDR3_ADDR[2]    ; SSTL-15 CLASS I                   ; QSF Assignment ;
; I/O Standard                            ; game_top       ;              ; HPS_DDR3_ADDR[3]    ; SSTL-15 CLASS I                   ; QSF Assignment ;
; I/O Standard                            ; game_top       ;              ; HPS_DDR3_ADDR[4]    ; SSTL-15 CLASS I                   ; QSF Assignment ;
; I/O Standard                            ; game_top       ;              ; HPS_DDR3_ADDR[5]    ; SSTL-15 CLASS I                   ; QSF Assignment ;
; I/O Standard                            ; game_top       ;              ; HPS_DDR3_ADDR[6]    ; SSTL-15 CLASS I                   ; QSF Assignment ;
; I/O Standard                            ; game_top       ;              ; HPS_DDR3_ADDR[7]    ; SSTL-15 CLASS I                   ; QSF Assignment ;
; I/O Standard                            ; game_top       ;              ; HPS_DDR3_ADDR[8]    ; SSTL-15 CLASS I                   ; QSF Assignment ;
; I/O Standard                            ; game_top       ;              ; HPS_DDR3_ADDR[9]    ; SSTL-15 CLASS I                   ; QSF Assignment ;
; I/O Standard                            ; game_top       ;              ; HPS_DDR3_BA[0]      ; SSTL-15 CLASS I                   ; QSF Assignment ;
; I/O Standard                            ; game_top       ;              ; HPS_DDR3_BA[1]      ; SSTL-15 CLASS I                   ; QSF Assignment ;
; I/O Standard                            ; game_top       ;              ; HPS_DDR3_BA[2]      ; SSTL-15 CLASS I                   ; QSF Assignment ;
; I/O Standard                            ; game_top       ;              ; HPS_DDR3_CAS_N      ; SSTL-15 CLASS I                   ; QSF Assignment ;
; I/O Standard                            ; game_top       ;              ; HPS_DDR3_CKE        ; SSTL-15 CLASS I                   ; QSF Assignment ;
; I/O Standard                            ; game_top       ;              ; HPS_DDR3_CK_N       ; DIFFERENTIAL 1.5-V SSTL CLASS I   ; QSF Assignment ;
; I/O Standard                            ; game_top       ;              ; HPS_DDR3_CK_P       ; DIFFERENTIAL 1.5-V SSTL CLASS I   ; QSF Assignment ;
; I/O Standard                            ; game_top       ;              ; HPS_DDR3_CS_N       ; SSTL-15 CLASS I                   ; QSF Assignment ;
; I/O Standard                            ; game_top       ;              ; HPS_DDR3_DM[0]      ; SSTL-15 CLASS I                   ; QSF Assignment ;
; I/O Standard                            ; game_top       ;              ; HPS_DDR3_DM[1]      ; SSTL-15 CLASS I                   ; QSF Assignment ;
; I/O Standard                            ; game_top       ;              ; HPS_DDR3_DM[2]      ; SSTL-15 CLASS I                   ; QSF Assignment ;
; I/O Standard                            ; game_top       ;              ; HPS_DDR3_DM[3]      ; SSTL-15 CLASS I                   ; QSF Assignment ;
; I/O Standard                            ; game_top       ;              ; HPS_DDR3_DQS_N[0]   ; DIFFERENTIAL 1.5-V SSTL CLASS I   ; QSF Assignment ;
; I/O Standard                            ; game_top       ;              ; HPS_DDR3_DQS_N[1]   ; DIFFERENTIAL 1.5-V SSTL CLASS I   ; QSF Assignment ;
; I/O Standard                            ; game_top       ;              ; HPS_DDR3_DQS_N[2]   ; DIFFERENTIAL 1.5-V SSTL CLASS I   ; QSF Assignment ;
; I/O Standard                            ; game_top       ;              ; HPS_DDR3_DQS_N[3]   ; DIFFERENTIAL 1.5-V SSTL CLASS I   ; QSF Assignment ;
; I/O Standard                            ; game_top       ;              ; HPS_DDR3_DQS_P[0]   ; DIFFERENTIAL 1.5-V SSTL CLASS I   ; QSF Assignment ;
; I/O Standard                            ; game_top       ;              ; HPS_DDR3_DQS_P[1]   ; DIFFERENTIAL 1.5-V SSTL CLASS I   ; QSF Assignment ;
; I/O Standard                            ; game_top       ;              ; HPS_DDR3_DQS_P[2]   ; DIFFERENTIAL 1.5-V SSTL CLASS I   ; QSF Assignment ;
; I/O Standard                            ; game_top       ;              ; HPS_DDR3_DQS_P[3]   ; DIFFERENTIAL 1.5-V SSTL CLASS I   ; QSF Assignment ;
; I/O Standard                            ; game_top       ;              ; HPS_DDR3_DQ[0]      ; SSTL-15 CLASS I                   ; QSF Assignment ;
; I/O Standard                            ; game_top       ;              ; HPS_DDR3_DQ[10]     ; SSTL-15 CLASS I                   ; QSF Assignment ;
; I/O Standard                            ; game_top       ;              ; HPS_DDR3_DQ[11]     ; SSTL-15 CLASS I                   ; QSF Assignment ;
; I/O Standard                            ; game_top       ;              ; HPS_DDR3_DQ[12]     ; SSTL-15 CLASS I                   ; QSF Assignment ;
; I/O Standard                            ; game_top       ;              ; HPS_DDR3_DQ[13]     ; SSTL-15 CLASS I                   ; QSF Assignment ;
; I/O Standard                            ; game_top       ;              ; HPS_DDR3_DQ[14]     ; SSTL-15 CLASS I                   ; QSF Assignment ;
; I/O Standard                            ; game_top       ;              ; HPS_DDR3_DQ[15]     ; SSTL-15 CLASS I                   ; QSF Assignment ;
; I/O Standard                            ; game_top       ;              ; HPS_DDR3_DQ[16]     ; SSTL-15 CLASS I                   ; QSF Assignment ;
; I/O Standard                            ; game_top       ;              ; HPS_DDR3_DQ[17]     ; SSTL-15 CLASS I                   ; QSF Assignment ;
; I/O Standard                            ; game_top       ;              ; HPS_DDR3_DQ[18]     ; SSTL-15 CLASS I                   ; QSF Assignment ;
; I/O Standard                            ; game_top       ;              ; HPS_DDR3_DQ[19]     ; SSTL-15 CLASS I                   ; QSF Assignment ;
; I/O Standard                            ; game_top       ;              ; HPS_DDR3_DQ[1]      ; SSTL-15 CLASS I                   ; QSF Assignment ;
; I/O Standard                            ; game_top       ;              ; HPS_DDR3_DQ[20]     ; SSTL-15 CLASS I                   ; QSF Assignment ;
; I/O Standard                            ; game_top       ;              ; HPS_DDR3_DQ[21]     ; SSTL-15 CLASS I                   ; QSF Assignment ;
; I/O Standard                            ; game_top       ;              ; HPS_DDR3_DQ[22]     ; SSTL-15 CLASS I                   ; QSF Assignment ;
; I/O Standard                            ; game_top       ;              ; HPS_DDR3_DQ[23]     ; SSTL-15 CLASS I                   ; QSF Assignment ;
; I/O Standard                            ; game_top       ;              ; HPS_DDR3_DQ[24]     ; SSTL-15 CLASS I                   ; QSF Assignment ;
; I/O Standard                            ; game_top       ;              ; HPS_DDR3_DQ[25]     ; SSTL-15 CLASS I                   ; QSF Assignment ;
; I/O Standard                            ; game_top       ;              ; HPS_DDR3_DQ[26]     ; SSTL-15 CLASS I                   ; QSF Assignment ;
; I/O Standard                            ; game_top       ;              ; HPS_DDR3_DQ[27]     ; SSTL-15 CLASS I                   ; QSF Assignment ;
; I/O Standard                            ; game_top       ;              ; HPS_DDR3_DQ[28]     ; SSTL-15 CLASS I                   ; QSF Assignment ;
; I/O Standard                            ; game_top       ;              ; HPS_DDR3_DQ[29]     ; SSTL-15 CLASS I                   ; QSF Assignment ;
; I/O Standard                            ; game_top       ;              ; HPS_DDR3_DQ[2]      ; SSTL-15 CLASS I                   ; QSF Assignment ;
; I/O Standard                            ; game_top       ;              ; HPS_DDR3_DQ[30]     ; SSTL-15 CLASS I                   ; QSF Assignment ;
; I/O Standard                            ; game_top       ;              ; HPS_DDR3_DQ[31]     ; SSTL-15 CLASS I                   ; QSF Assignment ;
; I/O Standard                            ; game_top       ;              ; HPS_DDR3_DQ[3]      ; SSTL-15 CLASS I                   ; QSF Assignment ;
; I/O Standard                            ; game_top       ;              ; HPS_DDR3_DQ[4]      ; SSTL-15 CLASS I                   ; QSF Assignment ;
; I/O Standard                            ; game_top       ;              ; HPS_DDR3_DQ[5]      ; SSTL-15 CLASS I                   ; QSF Assignment ;
; I/O Standard                            ; game_top       ;              ; HPS_DDR3_DQ[6]      ; SSTL-15 CLASS I                   ; QSF Assignment ;
; I/O Standard                            ; game_top       ;              ; HPS_DDR3_DQ[7]      ; SSTL-15 CLASS I                   ; QSF Assignment ;
; I/O Standard                            ; game_top       ;              ; HPS_DDR3_DQ[8]      ; SSTL-15 CLASS I                   ; QSF Assignment ;
; I/O Standard                            ; game_top       ;              ; HPS_DDR3_DQ[9]      ; SSTL-15 CLASS I                   ; QSF Assignment ;
; I/O Standard                            ; game_top       ;              ; HPS_DDR3_ODT        ; SSTL-15 CLASS I                   ; QSF Assignment ;
; I/O Standard                            ; game_top       ;              ; HPS_DDR3_RAS_N      ; SSTL-15 CLASS I                   ; QSF Assignment ;
; I/O Standard                            ; game_top       ;              ; HPS_DDR3_RESET_N    ; SSTL-15 CLASS I                   ; QSF Assignment ;
; I/O Standard                            ; game_top       ;              ; HPS_DDR3_RZQ        ; SSTL-15 CLASS I                   ; QSF Assignment ;
; I/O Standard                            ; game_top       ;              ; HPS_DDR3_WE_N       ; SSTL-15 CLASS I                   ; QSF Assignment ;
; I/O Standard                            ; game_top       ;              ; HPS_ENET_GTX_CLK    ; 3.3-V LVTTL                       ; QSF Assignment ;
; I/O Standard                            ; game_top       ;              ; HPS_ENET_INT_N      ; 3.3-V LVTTL                       ; QSF Assignment ;
; I/O Standard                            ; game_top       ;              ; HPS_ENET_MDC        ; 3.3-V LVTTL                       ; QSF Assignment ;
; I/O Standard                            ; game_top       ;              ; HPS_ENET_MDIO       ; 3.3-V LVTTL                       ; QSF Assignment ;
; I/O Standard                            ; game_top       ;              ; HPS_ENET_RX_CLK     ; 3.3-V LVTTL                       ; QSF Assignment ;
; I/O Standard                            ; game_top       ;              ; HPS_ENET_RX_DATA[0] ; 3.3-V LVTTL                       ; QSF Assignment ;
; I/O Standard                            ; game_top       ;              ; HPS_ENET_RX_DATA[1] ; 3.3-V LVTTL                       ; QSF Assignment ;
; I/O Standard                            ; game_top       ;              ; HPS_ENET_RX_DATA[2] ; 3.3-V LVTTL                       ; QSF Assignment ;
; I/O Standard                            ; game_top       ;              ; HPS_ENET_RX_DATA[3] ; 3.3-V LVTTL                       ; QSF Assignment ;
; I/O Standard                            ; game_top       ;              ; HPS_ENET_RX_DV      ; 3.3-V LVTTL                       ; QSF Assignment ;
; I/O Standard                            ; game_top       ;              ; HPS_ENET_TX_DATA[0] ; 3.3-V LVTTL                       ; QSF Assignment ;
; I/O Standard                            ; game_top       ;              ; HPS_ENET_TX_DATA[1] ; 3.3-V LVTTL                       ; QSF Assignment ;
; I/O Standard                            ; game_top       ;              ; HPS_ENET_TX_DATA[2] ; 3.3-V LVTTL                       ; QSF Assignment ;
; I/O Standard                            ; game_top       ;              ; HPS_ENET_TX_DATA[3] ; 3.3-V LVTTL                       ; QSF Assignment ;
; I/O Standard                            ; game_top       ;              ; HPS_ENET_TX_EN      ; 3.3-V LVTTL                       ; QSF Assignment ;
; I/O Standard                            ; game_top       ;              ; HPS_FLASH_DATA[0]   ; 3.3-V LVTTL                       ; QSF Assignment ;
; I/O Standard                            ; game_top       ;              ; HPS_FLASH_DATA[1]   ; 3.3-V LVTTL                       ; QSF Assignment ;
; I/O Standard                            ; game_top       ;              ; HPS_FLASH_DATA[2]   ; 3.3-V LVTTL                       ; QSF Assignment ;
; I/O Standard                            ; game_top       ;              ; HPS_FLASH_DATA[3]   ; 3.3-V LVTTL                       ; QSF Assignment ;
; I/O Standard                            ; game_top       ;              ; HPS_FLASH_DCLK      ; 3.3-V LVTTL                       ; QSF Assignment ;
; I/O Standard                            ; game_top       ;              ; HPS_FLASH_NCSO      ; 3.3-V LVTTL                       ; QSF Assignment ;
; I/O Standard                            ; game_top       ;              ; HPS_GPIO[0]         ; 3.3-V LVTTL                       ; QSF Assignment ;
; I/O Standard                            ; game_top       ;              ; HPS_GPIO[1]         ; 3.3-V LVTTL                       ; QSF Assignment ;
; I/O Standard                            ; game_top       ;              ; HPS_GSENSOR_INT     ; 3.3-V LVTTL                       ; QSF Assignment ;
; I/O Standard                            ; game_top       ;              ; HPS_I2C1_SCLK       ; 3.3-V LVTTL                       ; QSF Assignment ;
; I/O Standard                            ; game_top       ;              ; HPS_I2C1_SDAT       ; 3.3-V LVTTL                       ; QSF Assignment ;
; I/O Standard                            ; game_top       ;              ; HPS_I2C2_SCLK       ; 3.3-V LVTTL                       ; QSF Assignment ;
; I/O Standard                            ; game_top       ;              ; HPS_I2C2_SDAT       ; 3.3-V LVTTL                       ; QSF Assignment ;
; I/O Standard                            ; game_top       ;              ; HPS_I2C_CONTROL     ; 3.3-V LVTTL                       ; QSF Assignment ;
; I/O Standard                            ; game_top       ;              ; HPS_KEY             ; 3.3-V LVTTL                       ; QSF Assignment ;
; I/O Standard                            ; game_top       ;              ; HPS_LED             ; 3.3-V LVTTL                       ; QSF Assignment ;
; I/O Standard                            ; game_top       ;              ; HPS_LTC_GPIO        ; 3.3-V LVTTL                       ; QSF Assignment ;
; I/O Standard                            ; game_top       ;              ; HPS_SD_CLK          ; 3.3-V LVTTL                       ; QSF Assignment ;
; I/O Standard                            ; game_top       ;              ; HPS_SD_CMD          ; 3.3-V LVTTL                       ; QSF Assignment ;
; I/O Standard                            ; game_top       ;              ; HPS_SD_DATA[0]      ; 3.3-V LVTTL                       ; QSF Assignment ;
; I/O Standard                            ; game_top       ;              ; HPS_SD_DATA[1]      ; 3.3-V LVTTL                       ; QSF Assignment ;
; I/O Standard                            ; game_top       ;              ; HPS_SD_DATA[2]      ; 3.3-V LVTTL                       ; QSF Assignment ;
; I/O Standard                            ; game_top       ;              ; HPS_SD_DATA[3]      ; 3.3-V LVTTL                       ; QSF Assignment ;
; I/O Standard                            ; game_top       ;              ; HPS_SPIM_CLK        ; 3.3-V LVTTL                       ; QSF Assignment ;
; I/O Standard                            ; game_top       ;              ; HPS_SPIM_MISO       ; 3.3-V LVTTL                       ; QSF Assignment ;
; I/O Standard                            ; game_top       ;              ; HPS_SPIM_MOSI       ; 3.3-V LVTTL                       ; QSF Assignment ;
; I/O Standard                            ; game_top       ;              ; HPS_SPIM_SS         ; 3.3-V LVTTL                       ; QSF Assignment ;
; I/O Standard                            ; game_top       ;              ; HPS_UART_RX         ; 3.3-V LVTTL                       ; QSF Assignment ;
; I/O Standard                            ; game_top       ;              ; HPS_UART_TX         ; 3.3-V LVTTL                       ; QSF Assignment ;
; I/O Standard                            ; game_top       ;              ; HPS_USB_CLKOUT      ; 3.3-V LVTTL                       ; QSF Assignment ;
; I/O Standard                            ; game_top       ;              ; HPS_USB_DATA[0]     ; 3.3-V LVTTL                       ; QSF Assignment ;
; I/O Standard                            ; game_top       ;              ; HPS_USB_DATA[1]     ; 3.3-V LVTTL                       ; QSF Assignment ;
; I/O Standard                            ; game_top       ;              ; HPS_USB_DATA[2]     ; 3.3-V LVTTL                       ; QSF Assignment ;
; I/O Standard                            ; game_top       ;              ; HPS_USB_DATA[3]     ; 3.3-V LVTTL                       ; QSF Assignment ;
; I/O Standard                            ; game_top       ;              ; HPS_USB_DATA[4]     ; 3.3-V LVTTL                       ; QSF Assignment ;
; I/O Standard                            ; game_top       ;              ; HPS_USB_DATA[5]     ; 3.3-V LVTTL                       ; QSF Assignment ;
; I/O Standard                            ; game_top       ;              ; HPS_USB_DATA[6]     ; 3.3-V LVTTL                       ; QSF Assignment ;
; I/O Standard                            ; game_top       ;              ; HPS_USB_DATA[7]     ; 3.3-V LVTTL                       ; QSF Assignment ;
; I/O Standard                            ; game_top       ;              ; HPS_USB_DIR         ; 3.3-V LVTTL                       ; QSF Assignment ;
; I/O Standard                            ; game_top       ;              ; HPS_USB_NXT         ; 3.3-V LVTTL                       ; QSF Assignment ;
; I/O Standard                            ; game_top       ;              ; HPS_USB_STP         ; 3.3-V LVTTL                       ; QSF Assignment ;
; I/O Standard                            ; game_top       ;              ; IRDA_RXD            ; 3.3-V LVTTL                       ; QSF Assignment ;
; I/O Standard                            ; game_top       ;              ; IRDA_TXD            ; 3.3-V LVTTL                       ; QSF Assignment ;
; I/O Standard                            ; game_top       ;              ; LEDR[0]             ; 3.3-V LVTTL                       ; QSF Assignment ;
; I/O Standard                            ; game_top       ;              ; LEDR[1]             ; 3.3-V LVTTL                       ; QSF Assignment ;
; I/O Standard                            ; game_top       ;              ; LEDR[2]             ; 3.3-V LVTTL                       ; QSF Assignment ;
; I/O Standard                            ; game_top       ;              ; LEDR[3]             ; 3.3-V LVTTL                       ; QSF Assignment ;
; I/O Standard                            ; game_top       ;              ; LEDR[4]             ; 3.3-V LVTTL                       ; QSF Assignment ;
; I/O Standard                            ; game_top       ;              ; LEDR[5]             ; 3.3-V LVTTL                       ; QSF Assignment ;
; I/O Standard                            ; game_top       ;              ; LEDR[6]             ; 3.3-V LVTTL                       ; QSF Assignment ;
; I/O Standard                            ; game_top       ;              ; LEDR[7]             ; 3.3-V LVTTL                       ; QSF Assignment ;
; I/O Standard                            ; game_top       ;              ; LEDR[8]             ; 3.3-V LVTTL                       ; QSF Assignment ;
; I/O Standard                            ; game_top       ;              ; LEDR[9]             ; 3.3-V LVTTL                       ; QSF Assignment ;
; I/O Standard                            ; game_top       ;              ; PS2_CLK             ; 3.3-V LVTTL                       ; QSF Assignment ;
; I/O Standard                            ; game_top       ;              ; PS2_CLK2            ; 3.3-V LVTTL                       ; QSF Assignment ;
; I/O Standard                            ; game_top       ;              ; PS2_DAT             ; 3.3-V LVTTL                       ; QSF Assignment ;
; I/O Standard                            ; game_top       ;              ; PS2_DAT2            ; 3.3-V LVTTL                       ; QSF Assignment ;
; I/O Standard                            ; game_top       ;              ; TD_CLK27            ; 3.3-V LVTTL                       ; QSF Assignment ;
; I/O Standard                            ; game_top       ;              ; TD_DATA[0]          ; 3.3-V LVTTL                       ; QSF Assignment ;
; I/O Standard                            ; game_top       ;              ; TD_DATA[1]          ; 3.3-V LVTTL                       ; QSF Assignment ;
; I/O Standard                            ; game_top       ;              ; TD_DATA[2]          ; 3.3-V LVTTL                       ; QSF Assignment ;
; I/O Standard                            ; game_top       ;              ; TD_DATA[3]          ; 3.3-V LVTTL                       ; QSF Assignment ;
; I/O Standard                            ; game_top       ;              ; TD_DATA[4]          ; 3.3-V LVTTL                       ; QSF Assignment ;
; I/O Standard                            ; game_top       ;              ; TD_DATA[5]          ; 3.3-V LVTTL                       ; QSF Assignment ;
; I/O Standard                            ; game_top       ;              ; TD_DATA[6]          ; 3.3-V LVTTL                       ; QSF Assignment ;
; I/O Standard                            ; game_top       ;              ; TD_DATA[7]          ; 3.3-V LVTTL                       ; QSF Assignment ;
; I/O Standard                            ; game_top       ;              ; TD_HS               ; 3.3-V LVTTL                       ; QSF Assignment ;
; I/O Standard                            ; game_top       ;              ; TD_RESET_N          ; 3.3-V LVTTL                       ; QSF Assignment ;
; I/O Standard                            ; game_top       ;              ; TD_VS               ; 3.3-V LVTTL                       ; QSF Assignment ;
; I/O Standard                            ; game_top       ;              ; USB_B2_CLK          ; 3.3-V LVTTL                       ; QSF Assignment ;
; I/O Standard                            ; game_top       ;              ; USB_B2_DATA[0]      ; 3.3-V LVTTL                       ; QSF Assignment ;
; I/O Standard                            ; game_top       ;              ; USB_B2_DATA[1]      ; 3.3-V LVTTL                       ; QSF Assignment ;
; I/O Standard                            ; game_top       ;              ; USB_B2_DATA[2]      ; 3.3-V LVTTL                       ; QSF Assignment ;
; I/O Standard                            ; game_top       ;              ; USB_B2_DATA[3]      ; 3.3-V LVTTL                       ; QSF Assignment ;
; I/O Standard                            ; game_top       ;              ; USB_B2_DATA[4]      ; 3.3-V LVTTL                       ; QSF Assignment ;
; I/O Standard                            ; game_top       ;              ; USB_B2_DATA[5]      ; 3.3-V LVTTL                       ; QSF Assignment ;
; I/O Standard                            ; game_top       ;              ; USB_B2_DATA[6]      ; 3.3-V LVTTL                       ; QSF Assignment ;
; I/O Standard                            ; game_top       ;              ; USB_B2_DATA[7]      ; 3.3-V LVTTL                       ; QSF Assignment ;
; I/O Standard                            ; game_top       ;              ; USB_EMPTY           ; 3.3-V LVTTL                       ; QSF Assignment ;
; I/O Standard                            ; game_top       ;              ; USB_FULL            ; 3.3-V LVTTL                       ; QSF Assignment ;
; I/O Standard                            ; game_top       ;              ; USB_OE_N            ; 3.3-V LVTTL                       ; QSF Assignment ;
; I/O Standard                            ; game_top       ;              ; USB_RD_N            ; 3.3-V LVTTL                       ; QSF Assignment ;
; I/O Standard                            ; game_top       ;              ; USB_RESET_N         ; 3.3-V LVTTL                       ; QSF Assignment ;
; I/O Standard                            ; game_top       ;              ; USB_SCL             ; 3.3-V LVTTL                       ; QSF Assignment ;
; I/O Standard                            ; game_top       ;              ; USB_SDA             ; 3.3-V LVTTL                       ; QSF Assignment ;
; I/O Standard                            ; game_top       ;              ; USB_WR_N            ; 3.3-V LVTTL                       ; QSF Assignment ;
; Current Strength                        ; game_top       ;              ; HPS_DDR3_ADDR[0]    ; MAXIMUM CURRENT                   ; QSF Assignment ;
; Current Strength                        ; game_top       ;              ; HPS_DDR3_ADDR[10]   ; MAXIMUM CURRENT                   ; QSF Assignment ;
; Current Strength                        ; game_top       ;              ; HPS_DDR3_ADDR[11]   ; MAXIMUM CURRENT                   ; QSF Assignment ;
; Current Strength                        ; game_top       ;              ; HPS_DDR3_ADDR[12]   ; MAXIMUM CURRENT                   ; QSF Assignment ;
; Current Strength                        ; game_top       ;              ; HPS_DDR3_ADDR[13]   ; MAXIMUM CURRENT                   ; QSF Assignment ;
; Current Strength                        ; game_top       ;              ; HPS_DDR3_ADDR[14]   ; MAXIMUM CURRENT                   ; QSF Assignment ;
; Current Strength                        ; game_top       ;              ; HPS_DDR3_ADDR[1]    ; MAXIMUM CURRENT                   ; QSF Assignment ;
; Current Strength                        ; game_top       ;              ; HPS_DDR3_ADDR[2]    ; MAXIMUM CURRENT                   ; QSF Assignment ;
; Current Strength                        ; game_top       ;              ; HPS_DDR3_ADDR[3]    ; MAXIMUM CURRENT                   ; QSF Assignment ;
; Current Strength                        ; game_top       ;              ; HPS_DDR3_ADDR[4]    ; MAXIMUM CURRENT                   ; QSF Assignment ;
; Current Strength                        ; game_top       ;              ; HPS_DDR3_ADDR[5]    ; MAXIMUM CURRENT                   ; QSF Assignment ;
; Current Strength                        ; game_top       ;              ; HPS_DDR3_ADDR[6]    ; MAXIMUM CURRENT                   ; QSF Assignment ;
; Current Strength                        ; game_top       ;              ; HPS_DDR3_ADDR[7]    ; MAXIMUM CURRENT                   ; QSF Assignment ;
; Current Strength                        ; game_top       ;              ; HPS_DDR3_ADDR[8]    ; MAXIMUM CURRENT                   ; QSF Assignment ;
; Current Strength                        ; game_top       ;              ; HPS_DDR3_ADDR[9]    ; MAXIMUM CURRENT                   ; QSF Assignment ;
; Current Strength                        ; game_top       ;              ; HPS_DDR3_BA[0]      ; MAXIMUM CURRENT                   ; QSF Assignment ;
; Current Strength                        ; game_top       ;              ; HPS_DDR3_BA[1]      ; MAXIMUM CURRENT                   ; QSF Assignment ;
; Current Strength                        ; game_top       ;              ; HPS_DDR3_BA[2]      ; MAXIMUM CURRENT                   ; QSF Assignment ;
; Current Strength                        ; game_top       ;              ; HPS_DDR3_CAS_N      ; MAXIMUM CURRENT                   ; QSF Assignment ;
; Current Strength                        ; game_top       ;              ; HPS_DDR3_CKE        ; MAXIMUM CURRENT                   ; QSF Assignment ;
; Current Strength                        ; game_top       ;              ; HPS_DDR3_CS_N       ; MAXIMUM CURRENT                   ; QSF Assignment ;
; Current Strength                        ; game_top       ;              ; HPS_DDR3_ODT        ; MAXIMUM CURRENT                   ; QSF Assignment ;
; Current Strength                        ; game_top       ;              ; HPS_DDR3_RAS_N      ; MAXIMUM CURRENT                   ; QSF Assignment ;
; Current Strength                        ; game_top       ;              ; HPS_DDR3_RESET_N    ; MAXIMUM CURRENT                   ; QSF Assignment ;
; Current Strength                        ; game_top       ;              ; HPS_DDR3_WE_N       ; MAXIMUM CURRENT                   ; QSF Assignment ;
; Input Termination                       ; game_top       ;              ; HPS_DDR3_DQS_N[0]   ; PARALLEL 50 OHM WITH CALIBRATION  ; QSF Assignment ;
; Input Termination                       ; game_top       ;              ; HPS_DDR3_DQS_N[1]   ; PARALLEL 50 OHM WITH CALIBRATION  ; QSF Assignment ;
; Input Termination                       ; game_top       ;              ; HPS_DDR3_DQS_N[2]   ; PARALLEL 50 OHM WITH CALIBRATION  ; QSF Assignment ;
; Input Termination                       ; game_top       ;              ; HPS_DDR3_DQS_N[3]   ; PARALLEL 50 OHM WITH CALIBRATION  ; QSF Assignment ;
; Input Termination                       ; game_top       ;              ; HPS_DDR3_DQS_P[0]   ; PARALLEL 50 OHM WITH CALIBRATION  ; QSF Assignment ;
; Input Termination                       ; game_top       ;              ; HPS_DDR3_DQS_P[1]   ; PARALLEL 50 OHM WITH CALIBRATION  ; QSF Assignment ;
; Input Termination                       ; game_top       ;              ; HPS_DDR3_DQS_P[2]   ; PARALLEL 50 OHM WITH CALIBRATION  ; QSF Assignment ;
; Input Termination                       ; game_top       ;              ; HPS_DDR3_DQS_P[3]   ; PARALLEL 50 OHM WITH CALIBRATION  ; QSF Assignment ;
; Input Termination                       ; game_top       ;              ; HPS_DDR3_DQ[0]      ; PARALLEL 50 OHM WITH CALIBRATION  ; QSF Assignment ;
; Input Termination                       ; game_top       ;              ; HPS_DDR3_DQ[10]     ; PARALLEL 50 OHM WITH CALIBRATION  ; QSF Assignment ;
; Input Termination                       ; game_top       ;              ; HPS_DDR3_DQ[11]     ; PARALLEL 50 OHM WITH CALIBRATION  ; QSF Assignment ;
; Input Termination                       ; game_top       ;              ; HPS_DDR3_DQ[12]     ; PARALLEL 50 OHM WITH CALIBRATION  ; QSF Assignment ;
; Input Termination                       ; game_top       ;              ; HPS_DDR3_DQ[13]     ; PARALLEL 50 OHM WITH CALIBRATION  ; QSF Assignment ;
; Input Termination                       ; game_top       ;              ; HPS_DDR3_DQ[14]     ; PARALLEL 50 OHM WITH CALIBRATION  ; QSF Assignment ;
; Input Termination                       ; game_top       ;              ; HPS_DDR3_DQ[15]     ; PARALLEL 50 OHM WITH CALIBRATION  ; QSF Assignment ;
; Input Termination                       ; game_top       ;              ; HPS_DDR3_DQ[16]     ; PARALLEL 50 OHM WITH CALIBRATION  ; QSF Assignment ;
; Input Termination                       ; game_top       ;              ; HPS_DDR3_DQ[17]     ; PARALLEL 50 OHM WITH CALIBRATION  ; QSF Assignment ;
; Input Termination                       ; game_top       ;              ; HPS_DDR3_DQ[18]     ; PARALLEL 50 OHM WITH CALIBRATION  ; QSF Assignment ;
; Input Termination                       ; game_top       ;              ; HPS_DDR3_DQ[19]     ; PARALLEL 50 OHM WITH CALIBRATION  ; QSF Assignment ;
; Input Termination                       ; game_top       ;              ; HPS_DDR3_DQ[1]      ; PARALLEL 50 OHM WITH CALIBRATION  ; QSF Assignment ;
; Input Termination                       ; game_top       ;              ; HPS_DDR3_DQ[20]     ; PARALLEL 50 OHM WITH CALIBRATION  ; QSF Assignment ;
; Input Termination                       ; game_top       ;              ; HPS_DDR3_DQ[21]     ; PARALLEL 50 OHM WITH CALIBRATION  ; QSF Assignment ;
; Input Termination                       ; game_top       ;              ; HPS_DDR3_DQ[22]     ; PARALLEL 50 OHM WITH CALIBRATION  ; QSF Assignment ;
; Input Termination                       ; game_top       ;              ; HPS_DDR3_DQ[23]     ; PARALLEL 50 OHM WITH CALIBRATION  ; QSF Assignment ;
; Input Termination                       ; game_top       ;              ; HPS_DDR3_DQ[24]     ; PARALLEL 50 OHM WITH CALIBRATION  ; QSF Assignment ;
; Input Termination                       ; game_top       ;              ; HPS_DDR3_DQ[25]     ; PARALLEL 50 OHM WITH CALIBRATION  ; QSF Assignment ;
; Input Termination                       ; game_top       ;              ; HPS_DDR3_DQ[26]     ; PARALLEL 50 OHM WITH CALIBRATION  ; QSF Assignment ;
; Input Termination                       ; game_top       ;              ; HPS_DDR3_DQ[27]     ; PARALLEL 50 OHM WITH CALIBRATION  ; QSF Assignment ;
; Input Termination                       ; game_top       ;              ; HPS_DDR3_DQ[28]     ; PARALLEL 50 OHM WITH CALIBRATION  ; QSF Assignment ;
; Input Termination                       ; game_top       ;              ; HPS_DDR3_DQ[29]     ; PARALLEL 50 OHM WITH CALIBRATION  ; QSF Assignment ;
; Input Termination                       ; game_top       ;              ; HPS_DDR3_DQ[2]      ; PARALLEL 50 OHM WITH CALIBRATION  ; QSF Assignment ;
; Input Termination                       ; game_top       ;              ; HPS_DDR3_DQ[30]     ; PARALLEL 50 OHM WITH CALIBRATION  ; QSF Assignment ;
; Input Termination                       ; game_top       ;              ; HPS_DDR3_DQ[31]     ; PARALLEL 50 OHM WITH CALIBRATION  ; QSF Assignment ;
; Input Termination                       ; game_top       ;              ; HPS_DDR3_DQ[3]      ; PARALLEL 50 OHM WITH CALIBRATION  ; QSF Assignment ;
; Input Termination                       ; game_top       ;              ; HPS_DDR3_DQ[4]      ; PARALLEL 50 OHM WITH CALIBRATION  ; QSF Assignment ;
; Input Termination                       ; game_top       ;              ; HPS_DDR3_DQ[5]      ; PARALLEL 50 OHM WITH CALIBRATION  ; QSF Assignment ;
; Input Termination                       ; game_top       ;              ; HPS_DDR3_DQ[6]      ; PARALLEL 50 OHM WITH CALIBRATION  ; QSF Assignment ;
; Input Termination                       ; game_top       ;              ; HPS_DDR3_DQ[7]      ; PARALLEL 50 OHM WITH CALIBRATION  ; QSF Assignment ;
; Input Termination                       ; game_top       ;              ; HPS_DDR3_DQ[8]      ; PARALLEL 50 OHM WITH CALIBRATION  ; QSF Assignment ;
; Input Termination                       ; game_top       ;              ; HPS_DDR3_DQ[9]      ; PARALLEL 50 OHM WITH CALIBRATION  ; QSF Assignment ;
; Output Termination                      ; game_top       ;              ; HPS_DDR3_CK_N       ; SERIES 50 OHM WITHOUT CALIBRATION ; QSF Assignment ;
; Output Termination                      ; game_top       ;              ; HPS_DDR3_CK_P       ; SERIES 50 OHM WITHOUT CALIBRATION ; QSF Assignment ;
; Output Termination                      ; game_top       ;              ; HPS_DDR3_DM[0]      ; SERIES 50 OHM WITH CALIBRATION    ; QSF Assignment ;
; Output Termination                      ; game_top       ;              ; HPS_DDR3_DM[1]      ; SERIES 50 OHM WITH CALIBRATION    ; QSF Assignment ;
; Output Termination                      ; game_top       ;              ; HPS_DDR3_DM[2]      ; SERIES 50 OHM WITH CALIBRATION    ; QSF Assignment ;
; Output Termination                      ; game_top       ;              ; HPS_DDR3_DM[3]      ; SERIES 50 OHM WITH CALIBRATION    ; QSF Assignment ;
; Output Termination                      ; game_top       ;              ; HPS_DDR3_DQS_N[0]   ; SERIES 50 OHM WITH CALIBRATION    ; QSF Assignment ;
; Output Termination                      ; game_top       ;              ; HPS_DDR3_DQS_N[1]   ; SERIES 50 OHM WITH CALIBRATION    ; QSF Assignment ;
; Output Termination                      ; game_top       ;              ; HPS_DDR3_DQS_N[2]   ; SERIES 50 OHM WITH CALIBRATION    ; QSF Assignment ;
; Output Termination                      ; game_top       ;              ; HPS_DDR3_DQS_N[3]   ; SERIES 50 OHM WITH CALIBRATION    ; QSF Assignment ;
; Output Termination                      ; game_top       ;              ; HPS_DDR3_DQS_P[0]   ; SERIES 50 OHM WITH CALIBRATION    ; QSF Assignment ;
; Output Termination                      ; game_top       ;              ; HPS_DDR3_DQS_P[1]   ; SERIES 50 OHM WITH CALIBRATION    ; QSF Assignment ;
; Output Termination                      ; game_top       ;              ; HPS_DDR3_DQS_P[2]   ; SERIES 50 OHM WITH CALIBRATION    ; QSF Assignment ;
; Output Termination                      ; game_top       ;              ; HPS_DDR3_DQS_P[3]   ; SERIES 50 OHM WITH CALIBRATION    ; QSF Assignment ;
; Output Termination                      ; game_top       ;              ; HPS_DDR3_DQ[0]      ; SERIES 50 OHM WITH CALIBRATION    ; QSF Assignment ;
; Output Termination                      ; game_top       ;              ; HPS_DDR3_DQ[10]     ; SERIES 50 OHM WITH CALIBRATION    ; QSF Assignment ;
; Output Termination                      ; game_top       ;              ; HPS_DDR3_DQ[11]     ; SERIES 50 OHM WITH CALIBRATION    ; QSF Assignment ;
; Output Termination                      ; game_top       ;              ; HPS_DDR3_DQ[12]     ; SERIES 50 OHM WITH CALIBRATION    ; QSF Assignment ;
; Output Termination                      ; game_top       ;              ; HPS_DDR3_DQ[13]     ; SERIES 50 OHM WITH CALIBRATION    ; QSF Assignment ;
; Output Termination                      ; game_top       ;              ; HPS_DDR3_DQ[14]     ; SERIES 50 OHM WITH CALIBRATION    ; QSF Assignment ;
; Output Termination                      ; game_top       ;              ; HPS_DDR3_DQ[15]     ; SERIES 50 OHM WITH CALIBRATION    ; QSF Assignment ;
; Output Termination                      ; game_top       ;              ; HPS_DDR3_DQ[16]     ; SERIES 50 OHM WITH CALIBRATION    ; QSF Assignment ;
; Output Termination                      ; game_top       ;              ; HPS_DDR3_DQ[17]     ; SERIES 50 OHM WITH CALIBRATION    ; QSF Assignment ;
; Output Termination                      ; game_top       ;              ; HPS_DDR3_DQ[18]     ; SERIES 50 OHM WITH CALIBRATION    ; QSF Assignment ;
; Output Termination                      ; game_top       ;              ; HPS_DDR3_DQ[19]     ; SERIES 50 OHM WITH CALIBRATION    ; QSF Assignment ;
; Output Termination                      ; game_top       ;              ; HPS_DDR3_DQ[1]      ; SERIES 50 OHM WITH CALIBRATION    ; QSF Assignment ;
; Output Termination                      ; game_top       ;              ; HPS_DDR3_DQ[20]     ; SERIES 50 OHM WITH CALIBRATION    ; QSF Assignment ;
; Output Termination                      ; game_top       ;              ; HPS_DDR3_DQ[21]     ; SERIES 50 OHM WITH CALIBRATION    ; QSF Assignment ;
; Output Termination                      ; game_top       ;              ; HPS_DDR3_DQ[22]     ; SERIES 50 OHM WITH CALIBRATION    ; QSF Assignment ;
; Output Termination                      ; game_top       ;              ; HPS_DDR3_DQ[23]     ; SERIES 50 OHM WITH CALIBRATION    ; QSF Assignment ;
; Output Termination                      ; game_top       ;              ; HPS_DDR3_DQ[24]     ; SERIES 50 OHM WITH CALIBRATION    ; QSF Assignment ;
; Output Termination                      ; game_top       ;              ; HPS_DDR3_DQ[25]     ; SERIES 50 OHM WITH CALIBRATION    ; QSF Assignment ;
; Output Termination                      ; game_top       ;              ; HPS_DDR3_DQ[26]     ; SERIES 50 OHM WITH CALIBRATION    ; QSF Assignment ;
; Output Termination                      ; game_top       ;              ; HPS_DDR3_DQ[27]     ; SERIES 50 OHM WITH CALIBRATION    ; QSF Assignment ;
; Output Termination                      ; game_top       ;              ; HPS_DDR3_DQ[28]     ; SERIES 50 OHM WITH CALIBRATION    ; QSF Assignment ;
; Output Termination                      ; game_top       ;              ; HPS_DDR3_DQ[29]     ; SERIES 50 OHM WITH CALIBRATION    ; QSF Assignment ;
; Output Termination                      ; game_top       ;              ; HPS_DDR3_DQ[2]      ; SERIES 50 OHM WITH CALIBRATION    ; QSF Assignment ;
; Output Termination                      ; game_top       ;              ; HPS_DDR3_DQ[30]     ; SERIES 50 OHM WITH CALIBRATION    ; QSF Assignment ;
; Output Termination                      ; game_top       ;              ; HPS_DDR3_DQ[31]     ; SERIES 50 OHM WITH CALIBRATION    ; QSF Assignment ;
; Output Termination                      ; game_top       ;              ; HPS_DDR3_DQ[3]      ; SERIES 50 OHM WITH CALIBRATION    ; QSF Assignment ;
; Output Termination                      ; game_top       ;              ; HPS_DDR3_DQ[4]      ; SERIES 50 OHM WITH CALIBRATION    ; QSF Assignment ;
; Output Termination                      ; game_top       ;              ; HPS_DDR3_DQ[5]      ; SERIES 50 OHM WITH CALIBRATION    ; QSF Assignment ;
; Output Termination                      ; game_top       ;              ; HPS_DDR3_DQ[6]      ; SERIES 50 OHM WITH CALIBRATION    ; QSF Assignment ;
; Output Termination                      ; game_top       ;              ; HPS_DDR3_DQ[7]      ; SERIES 50 OHM WITH CALIBRATION    ; QSF Assignment ;
; Output Termination                      ; game_top       ;              ; HPS_DDR3_DQ[8]      ; SERIES 50 OHM WITH CALIBRATION    ; QSF Assignment ;
; Output Termination                      ; game_top       ;              ; HPS_DDR3_DQ[9]      ; SERIES 50 OHM WITH CALIBRATION    ; QSF Assignment ;
; D5 Delay (output register to io buffer) ; game_top       ;              ; HPS_DDR3_CK_N       ; 2                                 ; QSF Assignment ;
; D5 Delay (output register to io buffer) ; game_top       ;              ; HPS_DDR3_CK_P       ; 2                                 ; QSF Assignment ;
+-----------------------------------------+----------------+--------------+---------------------+-----------------------------------+----------------+


+----------------------------------------------------------------------------------------------------+
; Incremental Compilation Preservation Summary                                                       ;
+---------------------+----------------------+----------------------------+--------------------------+
; Type                ; Total [A + B]        ; From Design Partitions [A] ; From Rapid Recompile [B] ;
+---------------------+----------------------+----------------------------+--------------------------+
; Placement (by node) ;                      ;                            ;                          ;
;     -- Requested    ; 0.00 % ( 0 / 10009 ) ; 0.00 % ( 0 / 10009 )       ; 0.00 % ( 0 / 10009 )     ;
;     -- Achieved     ; 0.00 % ( 0 / 10009 ) ; 0.00 % ( 0 / 10009 )       ; 0.00 % ( 0 / 10009 )     ;
;                     ;                      ;                            ;                          ;
; Routing (by net)    ;                      ;                            ;                          ;
;     -- Requested    ; 0.00 % ( 0 / 0 )     ; 0.00 % ( 0 / 0 )           ; 0.00 % ( 0 / 0 )         ;
;     -- Achieved     ; 0.00 % ( 0 / 0 )     ; 0.00 % ( 0 / 0 )           ; 0.00 % ( 0 / 0 )         ;
+---------------------+----------------------+----------------------------+--------------------------+


+----------------------------------------------------------------------------------------------------------------------------------------------------------------------------------------+
; Incremental Compilation Partition Settings                                                                                                                                             ;
+--------------------------------+----------------+-------------------+-------------------------+------------------------+------------------------------+--------------------------------+
; Partition Name                 ; Partition Type ; Netlist Type Used ; Preservation Level Used ; Netlist Type Requested ; Preservation Level Requested ; Contents                       ;
+--------------------------------+----------------+-------------------+-------------------------+------------------------+------------------------------+--------------------------------+
; Top                            ; User-created   ; Source File       ; N/A                     ; Source File            ; N/A                          ;                                ;
; hard_block:auto_generated_inst ; Auto-generated ; Source File       ; N/A                     ; Source File            ; N/A                          ; hard_block:auto_generated_inst ;
+--------------------------------+----------------+-------------------+-------------------------+------------------------+------------------------------+--------------------------------+


+------------------------------------------------------------------------------------------------------------------------------------+
; Incremental Compilation Placement Preservation                                                                                     ;
+--------------------------------+-----------------------+-------------------------+-------------------+---------------------+-------+
; Partition Name                 ; Preservation Achieved ; Preservation Level Used ; Netlist Type Used ; Preservation Method ; Notes ;
+--------------------------------+-----------------------+-------------------------+-------------------+---------------------+-------+
; Top                            ; 0.00 % ( 0 / 9996 )   ; N/A                     ; Source File       ; N/A                 ;       ;
; hard_block:auto_generated_inst ; 0.00 % ( 0 / 13 )     ; N/A                     ; Source File       ; N/A                 ;       ;
+--------------------------------+-----------------------+-------------------------+-------------------+---------------------+-------+


+--------------+
; Pin-Out File ;
+--------------+
The pin-out file can be found in C:/Projects/quartus/ele432project_vga/output_files/ele432project_vga.pin.


+---------------------------------------------------------------------------------------------+
; Fitter Resource Usage Summary                                                               ;
+-------------------------------------------------------------+-----------------------+-------+
; Resource                                                    ; Usage                 ; %     ;
+-------------------------------------------------------------+-----------------------+-------+
; Logic utilization (ALMs needed / total ALMs on device)      ; 4,878 / 32,070        ; 15 %  ;
; ALMs needed [=A-B+C]                                        ; 4,878                 ;       ;
;     [A] ALMs used in final placement [=a+b+c+d]             ; 5,052 / 32,070        ; 16 %  ;
;         [a] ALMs used for LUT logic and registers           ; 775                   ;       ;
;         [b] ALMs used for LUT logic                         ; 4,163                 ;       ;
;         [c] ALMs used for registers                         ; 114                   ;       ;
;         [d] ALMs used for memory (up to half of total ALMs) ; 0                     ;       ;
;     [B] Estimate of ALMs recoverable by dense packing       ; 186 / 32,070          ; < 1 % ;
;     [C] Estimate of ALMs unavailable [=a+b+c+d]             ; 12 / 32,070           ; < 1 % ;
;         [a] Due to location constrained logic               ; 0                     ;       ;
;         [b] Due to LAB-wide signal conflicts                ; 0                     ;       ;
;         [c] Due to LAB input limits                         ; 12                    ;       ;
;         [d] Due to virtual I/Os                             ; 0                     ;       ;
;                                                             ;                       ;       ;
; Difficulty packing design                                   ; Low                   ;       ;
;                                                             ;                       ;       ;
; Total LABs:  partially or completely used                   ; 628 / 3,207           ; 20 %  ;
;     -- Logic LABs                                           ; 628                   ;       ;
;     -- Memory LABs (up to half of total LABs)               ; 0                     ;       ;
;                                                             ;                       ;       ;
; Combinational ALUT usage for logic                          ; 8,031                 ;       ;
;     -- 7 input functions                                    ; 204                   ;       ;
;     -- 6 input functions                                    ; 1,489                 ;       ;
;     -- 5 input functions                                    ; 2,085                 ;       ;
;     -- 4 input functions                                    ; 1,103                 ;       ;
;     -- <=3 input functions                                  ; 3,150                 ;       ;
; Combinational ALUT usage for route-throughs                 ; 68                    ;       ;
;                                                             ;                       ;       ;
; Dedicated logic registers                                   ; 1,838                 ;       ;
;     -- By type:                                             ;                       ;       ;
;         -- Primary logic registers                          ; 1,778 / 64,140        ; 3 %   ;
;         -- Secondary logic registers                        ; 60 / 64,140           ; < 1 % ;
;     -- By function:                                         ;                       ;       ;
;         -- Design implementation registers                  ; 1,782                 ;       ;
;         -- Routing optimization registers                   ; 56                    ;       ;
;                                                             ;                       ;       ;
; Virtual pins                                                ; 0                     ;       ;
; I/O pins                                                    ; 74 / 457              ; 16 %  ;
;     -- Clock pins                                           ; 5 / 8                 ; 63 %  ;
;     -- Dedicated input pins                                 ; 0 / 21                ; 0 %   ;
;                                                             ;                       ;       ;
; Hard processor system peripheral utilization                ;                       ;       ;
;     -- Boot from FPGA                                       ; 0 / 1 ( 0 % )         ;       ;
;     -- Clock resets                                         ; 0 / 1 ( 0 % )         ;       ;
;     -- Cross trigger                                        ; 0 / 1 ( 0 % )         ;       ;
;     -- S2F AXI                                              ; 0 / 1 ( 0 % )         ;       ;
;     -- F2S AXI                                              ; 0 / 1 ( 0 % )         ;       ;
;     -- AXI Lightweight                                      ; 0 / 1 ( 0 % )         ;       ;
;     -- SDRAM                                                ; 0 / 1 ( 0 % )         ;       ;
;     -- Interrupts                                           ; 0 / 1 ( 0 % )         ;       ;
;     -- JTAG                                                 ; 0 / 1 ( 0 % )         ;       ;
;     -- Loan I/O                                             ; 0 / 1 ( 0 % )         ;       ;
;     -- MPU event standby                                    ; 0 / 1 ( 0 % )         ;       ;
;     -- MPU general purpose                                  ; 0 / 1 ( 0 % )         ;       ;
;     -- STM event                                            ; 0 / 1 ( 0 % )         ;       ;
;     -- TPIU trace                                           ; 0 / 1 ( 0 % )         ;       ;
;     -- DMA                                                  ; 0 / 1 ( 0 % )         ;       ;
;     -- CAN                                                  ; 0 / 2 ( 0 % )         ;       ;
;     -- EMAC                                                 ; 0 / 2 ( 0 % )         ;       ;
;     -- I2C                                                  ; 0 / 4 ( 0 % )         ;       ;
;     -- NAND Flash                                           ; 0 / 1 ( 0 % )         ;       ;
;     -- QSPI                                                 ; 0 / 1 ( 0 % )         ;       ;
;     -- SDMMC                                                ; 0 / 1 ( 0 % )         ;       ;
;     -- SPI Master                                           ; 0 / 2 ( 0 % )         ;       ;
;     -- SPI Slave                                            ; 0 / 2 ( 0 % )         ;       ;
;     -- UART                                                 ; 0 / 2 ( 0 % )         ;       ;
;     -- USB                                                  ; 0 / 2 ( 0 % )         ;       ;
;                                                             ;                       ;       ;
; M10K blocks                                                 ; 2 / 397               ; < 1 % ;
; Total MLAB memory bits                                      ; 0                     ;       ;
; Total block memory bits                                     ; 8,192 / 4,065,280     ; < 1 % ;
; Total block memory implementation bits                      ; 20,480 / 4,065,280    ; < 1 % ;
;                                                             ;                       ;       ;
; Total DSP Blocks                                            ; 17 / 87               ; 20 %  ;
;                                                             ;                       ;       ;
; Fractional PLLs                                             ; 1 / 6                 ; 17 %  ;
; Global signals                                              ; 3                     ;       ;
;     -- Global clocks                                        ; 3 / 16                ; 19 %  ;
;     -- Quadrant clocks                                      ; 0 / 66                ; 0 %   ;
;     -- Horizontal periphery clocks                          ; 0 / 18                ; 0 %   ;
; SERDES Transmitters                                         ; 0 / 100               ; 0 %   ;
; SERDES Receivers                                            ; 0 / 100               ; 0 %   ;
; JTAGs                                                       ; 0 / 1                 ; 0 %   ;
; ASMI blocks                                                 ; 0 / 1                 ; 0 %   ;
; CRC blocks                                                  ; 0 / 1                 ; 0 %   ;
; Remote update blocks                                        ; 0 / 1                 ; 0 %   ;
; Oscillator blocks                                           ; 0 / 1                 ; 0 %   ;
; Impedance control blocks                                    ; 0 / 4                 ; 0 %   ;
; Hard Memory Controllers                                     ; 0 / 2                 ; 0 %   ;
; Average interconnect usage (total/H/V)                      ; 3.1% / 3.2% / 2.8%    ;       ;
; Peak interconnect usage (total/H/V)                         ; 27.1% / 28.4% / 23.2% ;       ;
; Maximum fan-out                                             ; 981                   ;       ;
; Highest non-global fan-out                                  ; 914                   ;       ;
; Total fan-out                                               ; 38957                 ;       ;
; Average fan-out                                             ; 3.85                  ;       ;
+-------------------------------------------------------------+-----------------------+-------+


+----------------------------------------------------------------------------------------------------------------------+
; Fitter Partition Statistics                                                                                          ;
+-------------------------------------------------------------+-----------------------+--------------------------------+
; Statistic                                                   ; Top                   ; hard_block:auto_generated_inst ;
+-------------------------------------------------------------+-----------------------+--------------------------------+
; Logic utilization (ALMs needed / total ALMs on device)      ; 4878 / 32070 ( 15 % ) ; 0 / 32070 ( 0 % )              ;
; ALMs needed [=A-B+C]                                        ; 4878                  ; 0                              ;
;     [A] ALMs used in final placement [=a+b+c+d]             ; 5052 / 32070 ( 16 % ) ; 0 / 32070 ( 0 % )              ;
;         [a] ALMs used for LUT logic and registers           ; 775                   ; 0                              ;
;         [b] ALMs used for LUT logic                         ; 4163                  ; 0                              ;
;         [c] ALMs used for registers                         ; 114                   ; 0                              ;
;         [d] ALMs used for memory (up to half of total ALMs) ; 0                     ; 0                              ;
;     [B] Estimate of ALMs recoverable by dense packing       ; 186 / 32070 ( < 1 % ) ; 0 / 32070 ( 0 % )              ;
;     [C] Estimate of ALMs unavailable [=a+b+c+d]             ; 12 / 32070 ( < 1 % )  ; 0 / 32070 ( 0 % )              ;
;         [a] Due to location constrained logic               ; 0                     ; 0                              ;
;         [b] Due to LAB-wide signal conflicts                ; 0                     ; 0                              ;
;         [c] Due to LAB input limits                         ; 12                    ; 0                              ;
;         [d] Due to virtual I/Os                             ; 0                     ; 0                              ;
;                                                             ;                       ;                                ;
; Difficulty packing design                                   ; Low                   ; Low                            ;
;                                                             ;                       ;                                ;
; Total LABs:  partially or completely used                   ; 628 / 3207 ( 20 % )   ; 0 / 3207 ( 0 % )               ;
;     -- Logic LABs                                           ; 628                   ; 0                              ;
;     -- Memory LABs (up to half of total LABs)               ; 0                     ; 0                              ;
;                                                             ;                       ;                                ;
; Combinational ALUT usage for logic                          ; 8031                  ; 0                              ;
;     -- 7 input functions                                    ; 204                   ; 0                              ;
;     -- 6 input functions                                    ; 1489                  ; 0                              ;
;     -- 5 input functions                                    ; 2085                  ; 0                              ;
;     -- 4 input functions                                    ; 1103                  ; 0                              ;
;     -- <=3 input functions                                  ; 3150                  ; 0                              ;
; Combinational ALUT usage for route-throughs                 ; 68                    ; 0                              ;
; Memory ALUT usage                                           ; 0                     ; 0                              ;
;     -- 64-address deep                                      ; 0                     ; 0                              ;
;     -- 32-address deep                                      ; 0                     ; 0                              ;
;                                                             ;                       ;                                ;
; Dedicated logic registers                                   ; 0                     ; 0                              ;
;     -- By type:                                             ;                       ;                                ;
;         -- Primary logic registers                          ; 1778 / 64140 ( 3 % )  ; 0 / 64140 ( 0 % )              ;
;         -- Secondary logic registers                        ; 60 / 64140 ( < 1 % )  ; 0 / 64140 ( 0 % )              ;
;     -- By function:                                         ;                       ;                                ;
;         -- Design implementation registers                  ; 1782                  ; 0                              ;
;         -- Routing optimization registers                   ; 56                    ; 0                              ;
;                                                             ;                       ;                                ;
;                                                             ;                       ;                                ;
; Virtual pins                                                ; 0                     ; 0                              ;
; I/O pins                                                    ; 71                    ; 3                              ;
; I/O registers                                               ; 0                     ; 0                              ;
; Total block memory bits                                     ; 8192                  ; 0                              ;
; Total block memory implementation bits                      ; 20480                 ; 0                              ;
; M10K block                                                  ; 2 / 397 ( < 1 % )     ; 0 / 397 ( 0 % )                ;
; DSP block                                                   ; 17 / 87 ( 19 % )      ; 0 / 87 ( 0 % )                 ;
; Clock enable block                                          ; 0 / 116 ( 0 % )       ; 3 / 116 ( 2 % )                ;
; Fractional PLL                                              ; 0 / 6 ( 0 % )         ; 1 / 6 ( 16 % )                 ;
; PLL Output Counter                                          ; 0 / 54 ( 0 % )        ; 1 / 54 ( 1 % )                 ;
; PLL Reconfiguration Block                                   ; 0 / 6 ( 0 % )         ; 1 / 6 ( 16 % )                 ;
; PLL Reference Clock Select Block                            ; 0 / 6 ( 0 % )         ; 1 / 6 ( 16 % )                 ;
;                                                             ;                       ;                                ;
; Connections                                                 ;                       ;                                ;
;     -- Input Connections                                    ; 2691                  ; 0                              ;
;     -- Registered Input Connections                         ; 2608                  ; 0                              ;
;     -- Output Connections                                   ; 2                     ; 2689                           ;
;     -- Registered Output Connections                        ; 0                     ; 0                              ;
;                                                             ;                       ;                                ;
; Internal Connections                                        ;                       ;                                ;
;     -- Total Connections                                    ; 39300                 ; 2727                           ;
;     -- Registered Connections                               ; 15514                 ; 0                              ;
;                                                             ;                       ;                                ;
; External Connections                                        ;                       ;                                ;
;     -- Top                                                  ; 4                     ; 2689                           ;
;     -- hard_block:auto_generated_inst                       ; 2689                  ; 0                              ;
;                                                             ;                       ;                                ;
; Partition Interface                                         ;                       ;                                ;
;     -- Input Ports                                          ; 15                    ; 2                              ;
;     -- Output Ports                                         ; 57                    ; 5                              ;
;     -- Bidir Ports                                          ; 2                     ; 0                              ;
;                                                             ;                       ;                                ;
; Registered Ports                                            ;                       ;                                ;
;     -- Registered Input Ports                               ; 0                     ; 0                              ;
;     -- Registered Output Ports                              ; 0                     ; 0                              ;
;                                                             ;                       ;                                ;
; Port Connectivity                                           ;                       ;                                ;
;     -- Input Ports driven by GND                            ; 0                     ; 0                              ;
;     -- Output Ports driven by GND                           ; 0                     ; 0                              ;
;     -- Input Ports driven by VCC                            ; 0                     ; 0                              ;
;     -- Output Ports driven by VCC                           ; 0                     ; 0                              ;
;     -- Input Ports with no Source                           ; 0                     ; 0                              ;
;     -- Output Ports with no Source                          ; 0                     ; 0                              ;
;     -- Input Ports with no Fanout                           ; 0                     ; 0                              ;
;     -- Output Ports with no Fanout                          ; 0                     ; 0                              ;
+-------------------------------------------------------------+-----------------------+--------------------------------+


+-----------------------------------------------------------------------------------------------------------------------------------------------------------------------------------------------------------------------------------------------------------------------------------------+
; Input Pins                                                                                                                                                                                                                                                                              ;
+----------+-------+----------+--------------+--------------+--------------+-----------------------+--------------------+--------+----------------+-----------------+----------+--------------+--------------+-------------+---------------------------+----------------------+-----------+
; Name     ; Pin # ; I/O Bank ; X coordinate ; Y coordinate ; Z coordinate ; Combinational Fan-Out ; Registered Fan-Out ; Global ; Input Register ; PCI I/O Enabled ; Bus Hold ; Weak Pull Up ; I/O Standard ; Termination ; Termination Control Block ; Location assigned by ; Slew Rate ;
+----------+-------+----------+--------------+--------------+--------------+-----------------------+--------------------+--------+----------------+-----------------+----------+--------------+--------------+-------------+---------------------------+----------------------+-----------+
; CLOCK_50 ; AF14  ; 3B       ; 32           ; 0            ; 0            ; 863                   ; 0                  ; yes    ; no             ; no              ; no       ; Off          ; 3.3-V LVTTL  ; Off         ; --                        ; User                 ; no        ;
; KEY[0]   ; AA14  ; 3B       ; 36           ; 0            ; 0            ; 2                     ; 0                  ; no     ; no             ; no              ; no       ; Off          ; 3.3-V LVTTL  ; Off         ; --                        ; User                 ; no        ;
; KEY[1]   ; AA15  ; 3B       ; 36           ; 0            ; 17           ; 1                     ; 0                  ; no     ; no             ; no              ; no       ; Off          ; 3.3-V LVTTL  ; Off         ; --                        ; User                 ; no        ;
; KEY[2]   ; W15   ; 3B       ; 40           ; 0            ; 0            ; 1                     ; 0                  ; no     ; no             ; no              ; no       ; Off          ; 3.3-V LVTTL  ; Off         ; --                        ; User                 ; no        ;
; KEY[3]   ; Y16   ; 3B       ; 40           ; 0            ; 17           ; 0                     ; 0                  ; no     ; no             ; no              ; no       ; Off          ; 3.3-V LVTTL  ; Off         ; --                        ; User                 ; no        ;
; SW[0]    ; AB12  ; 3A       ; 12           ; 0            ; 17           ; 823                   ; 0                  ; yes    ; no             ; no              ; no       ; Off          ; 3.3-V LVTTL  ; Off         ; --                        ; User                 ; no        ;
; SW[1]    ; AC12  ; 3A       ; 16           ; 0            ; 0            ; 0                     ; 0                  ; no     ; no             ; no              ; no       ; Off          ; 3.3-V LVTTL  ; Off         ; --                        ; User                 ; no        ;
; SW[2]    ; AF9   ; 3A       ; 8            ; 0            ; 34           ; 7                     ; 0                  ; no     ; no             ; no              ; no       ; Off          ; 3.3-V LVTTL  ; Off         ; --                        ; User                 ; no        ;
; SW[3]    ; AF10  ; 3A       ; 4            ; 0            ; 51           ; 5                     ; 0                  ; no     ; no             ; no              ; no       ; Off          ; 3.3-V LVTTL  ; Off         ; --                        ; User                 ; no        ;
; SW[4]    ; AD11  ; 3A       ; 2            ; 0            ; 40           ; 1                     ; 0                  ; no     ; no             ; no              ; no       ; Off          ; 3.3-V LVTTL  ; Off         ; --                        ; User                 ; no        ;
; SW[5]    ; AD12  ; 3A       ; 16           ; 0            ; 17           ; 1                     ; 0                  ; no     ; no             ; no              ; no       ; Off          ; 3.3-V LVTTL  ; Off         ; --                        ; User                 ; no        ;
; SW[6]    ; AE11  ; 3A       ; 4            ; 0            ; 34           ; 1                     ; 0                  ; no     ; no             ; no              ; no       ; Off          ; 3.3-V LVTTL  ; Off         ; --                        ; User                 ; no        ;
; SW[7]    ; AC9   ; 3A       ; 4            ; 0            ; 0            ; 2                     ; 0                  ; no     ; no             ; no              ; no       ; Off          ; 3.3-V LVTTL  ; Off         ; --                        ; User                 ; no        ;
; SW[8]    ; AD10  ; 3A       ; 4            ; 0            ; 17           ; 1                     ; 0                  ; no     ; no             ; no              ; no       ; Off          ; 3.3-V LVTTL  ; Off         ; --                        ; User                 ; no        ;
; SW[9]    ; AE12  ; 3A       ; 2            ; 0            ; 57           ; 28                    ; 0                  ; no     ; no             ; no              ; no       ; Off          ; 3.3-V LVTTL  ; Off         ; --                        ; User                 ; no        ;
+----------+-------+----------+--------------+--------------+--------------+-----------------------+--------------------+--------+----------------+-----------------+----------+--------------+--------------+-------------+---------------------------+----------------------+-----------+


+----------------------------------------------------------------------------------------------------------------------------------------------------------------------------------------------------------------------------------------------------------------------------------------------------------------------------------------------------------------------------------------------------------------------------------------------------------------------------+
; Output Pins                                                                                                                                                                                                                                                                                                                                                                                                                                                                ;
+-------------+-------+----------+--------------+--------------+--------------+-----------------+------------------------+-----------+-----------------+------------+---------------+----------+--------------+--------------+------------------+-------------+---------------------------+----------------------------+-----------------------------+---------------------+-----------------------------+----------------------+----------------------+---------------------+
; Name        ; Pin # ; I/O Bank ; X coordinate ; Y coordinate ; Z coordinate ; Output Register ; Output Enable Register ; Slew Rate ; PCI I/O Enabled ; Open Drain ; TRI Primitive ; Bus Hold ; Weak Pull Up ; I/O Standard ; Current Strength ; Termination ; Termination Control Block ; Output Buffer Pre-emphasis ; Voltage Output Differential ; Output Buffer Delay ; Output Buffer Delay Control ; Location assigned by ; Output Enable Source ; Output Enable Group ;
+-------------+-------+----------+--------------+--------------+--------------+-----------------+------------------------+-----------+-----------------+------------+---------------+----------+--------------+--------------+------------------+-------------+---------------------------+----------------------------+-----------------------------+---------------------+-----------------------------+----------------------+----------------------+---------------------+
; HEX0[0]     ; AE26  ; 5A       ; 89           ; 8            ; 37           ; no              ; no                     ; 1         ; no              ; no         ; no            ; no       ; Off          ; 3.3-V LVTTL  ; 16mA             ; Off         ; --                        ; no                         ; no                          ; 0                   ; Off                         ; User                 ; -                    ; -                   ;
; HEX0[1]     ; AE27  ; 5A       ; 89           ; 11           ; 77           ; no              ; no                     ; 1         ; no              ; no         ; no            ; no       ; Off          ; 3.3-V LVTTL  ; 16mA             ; Off         ; --                        ; no                         ; no                          ; 0                   ; Off                         ; User                 ; -                    ; -                   ;
; HEX0[2]     ; AE28  ; 5A       ; 89           ; 11           ; 94           ; no              ; no                     ; 1         ; no              ; no         ; no            ; no       ; Off          ; 3.3-V LVTTL  ; 16mA             ; Off         ; --                        ; no                         ; no                          ; 0                   ; Off                         ; User                 ; -                    ; -                   ;
; HEX0[3]     ; AG27  ; 5A       ; 89           ; 4            ; 77           ; no              ; no                     ; 1         ; no              ; no         ; no            ; no       ; Off          ; 3.3-V LVTTL  ; 16mA             ; Off         ; --                        ; no                         ; no                          ; 0                   ; Off                         ; User                 ; -                    ; -                   ;
; HEX0[4]     ; AF28  ; 5A       ; 89           ; 13           ; 54           ; no              ; no                     ; 1         ; no              ; no         ; no            ; no       ; Off          ; 3.3-V LVTTL  ; 16mA             ; Off         ; --                        ; no                         ; no                          ; 0                   ; Off                         ; User                 ; -                    ; -                   ;
; HEX0[5]     ; AG28  ; 5A       ; 89           ; 13           ; 37           ; no              ; no                     ; 1         ; no              ; no         ; no            ; no       ; Off          ; 3.3-V LVTTL  ; 16mA             ; Off         ; --                        ; no                         ; no                          ; 0                   ; Off                         ; User                 ; -                    ; -                   ;
; HEX0[6]     ; AH28  ; 5A       ; 89           ; 4            ; 94           ; no              ; no                     ; 1         ; no              ; no         ; no            ; no       ; Off          ; 3.3-V LVTTL  ; 16mA             ; Off         ; --                        ; no                         ; no                          ; 0                   ; Off                         ; User                 ; -                    ; -                   ;
; HEX1[0]     ; AJ29  ; 5A       ; 89           ; 6            ; 37           ; no              ; no                     ; 1         ; no              ; no         ; no            ; no       ; Off          ; 3.3-V LVTTL  ; 16mA             ; Off         ; --                        ; no                         ; no                          ; 0                   ; Off                         ; User                 ; -                    ; -                   ;
; HEX1[1]     ; AH29  ; 5A       ; 89           ; 6            ; 54           ; no              ; no                     ; 1         ; no              ; no         ; no            ; no       ; Off          ; 3.3-V LVTTL  ; 16mA             ; Off         ; --                        ; no                         ; no                          ; 0                   ; Off                         ; User                 ; -                    ; -                   ;
; HEX1[2]     ; AH30  ; 5A       ; 89           ; 16           ; 37           ; no              ; no                     ; 1         ; no              ; no         ; no            ; no       ; Off          ; 3.3-V LVTTL  ; 16mA             ; Off         ; --                        ; no                         ; no                          ; 0                   ; Off                         ; User                 ; -                    ; -                   ;
; HEX1[3]     ; AG30  ; 5A       ; 89           ; 16           ; 54           ; no              ; no                     ; 1         ; no              ; no         ; no            ; no       ; Off          ; 3.3-V LVTTL  ; 16mA             ; Off         ; --                        ; no                         ; no                          ; 0                   ; Off                         ; User                 ; -                    ; -                   ;
; HEX1[4]     ; AF29  ; 5A       ; 89           ; 15           ; 37           ; no              ; no                     ; 1         ; no              ; no         ; no            ; no       ; Off          ; 3.3-V LVTTL  ; 16mA             ; Off         ; --                        ; no                         ; no                          ; 0                   ; Off                         ; User                 ; -                    ; -                   ;
; HEX1[5]     ; AF30  ; 5A       ; 89           ; 15           ; 54           ; no              ; no                     ; 1         ; no              ; no         ; no            ; no       ; Off          ; 3.3-V LVTTL  ; 16mA             ; Off         ; --                        ; no                         ; no                          ; 0                   ; Off                         ; User                 ; -                    ; -                   ;
; HEX1[6]     ; AD27  ; 5A       ; 89           ; 8            ; 54           ; no              ; no                     ; 1         ; no              ; no         ; no            ; no       ; Off          ; 3.3-V LVTTL  ; 16mA             ; Off         ; --                        ; no                         ; no                          ; 0                   ; Off                         ; User                 ; -                    ; -                   ;
; HEX2[0]     ; AB23  ; 5A       ; 89           ; 9            ; 20           ; no              ; no                     ; 1         ; no              ; no         ; no            ; no       ; Off          ; 3.3-V LVTTL  ; 16mA             ; Off         ; --                        ; no                         ; no                          ; 0                   ; Off                         ; User                 ; -                    ; -                   ;
; HEX2[1]     ; AE29  ; 5B       ; 89           ; 23           ; 37           ; no              ; no                     ; 1         ; no              ; no         ; no            ; no       ; Off          ; 3.3-V LVTTL  ; 16mA             ; Off         ; --                        ; no                         ; no                          ; 0                   ; Off                         ; User                 ; -                    ; -                   ;
; HEX2[2]     ; AD29  ; 5B       ; 89           ; 23           ; 54           ; no              ; no                     ; 1         ; no              ; no         ; no            ; no       ; Off          ; 3.3-V LVTTL  ; 16mA             ; Off         ; --                        ; no                         ; no                          ; 0                   ; Off                         ; User                 ; -                    ; -                   ;
; HEX2[3]     ; AC28  ; 5B       ; 89           ; 20           ; 77           ; no              ; no                     ; 1         ; no              ; no         ; no            ; no       ; Off          ; 3.3-V LVTTL  ; 16mA             ; Off         ; --                        ; no                         ; no                          ; 0                   ; Off                         ; User                 ; -                    ; -                   ;
; HEX2[4]     ; AD30  ; 5B       ; 89           ; 25           ; 37           ; no              ; no                     ; 1         ; no              ; no         ; no            ; no       ; Off          ; 3.3-V LVTTL  ; 16mA             ; Off         ; --                        ; no                         ; no                          ; 0                   ; Off                         ; User                 ; -                    ; -                   ;
; HEX2[5]     ; AC29  ; 5B       ; 89           ; 20           ; 94           ; no              ; no                     ; 1         ; no              ; no         ; no            ; no       ; Off          ; 3.3-V LVTTL  ; 16mA             ; Off         ; --                        ; no                         ; no                          ; 0                   ; Off                         ; User                 ; -                    ; -                   ;
; HEX2[6]     ; AC30  ; 5B       ; 89           ; 25           ; 54           ; no              ; no                     ; 1         ; no              ; no         ; no            ; no       ; Off          ; 3.3-V LVTTL  ; 16mA             ; Off         ; --                        ; no                         ; no                          ; 0                   ; Off                         ; User                 ; -                    ; -                   ;
; HEX3[0]     ; AD26  ; 5A       ; 89           ; 16           ; 3            ; no              ; no                     ; 1         ; no              ; no         ; no            ; no       ; Off          ; 3.3-V LVTTL  ; 16mA             ; Off         ; --                        ; no                         ; no                          ; 0                   ; Off                         ; User                 ; -                    ; -                   ;
; HEX3[1]     ; AC27  ; 5A       ; 89           ; 16           ; 20           ; no              ; no                     ; 1         ; no              ; no         ; no            ; no       ; Off          ; 3.3-V LVTTL  ; 16mA             ; Off         ; --                        ; no                         ; no                          ; 0                   ; Off                         ; User                 ; -                    ; -                   ;
; HEX3[2]     ; AD25  ; 5A       ; 89           ; 4            ; 43           ; no              ; no                     ; 1         ; no              ; no         ; no            ; no       ; Off          ; 3.3-V LVTTL  ; 16mA             ; Off         ; --                        ; no                         ; no                          ; 0                   ; Off                         ; User                 ; -                    ; -                   ;
; HEX3[3]     ; AC25  ; 5A       ; 89           ; 4            ; 60           ; no              ; no                     ; 1         ; no              ; no         ; no            ; no       ; Off          ; 3.3-V LVTTL  ; 16mA             ; Off         ; --                        ; no                         ; no                          ; 0                   ; Off                         ; User                 ; -                    ; -                   ;
; HEX3[4]     ; AB28  ; 5B       ; 89           ; 21           ; 37           ; no              ; no                     ; 1         ; no              ; no         ; no            ; no       ; Off          ; 3.3-V LVTTL  ; 16mA             ; Off         ; --                        ; no                         ; no                          ; 0                   ; Off                         ; User                 ; -                    ; -                   ;
; HEX3[5]     ; AB25  ; 5A       ; 89           ; 11           ; 60           ; no              ; no                     ; 1         ; no              ; no         ; no            ; no       ; Off          ; 3.3-V LVTTL  ; 16mA             ; Off         ; --                        ; no                         ; no                          ; 0                   ; Off                         ; User                 ; -                    ; -                   ;
; HEX3[6]     ; AB22  ; 5A       ; 89           ; 9            ; 3            ; no              ; no                     ; 1         ; no              ; no         ; no            ; no       ; Off          ; 3.3-V LVTTL  ; 16mA             ; Off         ; --                        ; no                         ; no                          ; 0                   ; Off                         ; User                 ; -                    ; -                   ;
; VGA_BLANK_N ; F10   ; 8A       ; 6            ; 81           ; 17           ; no              ; no                     ; 1         ; no              ; no         ; no            ; no       ; Off          ; 3.3-V LVTTL  ; 16mA             ; Off         ; --                        ; no                         ; no                          ; 0                   ; Off                         ; User                 ; -                    ; -                   ;
; VGA_B[0]    ; B13   ; 8A       ; 40           ; 81           ; 34           ; no              ; no                     ; 1         ; no              ; no         ; no            ; no       ; Off          ; 3.3-V LVTTL  ; 16mA             ; Off         ; --                        ; no                         ; no                          ; 0                   ; Off                         ; User                 ; -                    ; -                   ;
; VGA_B[1]    ; G13   ; 8A       ; 28           ; 81           ; 17           ; no              ; no                     ; 1         ; no              ; no         ; no            ; no       ; Off          ; 3.3-V LVTTL  ; 16mA             ; Off         ; --                        ; no                         ; no                          ; 0                   ; Off                         ; User                 ; -                    ; -                   ;
; VGA_B[2]    ; H13   ; 8A       ; 20           ; 81           ; 0            ; no              ; no                     ; 1         ; no              ; no         ; no            ; no       ; Off          ; 3.3-V LVTTL  ; 16mA             ; Off         ; --                        ; no                         ; no                          ; 0                   ; Off                         ; User                 ; -                    ; -                   ;
; VGA_B[3]    ; F14   ; 8A       ; 36           ; 81           ; 17           ; no              ; no                     ; 1         ; no              ; no         ; no            ; no       ; Off          ; 3.3-V LVTTL  ; 16mA             ; Off         ; --                        ; no                         ; no                          ; 0                   ; Off                         ; User                 ; -                    ; -                   ;
; VGA_B[4]    ; H14   ; 8A       ; 28           ; 81           ; 0            ; no              ; no                     ; 1         ; no              ; no         ; no            ; no       ; Off          ; 3.3-V LVTTL  ; 16mA             ; Off         ; --                        ; no                         ; no                          ; 0                   ; Off                         ; User                 ; -                    ; -                   ;
; VGA_B[5]    ; F15   ; 8A       ; 36           ; 81           ; 0            ; no              ; no                     ; 1         ; no              ; no         ; no            ; no       ; Off          ; 3.3-V LVTTL  ; 16mA             ; Off         ; --                        ; no                         ; no                          ; 0                   ; Off                         ; User                 ; -                    ; -                   ;
; VGA_B[6]    ; G15   ; 8A       ; 40           ; 81           ; 17           ; no              ; no                     ; 1         ; no              ; no         ; no            ; no       ; Off          ; 3.3-V LVTTL  ; 16mA             ; Off         ; --                        ; no                         ; no                          ; 0                   ; Off                         ; User                 ; -                    ; -                   ;
; VGA_B[7]    ; J14   ; 8A       ; 32           ; 81           ; 17           ; no              ; no                     ; 1         ; no              ; no         ; no            ; no       ; Off          ; 3.3-V LVTTL  ; 16mA             ; Off         ; --                        ; no                         ; no                          ; 0                   ; Off                         ; User                 ; -                    ; -                   ;
; VGA_CLK     ; A11   ; 8A       ; 38           ; 81           ; 34           ; no              ; no                     ; 1         ; no              ; no         ; no            ; no       ; Off          ; 3.3-V LVTTL  ; 16mA             ; Off         ; --                        ; no                         ; no                          ; 0                   ; Off                         ; User                 ; -                    ; -                   ;
; VGA_G[0]    ; J9    ; 8A       ; 4            ; 81           ; 17           ; no              ; no                     ; 1         ; no              ; no         ; no            ; no       ; Off          ; 3.3-V LVTTL  ; 16mA             ; Off         ; --                        ; no                         ; no                          ; 0                   ; Off                         ; User                 ; -                    ; -                   ;
; VGA_G[1]    ; J10   ; 8A       ; 4            ; 81           ; 0            ; no              ; no                     ; 1         ; no              ; no         ; no            ; no       ; Off          ; 3.3-V LVTTL  ; 16mA             ; Off         ; --                        ; no                         ; no                          ; 0                   ; Off                         ; User                 ; -                    ; -                   ;
; VGA_G[2]    ; H12   ; 8A       ; 20           ; 81           ; 17           ; no              ; no                     ; 1         ; no              ; no         ; no            ; no       ; Off          ; 3.3-V LVTTL  ; 16mA             ; Off         ; --                        ; no                         ; no                          ; 0                   ; Off                         ; User                 ; -                    ; -                   ;
; VGA_G[3]    ; G10   ; 8A       ; 6            ; 81           ; 0            ; no              ; no                     ; 1         ; no              ; no         ; no            ; no       ; Off          ; 3.3-V LVTTL  ; 16mA             ; Off         ; --                        ; no                         ; no                          ; 0                   ; Off                         ; User                 ; -                    ; -                   ;
; VGA_G[4]    ; G11   ; 8A       ; 10           ; 81           ; 57           ; no              ; no                     ; 1         ; no              ; no         ; no            ; no       ; Off          ; 3.3-V LVTTL  ; 16mA             ; Off         ; --                        ; no                         ; no                          ; 0                   ; Off                         ; User                 ; -                    ; -                   ;
; VGA_G[5]    ; G12   ; 8A       ; 10           ; 81           ; 40           ; no              ; no                     ; 1         ; no              ; no         ; no            ; no       ; Off          ; 3.3-V LVTTL  ; 16mA             ; Off         ; --                        ; no                         ; no                          ; 0                   ; Off                         ; User                 ; -                    ; -                   ;
; VGA_G[6]    ; F11   ; 8A       ; 18           ; 81           ; 40           ; no              ; no                     ; 1         ; no              ; no         ; no            ; no       ; Off          ; 3.3-V LVTTL  ; 16mA             ; Off         ; --                        ; no                         ; no                          ; 0                   ; Off                         ; User                 ; -                    ; -                   ;
; VGA_G[7]    ; E11   ; 8A       ; 18           ; 81           ; 57           ; no              ; no                     ; 1         ; no              ; no         ; no            ; no       ; Off          ; 3.3-V LVTTL  ; 16mA             ; Off         ; --                        ; no                         ; no                          ; 0                   ; Off                         ; User                 ; -                    ; -                   ;
; VGA_HS      ; B11   ; 8A       ; 36           ; 81           ; 51           ; no              ; no                     ; 1         ; no              ; no         ; no            ; no       ; Off          ; 3.3-V LVTTL  ; 16mA             ; Off         ; --                        ; no                         ; no                          ; 0                   ; Off                         ; User                 ; -                    ; -                   ;
; VGA_R[0]    ; A13   ; 8A       ; 40           ; 81           ; 51           ; no              ; no                     ; 1         ; no              ; no         ; no            ; no       ; Off          ; 3.3-V LVTTL  ; 16mA             ; Off         ; --                        ; no                         ; no                          ; 0                   ; Off                         ; User                 ; -                    ; -                   ;
; VGA_R[1]    ; C13   ; 8A       ; 38           ; 81           ; 0            ; no              ; no                     ; 1         ; no              ; no         ; no            ; no       ; Off          ; 3.3-V LVTTL  ; 16mA             ; Off         ; --                        ; no                         ; no                          ; 0                   ; Off                         ; User                 ; -                    ; -                   ;
; VGA_R[2]    ; E13   ; 8A       ; 26           ; 81           ; 57           ; no              ; no                     ; 1         ; no              ; no         ; no            ; no       ; Off          ; 3.3-V LVTTL  ; 16mA             ; Off         ; --                        ; no                         ; no                          ; 0                   ; Off                         ; User                 ; -                    ; -                   ;
; VGA_R[3]    ; B12   ; 8A       ; 38           ; 81           ; 17           ; no              ; no                     ; 1         ; no              ; no         ; no            ; no       ; Off          ; 3.3-V LVTTL  ; 16mA             ; Off         ; --                        ; no                         ; no                          ; 0                   ; Off                         ; User                 ; -                    ; -                   ;
; VGA_R[4]    ; C12   ; 8A       ; 36           ; 81           ; 34           ; no              ; no                     ; 1         ; no              ; no         ; no            ; no       ; Off          ; 3.3-V LVTTL  ; 16mA             ; Off         ; --                        ; no                         ; no                          ; 0                   ; Off                         ; User                 ; -                    ; -                   ;
; VGA_R[5]    ; D12   ; 8A       ; 22           ; 81           ; 17           ; no              ; no                     ; 1         ; no              ; no         ; no            ; no       ; Off          ; 3.3-V LVTTL  ; 16mA             ; Off         ; --                        ; no                         ; no                          ; 0                   ; Off                         ; User                 ; -                    ; -                   ;
; VGA_R[6]    ; E12   ; 8A       ; 22           ; 81           ; 0            ; no              ; no                     ; 1         ; no              ; no         ; no            ; no       ; Off          ; 3.3-V LVTTL  ; 16mA             ; Off         ; --                        ; no                         ; no                          ; 0                   ; Off                         ; User                 ; -                    ; -                   ;
; VGA_R[7]    ; F13   ; 8A       ; 26           ; 81           ; 40           ; no              ; no                     ; 1         ; no              ; no         ; no            ; no       ; Off          ; 3.3-V LVTTL  ; 16mA             ; Off         ; --                        ; no                         ; no                          ; 0                   ; Off                         ; User                 ; -                    ; -                   ;
; VGA_SYNC_N  ; C10   ; 8A       ; 28           ; 81           ; 34           ; no              ; no                     ; 1         ; no              ; no         ; no            ; no       ; Off          ; 3.3-V LVTTL  ; 16mA             ; Off         ; --                        ; no                         ; no                          ; 0                   ; Off                         ; User                 ; -                    ; -                   ;
; VGA_VS      ; D11   ; 8A       ; 34           ; 81           ; 40           ; no              ; no                     ; 1         ; no              ; no         ; no            ; no       ; Off          ; 3.3-V LVTTL  ; 16mA             ; Off         ; --                        ; no                         ; no                          ; 0                   ; Off                         ; User                 ; -                    ; -                   ;
+-------------+-------+----------+--------------+--------------+--------------+-----------------+------------------------+-----------+-----------------+------------+---------------+----------+--------------+--------------+------------------+-------------+---------------------------+----------------------------+-----------------------------+---------------------+-----------------------------+----------------------+----------------------+---------------------+


+---------------------------------------------------------------------------------------------------------------------------------------------------------------------------------------------------------------------------------------------------------------------------------------------------------------------------------------------------------------------------------------------------------------------------------------------------------------------------------------------------------------------------------------------------------+
; Bidir Pins                                                                                                                                                                                                                                                                                                                                                                                                                                                                                                                                              ;
+-----------+-------+----------+--------------+--------------+--------------+-----------------------+--------------------+--------+----------------+-----------------+------------------------+-----------+-----------------+------------+----------+--------------+--------------+------------------+-------------------+--------------------+---------------------------+----------------------------+---------------------+-----------------------------+----------------------+----------------------+------------------------------------------------+
; Name      ; Pin # ; I/O Bank ; X coordinate ; Y coordinate ; Z coordinate ; Combinational Fan-Out ; Registered Fan-Out ; Global ; Input Register ; Output Register ; Output Enable Register ; Slew Rate ; PCI I/O Enabled ; Open Drain ; Bus Hold ; Weak Pull Up ; I/O Standard ; Current Strength ; Input Termination ; Output Termination ; Termination Control Block ; Output Buffer Pre-emphasis ; Output Buffer Delay ; Output Buffer Delay Control ; Location assigned by ; Output Enable Source ; Output Enable Group                            ;
+-----------+-------+----------+--------------+--------------+--------------+-----------------------+--------------------+--------+----------------+-----------------+------------------------+-----------+-----------------+------------+----------+--------------+--------------+------------------+-------------------+--------------------+---------------------------+----------------------------+---------------------+-----------------------------+----------------------+----------------------+------------------------------------------------+
; GPIO_0[0] ; AC18  ; 4A       ; 64           ; 0            ; 0            ; 0                     ; 0                  ; no     ; no             ; no              ; no                     ; 1         ; no              ; no         ; no       ; Off          ; 3.3-V LVTTL  ; 16mA             ; Off               ; Off                ; --                        ; no                         ; 0                   ; Off                         ; User                 ; 0 pF                 ; i2c_master:master_inst|en_scl (inverted)       ;
; GPIO_0[1] ; Y17   ; 4A       ; 68           ; 0            ; 0            ; 1                     ; 0                  ; no     ; no             ; no              ; no                     ; 1         ; no              ; no         ; no       ; Off          ; 3.3-V LVTTL  ; 16mA             ; Off               ; Off                ; --                        ; no                         ; 0                   ; Off                         ; User                 ; 0 pF                 ; i2c_master:master_inst|reg_sda_o~en (inverted) ;
+-----------+-------+----------+--------------+--------------+--------------+-----------------------+--------------------+--------+----------------+-----------------+------------------------+-----------+-----------------+------------+----------+--------------+--------------+------------------+-------------------+--------------------+---------------------------+----------------------------+---------------------+-----------------------------+----------------------+----------------------+------------------------------------------------+


+----------------------------------------------------------------------------+
; I/O Bank Usage                                                             ;
+----------+------------------+---------------+--------------+---------------+
; I/O Bank ; Usage            ; VCCIO Voltage ; VREF Voltage ; VCCPD Voltage ;
+----------+------------------+---------------+--------------+---------------+
; B2L      ; 0 / 0 ( -- )     ; --            ; --           ; --            ;
; B1L      ; 0 / 0 ( -- )     ; --            ; --           ; --            ;
; 3A       ; 10 / 32 ( 31 % ) ; 3.3V          ; --           ; 3.3V          ;
; 3B       ; 5 / 48 ( 10 % )  ; 3.3V          ; --           ; 3.3V          ;
; 4A       ; 2 / 80 ( 3 % )   ; 3.3V          ; --           ; 3.3V          ;
; 5A       ; 21 / 32 ( 66 % ) ; 3.3V          ; --           ; 3.3V          ;
; 5B       ; 7 / 16 ( 44 % )  ; 3.3V          ; --           ; 3.3V          ;
; 6B       ; 0 / 44 ( 0 % )   ; 2.5V          ; --           ; 2.5V          ;
; 6A       ; 0 / 56 ( 0 % )   ; 2.5V          ; --           ; 2.5V          ;
; 7A       ; 0 / 19 ( 0 % )   ; 2.5V          ; --           ; 2.5V          ;
; 7B       ; 0 / 22 ( 0 % )   ; 2.5V          ; --           ; 2.5V          ;
; 7C       ; 0 / 12 ( 0 % )   ; 2.5V          ; --           ; 2.5V          ;
; 7D       ; 0 / 14 ( 0 % )   ; 2.5V          ; --           ; 2.5V          ;
; 8A       ; 29 / 80 ( 36 % ) ; 3.3V          ; --           ; 3.3V          ;
+----------+------------------+---------------+--------------+---------------+


+-----------------------------------------------------------------------------------------------------------------------------------------------------------------------------------+
; All Package Pins                                                                                                                                                                  ;
+----------+------------+----------------+---------------------------------+--------+--------------+---------------------+--------------+-----------------+----------+--------------+
; Location ; Pad Number ; I/O Bank       ; Pin Name/Usage                  ; Dir.   ; I/O Standard ; Voltage             ; I/O Type     ; User Assignment ; Bus Hold ; Weak Pull Up ;
+----------+------------+----------------+---------------------------------+--------+--------------+---------------------+--------------+-----------------+----------+--------------+
; A2       ;            ;                ; GND                             ; gnd    ;              ;                     ; --           ;                 ; --       ; --           ;
; A3       ; 493        ; 8A             ; RESERVED_INPUT_WITH_WEAK_PULLUP ;        ;              ;                     ; Column I/O   ;                 ; no       ; On           ;
; A4       ; 491        ; 8A             ; RESERVED_INPUT_WITH_WEAK_PULLUP ;        ;              ;                     ; Column I/O   ;                 ; no       ; On           ;
; A5       ; 489        ; 8A             ; RESERVED_INPUT_WITH_WEAK_PULLUP ;        ;              ;                     ; Column I/O   ;                 ; no       ; On           ;
; A6       ; 487        ; 8A             ; RESERVED_INPUT_WITH_WEAK_PULLUP ;        ;              ;                     ; Column I/O   ;                 ; no       ; On           ;
; A7       ;            ; 8A             ; VCCIO8A                         ; power  ;              ; 3.3V                ; --           ;                 ; --       ; --           ;
; A8       ; 473        ; 8A             ; RESERVED_INPUT_WITH_WEAK_PULLUP ;        ;              ;                     ; Column I/O   ;                 ; no       ; On           ;
; A9       ; 471        ; 8A             ; RESERVED_INPUT_WITH_WEAK_PULLUP ;        ;              ;                     ; Column I/O   ;                 ; no       ; On           ;
; A10      ; 465        ; 8A             ; RESERVED_INPUT_WITH_WEAK_PULLUP ;        ;              ;                     ; Column I/O   ;                 ; no       ; On           ;
; A11      ; 463        ; 8A             ; VGA_CLK                         ; output ; 3.3-V LVTTL  ;                     ; Column I/O   ; Y               ; no       ; Off          ;
; A12      ;            ;                ; GND                             ; gnd    ;              ;                     ; --           ;                 ; --       ; --           ;
; A13      ; 461        ; 8A             ; VGA_R[0]                        ; output ; 3.3-V LVTTL  ;                     ; Column I/O   ; Y               ; no       ; Off          ;
; A14      ; 455        ; 7D             ; RESERVED_INPUT_WITH_WEAK_PULLUP ;        ;              ;                     ; Column I/O   ;                 ; no       ; On           ;
; A15      ; 447        ; 7D             ; RESERVED_INPUT_WITH_WEAK_PULLUP ;        ;              ;                     ; Column I/O   ;                 ; no       ; On           ;
; A16      ; 439        ; 7C             ; RESERVED_INPUT_WITH_WEAK_PULLUP ;        ;              ;                     ; Column I/O   ;                 ; no       ; On           ;
; A17      ;            ;                ; GND                             ; gnd    ;              ;                     ; --           ;                 ; --       ; --           ;
; A18      ; 425        ; 7B             ; RESERVED_INPUT_WITH_WEAK_PULLUP ;        ;              ;                     ; Column I/O   ;                 ; no       ; On           ;
; A19      ; 423        ; 7B             ; RESERVED_INPUT_WITH_WEAK_PULLUP ;        ;              ;                     ; Column I/O   ;                 ; no       ; On           ;
; A20      ; 415        ; 7B             ; RESERVED_INPUT_WITH_WEAK_PULLUP ;        ;              ;                     ; Column I/O   ;                 ; no       ; On           ;
; A21      ; 411        ; 7B             ; RESERVED_INPUT_WITH_WEAK_PULLUP ;        ;              ;                     ; Column I/O   ;                 ; no       ; On           ;
; A22      ;            ;                ; GND                             ; gnd    ;              ;                     ; --           ;                 ; --       ; --           ;
; A23      ; 395        ; 7A             ; RESERVED_INPUT_WITH_WEAK_PULLUP ;        ;              ;                     ; Column I/O   ;                 ; no       ; On           ;
; A24      ; 391        ; 7A             ; RESERVED_INPUT_WITH_WEAK_PULLUP ;        ;              ;                     ; Column I/O   ;                 ; no       ; On           ;
; A25      ; 389        ; 7A             ; RESERVED_INPUT_WITH_WEAK_PULLUP ;        ;              ;                     ; Column I/O   ;                 ; no       ; On           ;
; A26      ; 382        ; 7A             ; ^GND                            ;        ;              ;                     ; --           ;                 ; --       ; --           ;
; A27      ;            ;                ; GND                             ; gnd    ;              ;                     ; --           ;                 ; --       ; --           ;
; A28      ; 380        ; 7A             ; ^HPS_TRST                       ;        ;              ;                     ; --           ;                 ; --       ; --           ;
; A29      ; 378        ; 7A             ; ^HPS_TMS                        ;        ;              ;                     ; --           ;                 ; --       ; --           ;
; AA1      ;            ;                ; GND                             ; gnd    ;              ;                     ; --           ;                 ; --       ; --           ;
; AA2      ;            ;                ; GND                             ; gnd    ;              ;                     ; --           ;                 ; --       ; --           ;
; AA3      ;            ;                ; GND                             ; gnd    ;              ;                     ; --           ;                 ; --       ; --           ;
; AA4      ;            ;                ; GND                             ; gnd    ;              ;                     ; --           ;                 ; --       ; --           ;
; AA5      ;            ; --             ; VCC                             ; power  ;              ; 1.1V                ; --           ;                 ; --       ; --           ;
; AA6      ;            ;                ; GND                             ; gnd    ;              ;                     ; --           ;                 ; --       ; --           ;
; AA7      ;            ;                ; DNU                             ;        ;              ;                     ; --           ;                 ; --       ; --           ;
; AA8      ;            ; --             ; VCCA_FPLL                       ; power  ;              ; 2.5V                ; --           ;                 ; --       ; --           ;
; AA9      ;            ;                ; GND                             ; gnd    ;              ;                     ; --           ;                 ; --       ; --           ;
; AA10     ;            ; 3A             ; VCCPD3A                         ; power  ;              ; 3.3V                ; --           ;                 ; --       ; --           ;
; AA11     ;            ;                ; GND                             ; gnd    ;              ;                     ; --           ;                 ; --       ; --           ;
; AA12     ; 74         ; 3A             ; RESERVED_INPUT_WITH_WEAK_PULLUP ;        ;              ;                     ; Column I/O   ;                 ; no       ; On           ;
; AA13     ; 90         ; 3B             ; RESERVED_INPUT_WITH_WEAK_PULLUP ;        ;              ;                     ; Column I/O   ;                 ; no       ; On           ;
; AA14     ; 122        ; 3B             ; KEY[0]                          ; input  ; 3.3-V LVTTL  ;                     ; Column I/O   ; Y               ; no       ; Off          ;
; AA15     ; 120        ; 3B             ; KEY[1]                          ; input  ; 3.3-V LVTTL  ;                     ; Column I/O   ; Y               ; no       ; Off          ;
; AA16     ; 146        ; 4A             ; RESERVED_INPUT_WITH_WEAK_PULLUP ;        ;              ;                     ; Column I/O   ;                 ; no       ; On           ;
; AA17     ;            ; 4A             ; VCCIO4A                         ; power  ;              ; 3.3V                ; --           ;                 ; --       ; --           ;
; AA18     ; 168        ; 4A             ; RESERVED_INPUT_WITH_WEAK_PULLUP ;        ;              ;                     ; Column I/O   ;                 ; no       ; On           ;
; AA19     ; 176        ; 4A             ; RESERVED_INPUT_WITH_WEAK_PULLUP ;        ;              ;                     ; Column I/O   ;                 ; no       ; On           ;
; AA20     ; 200        ; 4A             ; RESERVED_INPUT_WITH_WEAK_PULLUP ;        ;              ;                     ; Column I/O   ;                 ; no       ; On           ;
; AA21     ; 210        ; 4A             ; RESERVED_INPUT_WITH_WEAK_PULLUP ;        ;              ;                     ; Column I/O   ;                 ; no       ; On           ;
; AA22     ;            ;                ; GND                             ; gnd    ;              ;                     ; --           ;                 ; --       ; --           ;
; AA23     ;            ; --             ; VCCPGM                          ; power  ;              ; 1.8V/2.5V/3.0V/3.3V ; --           ;                 ; --       ; --           ;
; AA24     ; 228        ; 5A             ; RESERVED_INPUT_WITH_WEAK_PULLUP ;        ;              ;                     ; Row I/O      ;                 ; no       ; On           ;
; AA25     ; 224        ; 5A             ; RESERVED_INPUT_WITH_WEAK_PULLUP ;        ;              ;                     ; Row I/O      ;                 ; no       ; On           ;
; AA26     ; 252        ; 5B             ; RESERVED_INPUT_WITH_WEAK_PULLUP ;        ;              ;                     ; Row I/O      ;                 ; no       ; On           ;
; AA27     ;            ; 5B             ; VCCIO5B                         ; power  ;              ; 3.3V                ; --           ;                 ; --       ; --           ;
; AA28     ; 251        ; 5B             ; RESERVED_INPUT_WITH_WEAK_PULLUP ;        ;              ;                     ; Row I/O      ;                 ; no       ; On           ;
; AA29     ;            ; 5B             ; VREFB5BN0                       ; power  ;              ;                     ; --           ;                 ; --       ; --           ;
; AA30     ; 250        ; 5B             ; RESERVED_INPUT_WITH_WEAK_PULLUP ;        ;              ;                     ; Row I/O      ;                 ; no       ; On           ;
; AB1      ;            ;                ; GND                             ; gnd    ;              ;                     ; --           ;                 ; --       ; --           ;
; AB2      ;            ;                ; GND                             ; gnd    ;              ;                     ; --           ;                 ; --       ; --           ;
; AB3      ;            ;                ; DNU                             ;        ;              ;                     ; --           ;                 ; --       ; --           ;
; AB4      ;            ;                ; DNU                             ;        ;              ;                     ; --           ;                 ; --       ; --           ;
; AB5      ;            ;                ; GND                             ; gnd    ;              ;                     ; --           ;                 ; --       ; --           ;
; AB6      ;            ; --             ; VCCA_FPLL                       ; power  ;              ; 2.5V                ; --           ;                 ; --       ; --           ;
; AB7      ;            ;                ; GND                             ; gnd    ;              ;                     ; --           ;                 ; --       ; --           ;
; AB8      ; 43         ; 3A             ; ^nCSO, DATA4                    ;        ;              ;                     ; Weak Pull Up ;                 ; --       ; On           ;
; AB9      ; 42         ; 3A             ; #TDO                            ; output ;              ;                     ; --           ;                 ; --       ; --           ;
; AB10     ;            ; --             ; VCCPGM                          ; power  ;              ; 1.8V/2.5V/3.0V/3.3V ; --           ;                 ; --       ; --           ;
; AB11     ;            ; --             ; VCC_AUX                         ; power  ;              ; 2.5V                ; --           ;                 ; --       ; --           ;
; AB12     ; 72         ; 3A             ; SW[0]                           ; input  ; 3.3-V LVTTL  ;                     ; Column I/O   ; Y               ; no       ; Off          ;
; AB13     ; 88         ; 3B             ; RESERVED_INPUT_WITH_WEAK_PULLUP ;        ;              ;                     ; Column I/O   ;                 ; no       ; On           ;
; AB14     ;            ; 3B             ; VCCIO3B                         ; power  ;              ; 3.3V                ; --           ;                 ; --       ; --           ;
; AB15     ; 106        ; 3B             ; RESERVED_INPUT_WITH_WEAK_PULLUP ;        ;              ;                     ; Column I/O   ;                 ; no       ; On           ;
; AB16     ;            ; --             ; VCC_AUX                         ; power  ;              ; 2.5V                ; --           ;                 ; --       ; --           ;
; AB17     ; 144        ; 4A             ; RESERVED_INPUT_WITH_WEAK_PULLUP ;        ;              ;                     ; Column I/O   ;                 ; no       ; On           ;
; AB18     ;            ; 3B, 4A         ; VCCPD3B4A                       ; power  ;              ; 3.3V                ; --           ;                 ; --       ; --           ;
; AB19     ;            ;                ; GND                             ; gnd    ;              ;                     ; --           ;                 ; --       ; --           ;
; AB20     ;            ; 3B, 4A         ; VCCPD3B4A                       ; power  ;              ; 3.3V                ; --           ;                 ; --       ; --           ;
; AB21     ; 208        ; 4A             ; RESERVED_INPUT_WITH_WEAK_PULLUP ;        ;              ;                     ; Column I/O   ;                 ; no       ; On           ;
; AB22     ; 225        ; 5A             ; HEX3[6]                         ; output ; 3.3-V LVTTL  ;                     ; Row I/O      ; Y               ; no       ; Off          ;
; AB23     ; 227        ; 5A             ; HEX2[0]                         ; output ; 3.3-V LVTTL  ;                     ; Row I/O      ; Y               ; no       ; Off          ;
; AB24     ;            ; 5A             ; VCCIO5A                         ; power  ;              ; 3.3V                ; --           ;                 ; --       ; --           ;
; AB25     ; 230        ; 5A             ; HEX3[5]                         ; output ; 3.3-V LVTTL  ;                     ; Row I/O      ; Y               ; no       ; Off          ;
; AB26     ; 226        ; 5A             ; RESERVED_INPUT_WITH_WEAK_PULLUP ;        ;              ;                     ; Row I/O      ;                 ; no       ; On           ;
; AB27     ; 254        ; 5B             ; RESERVED_INPUT_WITH_WEAK_PULLUP ;        ;              ;                     ; Row I/O      ;                 ; no       ; On           ;
; AB28     ; 249        ; 5B             ; HEX3[4]                         ; output ; 3.3-V LVTTL  ;                     ; Row I/O      ; Y               ; no       ; Off          ;
; AB29     ;            ;                ; GND                             ; gnd    ;              ;                     ; --           ;                 ; --       ; --           ;
; AB30     ; 248        ; 5B             ; RESERVED_INPUT_WITH_WEAK_PULLUP ;        ;              ;                     ; Row I/O      ;                 ; no       ; On           ;
; AC1      ;            ;                ; GND                             ; gnd    ;              ;                     ; --           ;                 ; --       ; --           ;
; AC2      ;            ;                ; GND                             ; gnd    ;              ;                     ; --           ;                 ; --       ; --           ;
; AC3      ;            ;                ; GND                             ; gnd    ;              ;                     ; --           ;                 ; --       ; --           ;
; AC4      ;            ;                ; GND                             ; gnd    ;              ;                     ; --           ;                 ; --       ; --           ;
; AC5      ; 46         ; 3A             ; #TCK                            ; input  ;              ;                     ; --           ;                 ; --       ; --           ;
; AC6      ;            ;                ; GND                             ; gnd    ;              ;                     ; --           ;                 ; --       ; --           ;
; AC7      ; 45         ; 3A             ; ^AS_DATA3, DATA3                ;        ;              ;                     ; Weak Pull Up ;                 ; --       ; On           ;
; AC8      ;            ;                ; GND                             ; gnd    ;              ;                     ; --           ;                 ; --       ; --           ;
; AC9      ; 58         ; 3A             ; SW[7]                           ; input  ; 3.3-V LVTTL  ;                     ; Column I/O   ; Y               ; no       ; Off          ;
; AC10     ;            ; 3A             ; VCCPD3A                         ; power  ;              ; 3.3V                ; --           ;                 ; --       ; --           ;
; AC11     ;            ; 3A             ; VCCIO3A                         ; power  ;              ; 3.3V                ; --           ;                 ; --       ; --           ;
; AC12     ; 82         ; 3A             ; SW[1]                           ; input  ; 3.3-V LVTTL  ;                     ; Column I/O   ; Y               ; no       ; Off          ;
; AC13     ;            ; 3B, 4A         ; VCCPD3B4A                       ; power  ;              ; 3.3V                ; --           ;                 ; --       ; --           ;
; AC14     ; 104        ; 3B             ; RESERVED_INPUT_WITH_WEAK_PULLUP ;        ;              ;                     ; Column I/O   ;                 ; no       ; On           ;
; AC15     ;            ; 3B, 4A         ; VCCPD3B4A                       ; power  ;              ; 3.3V                ; --           ;                 ; --       ; --           ;
; AC16     ;            ;                ; GND                             ; gnd    ;              ;                     ; --           ;                 ; --       ; --           ;
; AC17     ;            ; 3B, 4A         ; VCCPD3B4A                       ; power  ;              ; 3.3V                ; --           ;                 ; --       ; --           ;
; AC18     ; 162        ; 4A             ; GPIO_0[0]                       ; bidir  ; 3.3-V LVTTL  ;                     ; Column I/O   ; Y               ; no       ; Off          ;
; AC19     ;            ; 3B, 4A         ; VCCPD3B4A                       ; power  ;              ; 3.3V                ; --           ;                 ; --       ; --           ;
; AC20     ; 186        ; 4A             ; RESERVED_INPUT_WITH_WEAK_PULLUP ;        ;              ;                     ; Column I/O   ;                 ; no       ; On           ;
; AC21     ;            ; 4A             ; VCCIO4A                         ; power  ;              ; 3.3V                ; --           ;                 ; --       ; --           ;
; AC22     ; 207        ; 4A             ; RESERVED_INPUT_WITH_WEAK_PULLUP ;        ;              ;                     ; Column I/O   ;                 ; no       ; On           ;
; AC23     ; 205        ; 4A             ; RESERVED_INPUT_WITH_WEAK_PULLUP ;        ;              ;                     ; Column I/O   ;                 ; no       ; On           ;
; AC24     ;            ; 5A             ; VREFB5AN0                       ; power  ;              ;                     ; --           ;                 ; --       ; --           ;
; AC25     ; 215        ; 5A             ; HEX3[3]                         ; output ; 3.3-V LVTTL  ;                     ; Row I/O      ; Y               ; no       ; Off          ;
; AC26     ;            ;                ; GND                             ; gnd    ;              ;                     ; --           ;                 ; --       ; --           ;
; AC27     ; 242        ; 5A             ; HEX3[1]                         ; output ; 3.3-V LVTTL  ;                     ; Row I/O      ; Y               ; no       ; Off          ;
; AC28     ; 245        ; 5B             ; HEX2[3]                         ; output ; 3.3-V LVTTL  ;                     ; Row I/O      ; Y               ; no       ; Off          ;
; AC29     ; 247        ; 5B             ; HEX2[5]                         ; output ; 3.3-V LVTTL  ;                     ; Row I/O      ; Y               ; no       ; Off          ;
; AC30     ; 259        ; 5B             ; HEX2[6]                         ; output ; 3.3-V LVTTL  ;                     ; Row I/O      ; Y               ; no       ; Off          ;
; AD1      ;            ;                ; GND                             ; gnd    ;              ;                     ; --           ;                 ; --       ; --           ;
; AD2      ;            ;                ; GND                             ; gnd    ;              ;                     ; --           ;                 ; --       ; --           ;
; AD3      ;            ;                ; DNU                             ;        ;              ;                     ; --           ;                 ; --       ; --           ;
; AD4      ;            ;                ; DNU                             ;        ;              ;                     ; --           ;                 ; --       ; --           ;
; AD5      ;            ;                ; GND                             ; gnd    ;              ;                     ; --           ;                 ; --       ; --           ;
; AD6      ;            ; 3A             ; VREFB3AN0                       ; power  ;              ;                     ; --           ;                 ; --       ; --           ;
; AD7      ; 62         ; 3A             ; RESERVED_INPUT_WITH_WEAK_PULLUP ;        ;              ;                     ; Column I/O   ;                 ; no       ; On           ;
; AD8      ;            ; 3A             ; VCCIO3A                         ; power  ;              ; 3.3V                ; --           ;                 ; --       ; --           ;
; AD9      ; 55         ; 3A             ; RESERVED_INPUT_WITH_WEAK_PULLUP ;        ;              ;                     ; Column I/O   ;                 ; no       ; On           ;
; AD10     ; 56         ; 3A             ; SW[8]                           ; input  ; 3.3-V LVTTL  ;                     ; Column I/O   ; Y               ; no       ; Off          ;
; AD11     ; 54         ; 3A             ; SW[4]                           ; input  ; 3.3-V LVTTL  ;                     ; Column I/O   ; Y               ; no       ; Off          ;
; AD12     ; 80         ; 3A             ; SW[5]                           ; input  ; 3.3-V LVTTL  ;                     ; Column I/O   ; Y               ; no       ; Off          ;
; AD13     ;            ; 3B             ; VCCIO3B                         ; power  ;              ; 3.3V                ; --           ;                 ; --       ; --           ;
; AD14     ; 98         ; 3B             ; RESERVED_INPUT_WITH_WEAK_PULLUP ;        ;              ;                     ; Column I/O   ;                 ; no       ; On           ;
; AD15     ;            ;                ; DNU                             ;        ;              ;                     ; --           ;                 ; --       ; --           ;
; AD16     ;            ; 3B, 4A         ; VCCPD3B4A                       ; power  ;              ; 3.3V                ; --           ;                 ; --       ; --           ;
; AD17     ; 160        ; 4A             ; RESERVED_INPUT_WITH_WEAK_PULLUP ;        ;              ;                     ; Column I/O   ;                 ; no       ; On           ;
; AD18     ;            ; 4A             ; VCCIO4A                         ; power  ;              ; 3.3V                ; --           ;                 ; --       ; --           ;
; AD19     ; 184        ; 4A             ; RESERVED_INPUT_WITH_WEAK_PULLUP ;        ;              ;                     ; Column I/O   ;                 ; no       ; On           ;
; AD20     ; 199        ; 4A             ; RESERVED_INPUT_WITH_WEAK_PULLUP ;        ;              ;                     ; Column I/O   ;                 ; no       ; On           ;
; AD21     ; 197        ; 4A             ; RESERVED_INPUT_WITH_WEAK_PULLUP ;        ;              ;                     ; Column I/O   ;                 ; no       ; On           ;
; AD22     ;            ; --             ; VCC_AUX                         ; power  ;              ; 2.5V                ; --           ;                 ; --       ; --           ;
; AD23     ;            ;                ; GND                             ; gnd    ;              ;                     ; --           ;                 ; --       ; --           ;
; AD24     ; 211        ; 4A             ; RESERVED_INPUT_WITH_WEAK_PULLUP ;        ;              ;                     ; Column I/O   ;                 ; no       ; On           ;
; AD25     ; 213        ; 5A             ; HEX3[2]                         ; output ; 3.3-V LVTTL  ;                     ; Row I/O      ; Y               ; no       ; Off          ;
; AD26     ; 240        ; 5A             ; HEX3[0]                         ; output ; 3.3-V LVTTL  ;                     ; Row I/O      ; Y               ; no       ; Off          ;
; AD27     ; 222        ; 5A             ; HEX1[6]                         ; output ; 3.3-V LVTTL  ;                     ; Row I/O      ; Y               ; no       ; Off          ;
; AD28     ;            ; 5A             ; VCCIO5A                         ; power  ;              ; 3.3V                ; --           ;                 ; --       ; --           ;
; AD29     ; 255        ; 5B             ; HEX2[2]                         ; output ; 3.3-V LVTTL  ;                     ; Row I/O      ; Y               ; no       ; Off          ;
; AD30     ; 257        ; 5B             ; HEX2[4]                         ; output ; 3.3-V LVTTL  ;                     ; Row I/O      ; Y               ; no       ; Off          ;
; AE1      ;            ;                ; GND                             ; gnd    ;              ;                     ; --           ;                 ; --       ; --           ;
; AE2      ;            ;                ; GND                             ; gnd    ;              ;                     ; --           ;                 ; --       ; --           ;
; AE3      ;            ;                ; GND                             ; gnd    ;              ;                     ; --           ;                 ; --       ; --           ;
; AE4      ;            ;                ; GND                             ; gnd    ;              ;                     ; --           ;                 ; --       ; --           ;
; AE5      ; 49         ; 3A             ; ^AS_DATA1, DATA1                ;        ;              ;                     ; Weak Pull Up ;                 ; --       ; On           ;
; AE6      ; 51         ; 3A             ; ^AS_DATA0, ASDO, DATA0          ;        ;              ;                     ; Weak Pull Up ;                 ; --       ; On           ;
; AE7      ; 60         ; 3A             ; RESERVED_INPUT_WITH_WEAK_PULLUP ;        ;              ;                     ; Column I/O   ;                 ; no       ; On           ;
; AE8      ; 47         ; 3A             ; ^AS_DATA2, DATA2                ;        ;              ;                     ; Weak Pull Up ;                 ; --       ; On           ;
; AE9      ; 53         ; 3A             ; RESERVED_INPUT_WITH_WEAK_PULLUP ;        ;              ;                     ; Column I/O   ;                 ; no       ; On           ;
; AE10     ;            ;                ; GND                             ; gnd    ;              ;                     ; --           ;                 ; --       ; --           ;
; AE11     ; 59         ; 3A             ; SW[6]                           ; input  ; 3.3-V LVTTL  ;                     ; Column I/O   ; Y               ; no       ; Off          ;
; AE12     ; 52         ; 3A             ; SW[9]                           ; input  ; 3.3-V LVTTL  ;                     ; Column I/O   ; Y               ; no       ; Off          ;
; AE13     ; 95         ; 3B             ; RESERVED_INPUT_WITH_WEAK_PULLUP ;        ;              ;                     ; Column I/O   ;                 ; no       ; On           ;
; AE14     ; 96         ; 3B             ; RESERVED_INPUT_WITH_WEAK_PULLUP ;        ;              ;                     ; Column I/O   ;                 ; no       ; On           ;
; AE15     ;            ; 3B             ; VCCIO3B                         ; power  ;              ; 3.3V                ; --           ;                 ; --       ; --           ;
; AE16     ; 139        ; 4A             ; RESERVED_INPUT_WITH_WEAK_PULLUP ;        ;              ;                     ; Column I/O   ;                 ; no       ; On           ;
; AE17     ; 135        ; 4A             ; RESERVED_INPUT_WITH_WEAK_PULLUP ;        ;              ;                     ; Column I/O   ;                 ; no       ; On           ;
; AE18     ; 167        ; 4A             ; RESERVED_INPUT_WITH_WEAK_PULLUP ;        ;              ;                     ; Column I/O   ;                 ; no       ; On           ;
; AE19     ; 165        ; 4A             ; RESERVED_INPUT_WITH_WEAK_PULLUP ;        ;              ;                     ; Column I/O   ;                 ; no       ; On           ;
; AE20     ;            ;                ; GND                             ; gnd    ;              ;                     ; --           ;                 ; --       ; --           ;
; AE21     ;            ; 3B, 4A         ; VCCPD3B4A                       ; power  ;              ; 3.3V                ; --           ;                 ; --       ; --           ;
; AE22     ; 191        ; 4A             ; RESERVED_INPUT_WITH_WEAK_PULLUP ;        ;              ;                     ; Column I/O   ;                 ; no       ; On           ;
; AE23     ; 189        ; 4A             ; RESERVED_INPUT_WITH_WEAK_PULLUP ;        ;              ;                     ; Column I/O   ;                 ; no       ; On           ;
; AE24     ; 209        ; 4A             ; RESERVED_INPUT_WITH_WEAK_PULLUP ;        ;              ;                     ; Column I/O   ;                 ; no       ; On           ;
; AE25     ;            ; 4A             ; VCCIO4A                         ; power  ;              ; 3.3V                ; --           ;                 ; --       ; --           ;
; AE26     ; 220        ; 5A             ; HEX0[0]                         ; output ; 3.3-V LVTTL  ;                     ; Row I/O      ; Y               ; no       ; Off          ;
; AE27     ; 229        ; 5A             ; HEX0[1]                         ; output ; 3.3-V LVTTL  ;                     ; Row I/O      ; Y               ; no       ; Off          ;
; AE28     ; 231        ; 5A             ; HEX0[2]                         ; output ; 3.3-V LVTTL  ;                     ; Row I/O      ; Y               ; no       ; Off          ;
; AE29     ; 253        ; 5B             ; HEX2[1]                         ; output ; 3.3-V LVTTL  ;                     ; Row I/O      ; Y               ; no       ; Off          ;
; AE30     ;            ; 5B             ; VCCIO5B                         ; power  ;              ; 3.3V                ; --           ;                 ; --       ; --           ;
; AF1      ;            ;                ; GND                             ; gnd    ;              ;                     ; --           ;                 ; --       ; --           ;
; AF2      ;            ;                ; GND                             ; gnd    ;              ;                     ; --           ;                 ; --       ; --           ;
; AF3      ;            ;                ; GND                             ; gnd    ;              ;                     ; --           ;                 ; --       ; --           ;
; AF4      ; 66         ; 3A             ; RESERVED_INPUT_WITH_WEAK_PULLUP ;        ;              ;                     ; Column I/O   ;                 ; no       ; On           ;
; AF5      ; 64         ; 3A             ; RESERVED_INPUT_WITH_WEAK_PULLUP ;        ;              ;                     ; Column I/O   ;                 ; no       ; On           ;
; AF6      ; 75         ; 3A             ; RESERVED_INPUT_WITH_WEAK_PULLUP ;        ;              ;                     ; Column I/O   ;                 ; no       ; On           ;
; AF7      ;            ; 3A             ; VCCIO3A                         ; power  ;              ; 3.3V                ; --           ;                 ; --       ; --           ;
; AF8      ; 70         ; 3A             ; RESERVED_INPUT_WITH_WEAK_PULLUP ;        ;              ;                     ; Column I/O   ;                 ; no       ; On           ;
; AF9      ; 67         ; 3A             ; SW[2]                           ; input  ; 3.3-V LVTTL  ;                     ; Column I/O   ; Y               ; no       ; Off          ;
; AF10     ; 57         ; 3A             ; SW[3]                           ; input  ; 3.3-V LVTTL  ;                     ; Column I/O   ; Y               ; no       ; Off          ;
; AF11     ; 87         ; 3B             ; RESERVED_INPUT_WITH_WEAK_PULLUP ;        ;              ;                     ; Column I/O   ;                 ; no       ; On           ;
; AF12     ;            ;                ; GND                             ; gnd    ;              ;                     ; --           ;                 ; --       ; --           ;
; AF13     ; 93         ; 3B             ; RESERVED_INPUT_WITH_WEAK_PULLUP ;        ;              ;                     ; Column I/O   ;                 ; no       ; On           ;
; AF14     ; 114        ; 3B             ; CLOCK_50                        ; input  ; 3.3-V LVTTL  ;                     ; Column I/O   ; Y               ; no       ; Off          ;
; AF15     ; 112        ; 3B             ; RESERVED_INPUT_WITH_WEAK_PULLUP ;        ;              ;                     ; Column I/O   ;                 ; no       ; On           ;
; AF16     ; 137        ; 4A             ; RESERVED_INPUT_WITH_WEAK_PULLUP ;        ;              ;                     ; Column I/O   ;                 ; no       ; On           ;
; AF17     ;            ;                ; GND                             ; gnd    ;              ;                     ; --           ;                 ; --       ; --           ;
; AF18     ; 133        ; 4A             ; RESERVED_INPUT_WITH_WEAK_PULLUP ;        ;              ;                     ; Column I/O   ;                 ; no       ; On           ;
; AF19     ; 159        ; 4A             ; RESERVED_INPUT_WITH_WEAK_PULLUP ;        ;              ;                     ; Column I/O   ;                 ; no       ; On           ;
; AF20     ; 175        ; 4A             ; RESERVED_INPUT_WITH_WEAK_PULLUP ;        ;              ;                     ; Column I/O   ;                 ; no       ; On           ;
; AF21     ; 173        ; 4A             ; RESERVED_INPUT_WITH_WEAK_PULLUP ;        ;              ;                     ; Column I/O   ;                 ; no       ; On           ;
; AF22     ;            ; 4A             ; VCCIO4A                         ; power  ;              ; 3.3V                ; --           ;                 ; --       ; --           ;
; AF23     ; 183        ; 4A             ; RESERVED_INPUT_WITH_WEAK_PULLUP ;        ;              ;                     ; Column I/O   ;                 ; no       ; On           ;
; AF24     ; 181        ; 4A             ; RESERVED_INPUT_WITH_WEAK_PULLUP ;        ;              ;                     ; Column I/O   ;                 ; no       ; On           ;
; AF25     ; 206        ; 4A             ; RESERVED_INPUT_WITH_WEAK_PULLUP ;        ;              ;                     ; Column I/O   ;                 ; no       ; On           ;
; AF26     ; 204        ; 4A             ; RESERVED_INPUT_WITH_WEAK_PULLUP ;        ;              ;                     ; Column I/O   ;                 ; no       ; On           ;
; AF27     ;            ;                ; GND                             ; gnd    ;              ;                     ; --           ;                 ; --       ; --           ;
; AF28     ; 235        ; 5A             ; HEX0[4]                         ; output ; 3.3-V LVTTL  ;                     ; Row I/O      ; Y               ; no       ; Off          ;
; AF29     ; 237        ; 5A             ; HEX1[4]                         ; output ; 3.3-V LVTTL  ;                     ; Row I/O      ; Y               ; no       ; Off          ;
; AF30     ; 239        ; 5A             ; HEX1[5]                         ; output ; 3.3-V LVTTL  ;                     ; Row I/O      ; Y               ; no       ; Off          ;
; AG1      ; 71         ; 3A             ; RESERVED_INPUT_WITH_WEAK_PULLUP ;        ;              ;                     ; Column I/O   ;                 ; no       ; On           ;
; AG2      ; 83         ; 3A             ; RESERVED_INPUT_WITH_WEAK_PULLUP ;        ;              ;                     ; Column I/O   ;                 ; no       ; On           ;
; AG3      ; 63         ; 3A             ; RESERVED_INPUT_WITH_WEAK_PULLUP ;        ;              ;                     ; Column I/O   ;                 ; no       ; On           ;
; AG4      ;            ; 3A             ; VCCIO3A                         ; power  ;              ; 3.3V                ; --           ;                 ; --       ; --           ;
; AG5      ; 78         ; 3A             ; RESERVED_INPUT_WITH_WEAK_PULLUP ;        ;              ;                     ; Column I/O   ;                 ; no       ; On           ;
; AG6      ; 73         ; 3A             ; RESERVED_INPUT_WITH_WEAK_PULLUP ;        ;              ;                     ; Column I/O   ;                 ; no       ; On           ;
; AG7      ; 68         ; 3A             ; RESERVED_INPUT_WITH_WEAK_PULLUP ;        ;              ;                     ; Column I/O   ;                 ; no       ; On           ;
; AG8      ; 65         ; 3A             ; RESERVED_INPUT_WITH_WEAK_PULLUP ;        ;              ;                     ; Column I/O   ;                 ; no       ; On           ;
; AG9      ;            ;                ; GND                             ; gnd    ;              ;                     ; --           ;                 ; --       ; --           ;
; AG10     ; 86         ; 3B             ; RESERVED_INPUT_WITH_WEAK_PULLUP ;        ;              ;                     ; Column I/O   ;                 ; no       ; On           ;
; AG11     ; 85         ; 3B             ; RESERVED_INPUT_WITH_WEAK_PULLUP ;        ;              ;                     ; Column I/O   ;                 ; no       ; On           ;
; AG12     ; 103        ; 3B             ; RESERVED_INPUT_WITH_WEAK_PULLUP ;        ;              ;                     ; Column I/O   ;                 ; no       ; On           ;
; AG13     ; 101        ; 3B             ; RESERVED_INPUT_WITH_WEAK_PULLUP ;        ;              ;                     ; Column I/O   ;                 ; no       ; On           ;
; AG14     ;            ;                ; GND                             ; gnd    ;              ;                     ; --           ;                 ; --       ; --           ;
; AG15     ; 127        ; 3B             ; RESERVED_INPUT_WITH_WEAK_PULLUP ;        ;              ;                     ; Column I/O   ;                 ; no       ; On           ;
; AG16     ; 134        ; 4A             ; RESERVED_INPUT_WITH_WEAK_PULLUP ;        ;              ;                     ; Column I/O   ;                 ; no       ; On           ;
; AG17     ; 132        ; 4A             ; RESERVED_INPUT_WITH_WEAK_PULLUP ;        ;              ;                     ; Column I/O   ;                 ; no       ; On           ;
; AG18     ; 150        ; 4A             ; RESERVED_INPUT_WITH_WEAK_PULLUP ;        ;              ;                     ; Column I/O   ;                 ; no       ; On           ;
; AG19     ;            ; 4A             ; VCCIO4A                         ; power  ;              ; 3.3V                ; --           ;                 ; --       ; --           ;
; AG20     ; 157        ; 4A             ; RESERVED_INPUT_WITH_WEAK_PULLUP ;        ;              ;                     ; Column I/O   ;                 ; no       ; On           ;
; AG21     ; 143        ; 4A             ; RESERVED_INPUT_WITH_WEAK_PULLUP ;        ;              ;                     ; Column I/O   ;                 ; no       ; On           ;
; AG22     ; 166        ; 4A             ; RESERVED_INPUT_WITH_WEAK_PULLUP ;        ;              ;                     ; Column I/O   ;                 ; no       ; On           ;
; AG23     ; 163        ; 4A             ; RESERVED_INPUT_WITH_WEAK_PULLUP ;        ;              ;                     ; Column I/O   ;                 ; no       ; On           ;
; AG24     ;            ;                ; GND                             ; gnd    ;              ;                     ; --           ;                 ; --       ; --           ;
; AG25     ; 190        ; 4A             ; RESERVED_INPUT_WITH_WEAK_PULLUP ;        ;              ;                     ; Column I/O   ;                 ; no       ; On           ;
; AG26     ; 203        ; 4A             ; RESERVED_INPUT_WITH_WEAK_PULLUP ;        ;              ;                     ; Column I/O   ;                 ; no       ; On           ;
; AG27     ; 212        ; 5A             ; HEX0[3]                         ; output ; 3.3-V LVTTL  ;                     ; Row I/O      ; Y               ; no       ; Off          ;
; AG28     ; 233        ; 5A             ; HEX0[5]                         ; output ; 3.3-V LVTTL  ;                     ; Row I/O      ; Y               ; no       ; Off          ;
; AG29     ;            ; 5A             ; VCCIO5A                         ; power  ;              ; 3.3V                ; --           ;                 ; --       ; --           ;
; AG30     ; 243        ; 5A             ; HEX1[3]                         ; output ; 3.3-V LVTTL  ;                     ; Row I/O      ; Y               ; no       ; Off          ;
; AH1      ;            ;                ; GND                             ; gnd    ;              ;                     ; --           ;                 ; --       ; --           ;
; AH2      ; 69         ; 3A             ; RESERVED_INPUT_WITH_WEAK_PULLUP ;        ;              ;                     ; Column I/O   ;                 ; no       ; On           ;
; AH3      ; 81         ; 3A             ; RESERVED_INPUT_WITH_WEAK_PULLUP ;        ;              ;                     ; Column I/O   ;                 ; no       ; On           ;
; AH4      ; 61         ; 3A             ; RESERVED_INPUT_WITH_WEAK_PULLUP ;        ;              ;                     ; Column I/O   ;                 ; no       ; On           ;
; AH5      ; 76         ; 3A             ; RESERVED_INPUT_WITH_WEAK_PULLUP ;        ;              ;                     ; Column I/O   ;                 ; no       ; On           ;
; AH6      ;            ;                ; GND                             ; gnd    ;              ;                     ; --           ;                 ; --       ; --           ;
; AH7      ; 115        ; 3B             ; RESERVED_INPUT_WITH_WEAK_PULLUP ;        ;              ;                     ; Column I/O   ;                 ; no       ; On           ;
; AH8      ; 113        ; 3B             ; RESERVED_INPUT_WITH_WEAK_PULLUP ;        ;              ;                     ; Column I/O   ;                 ; no       ; On           ;
; AH9      ; 84         ; 3B             ; RESERVED_INPUT_WITH_WEAK_PULLUP ;        ;              ;                     ; Column I/O   ;                 ; no       ; On           ;
; AH10     ; 118        ; 3B             ; RESERVED_INPUT_WITH_WEAK_PULLUP ;        ;              ;                     ; Column I/O   ;                 ; no       ; On           ;
; AH11     ;            ;                ; GND                             ; gnd    ;              ;                     ; --           ;                 ; --       ; --           ;
; AH12     ; 126        ; 3B             ; RESERVED_INPUT_WITH_WEAK_PULLUP ;        ;              ;                     ; Column I/O   ;                 ; no       ; On           ;
; AH13     ; 111        ; 3B             ; RESERVED_INPUT_WITH_WEAK_PULLUP ;        ;              ;                     ; Column I/O   ;                 ; no       ; On           ;
; AH14     ; 109        ; 3B             ; RESERVED_INPUT_WITH_WEAK_PULLUP ;        ;              ;                     ; Column I/O   ;                 ; no       ; On           ;
; AH15     ; 125        ; 3B             ; RESERVED_INPUT_WITH_WEAK_PULLUP ;        ;              ;                     ; Column I/O   ;                 ; no       ; On           ;
; AH16     ;            ; 4A             ; VCCIO4A                         ; power  ;              ; 3.3V                ; --           ;                 ; --       ; --           ;
; AH17     ; 147        ; 4A             ; RESERVED_INPUT_WITH_WEAK_PULLUP ;        ;              ;                     ; Column I/O   ;                 ; no       ; On           ;
; AH18     ; 145        ; 4A             ; RESERVED_INPUT_WITH_WEAK_PULLUP ;        ;              ;                     ; Column I/O   ;                 ; no       ; On           ;
; AH19     ; 148        ; 4A             ; RESERVED_INPUT_WITH_WEAK_PULLUP ;        ;              ;                     ; Column I/O   ;                 ; no       ; On           ;
; AH20     ; 141        ; 4A             ; RESERVED_INPUT_WITH_WEAK_PULLUP ;        ;              ;                     ; Column I/O   ;                 ; no       ; On           ;
; AH21     ;            ;                ; GND                             ; gnd    ;              ;                     ; --           ;                 ; --       ; --           ;
; AH22     ; 164        ; 4A             ; RESERVED_INPUT_WITH_WEAK_PULLUP ;        ;              ;                     ; Column I/O   ;                 ; no       ; On           ;
; AH23     ; 174        ; 4A             ; RESERVED_INPUT_WITH_WEAK_PULLUP ;        ;              ;                     ; Column I/O   ;                 ; no       ; On           ;
; AH24     ; 161        ; 4A             ; RESERVED_INPUT_WITH_WEAK_PULLUP ;        ;              ;                     ; Column I/O   ;                 ; no       ; On           ;
; AH25     ; 188        ; 4A             ; RESERVED_INPUT_WITH_WEAK_PULLUP ;        ;              ;                     ; Column I/O   ;                 ; no       ; On           ;
; AH26     ;            ; 4A             ; VCCIO4A                         ; power  ;              ; 3.3V                ; --           ;                 ; --       ; --           ;
; AH27     ; 201        ; 4A             ; RESERVED_INPUT_WITH_WEAK_PULLUP ;        ;              ;                     ; Column I/O   ;                 ; no       ; On           ;
; AH28     ; 214        ; 5A             ; HEX0[6]                         ; output ; 3.3-V LVTTL  ;                     ; Row I/O      ; Y               ; no       ; Off          ;
; AH29     ; 218        ; 5A             ; HEX1[1]                         ; output ; 3.3-V LVTTL  ;                     ; Row I/O      ; Y               ; no       ; Off          ;
; AH30     ; 241        ; 5A             ; HEX1[2]                         ; output ; 3.3-V LVTTL  ;                     ; Row I/O      ; Y               ; no       ; Off          ;
; AJ1      ; 79         ; 3A             ; RESERVED_INPUT_WITH_WEAK_PULLUP ;        ;              ;                     ; Column I/O   ;                 ; no       ; On           ;
; AJ2      ; 77         ; 3A             ; RESERVED_INPUT_WITH_WEAK_PULLUP ;        ;              ;                     ; Column I/O   ;                 ; no       ; On           ;
; AJ3      ;            ;                ; GND                             ; gnd    ;              ;                     ; --           ;                 ; --       ; --           ;
; AJ4      ; 94         ; 3B             ; RESERVED_INPUT_WITH_WEAK_PULLUP ;        ;              ;                     ; Column I/O   ;                 ; no       ; On           ;
; AJ5      ; 99         ; 3B             ; RESERVED_INPUT_WITH_WEAK_PULLUP ;        ;              ;                     ; Column I/O   ;                 ; no       ; On           ;
; AJ6      ; 102        ; 3B             ; RESERVED_INPUT_WITH_WEAK_PULLUP ;        ;              ;                     ; Column I/O   ;                 ; no       ; On           ;
; AJ7      ; 100        ; 3B             ; RESERVED_INPUT_WITH_WEAK_PULLUP ;        ;              ;                     ; Column I/O   ;                 ; no       ; On           ;
; AJ8      ;            ; 3B             ; VCCIO3B                         ; power  ;              ; 3.3V                ; --           ;                 ; --       ; --           ;
; AJ9      ; 110        ; 3B             ; RESERVED_INPUT_WITH_WEAK_PULLUP ;        ;              ;                     ; Column I/O   ;                 ; no       ; On           ;
; AJ10     ; 116        ; 3B             ; RESERVED_INPUT_WITH_WEAK_PULLUP ;        ;              ;                     ; Column I/O   ;                 ; no       ; On           ;
; AJ11     ; 119        ; 3B             ; RESERVED_INPUT_WITH_WEAK_PULLUP ;        ;              ;                     ; Column I/O   ;                 ; no       ; On           ;
; AJ12     ; 124        ; 3B             ; RESERVED_INPUT_WITH_WEAK_PULLUP ;        ;              ;                     ; Column I/O   ;                 ; no       ; On           ;
; AJ13     ;            ; 3B             ; VCCIO3B                         ; power  ;              ; 3.3V                ; --           ;                 ; --       ; --           ;
; AJ14     ; 131        ; 3B             ; RESERVED_INPUT_WITH_WEAK_PULLUP ;        ;              ;                     ; Column I/O   ;                 ; no       ; On           ;
; AJ15     ;            ; 3B             ; VREFB3BN0                       ; power  ;              ;                     ; --           ;                 ; --       ; --           ;
; AJ16     ; 142        ; 4A             ; RESERVED_INPUT_WITH_WEAK_PULLUP ;        ;              ;                     ; Column I/O   ;                 ; no       ; On           ;
; AJ17     ; 151        ; 4A             ; RESERVED_INPUT_WITH_WEAK_PULLUP ;        ;              ;                     ; Column I/O   ;                 ; no       ; On           ;
; AJ18     ;            ;                ; GND                             ; gnd    ;              ;                     ; --           ;                 ; --       ; --           ;
; AJ19     ; 155        ; 4A             ; RESERVED_INPUT_WITH_WEAK_PULLUP ;        ;              ;                     ; Column I/O   ;                 ; no       ; On           ;
; AJ20     ; 158        ; 4A             ; RESERVED_INPUT_WITH_WEAK_PULLUP ;        ;              ;                     ; Column I/O   ;                 ; no       ; On           ;
; AJ21     ; 156        ; 4A             ; RESERVED_INPUT_WITH_WEAK_PULLUP ;        ;              ;                     ; Column I/O   ;                 ; no       ; On           ;
; AJ22     ; 172        ; 4A             ; RESERVED_INPUT_WITH_WEAK_PULLUP ;        ;              ;                     ; Column I/O   ;                 ; no       ; On           ;
; AJ23     ;            ; 4A             ; VCCIO4A                         ; power  ;              ; 3.3V                ; --           ;                 ; --       ; --           ;
; AJ24     ; 182        ; 4A             ; RESERVED_INPUT_WITH_WEAK_PULLUP ;        ;              ;                     ; Column I/O   ;                 ; no       ; On           ;
; AJ25     ; 180        ; 4A             ; RESERVED_INPUT_WITH_WEAK_PULLUP ;        ;              ;                     ; Column I/O   ;                 ; no       ; On           ;
; AJ26     ; 187        ; 4A             ; RESERVED_INPUT_WITH_WEAK_PULLUP ;        ;              ;                     ; Column I/O   ;                 ; no       ; On           ;
; AJ27     ; 195        ; 4A             ; RESERVED_INPUT_WITH_WEAK_PULLUP ;        ;              ;                     ; Column I/O   ;                 ; no       ; On           ;
; AJ28     ;            ;                ; GND                             ; gnd    ;              ;                     ; --           ;                 ; --       ; --           ;
; AJ29     ; 216        ; 5A             ; HEX1[0]                         ; output ; 3.3-V LVTTL  ;                     ; Row I/O      ; Y               ; no       ; Off          ;
; AJ30     ;            ;                ; GND                             ; gnd    ;              ;                     ; --           ;                 ; --       ; --           ;
; AK2      ; 91         ; 3B             ; RESERVED_INPUT_WITH_WEAK_PULLUP ;        ;              ;                     ; Column I/O   ;                 ; no       ; On           ;
; AK3      ; 89         ; 3B             ; RESERVED_INPUT_WITH_WEAK_PULLUP ;        ;              ;                     ; Column I/O   ;                 ; no       ; On           ;
; AK4      ; 92         ; 3B             ; RESERVED_INPUT_WITH_WEAK_PULLUP ;        ;              ;                     ; Column I/O   ;                 ; no       ; On           ;
; AK5      ;            ;                ; GND                             ; gnd    ;              ;                     ; --           ;                 ; --       ; --           ;
; AK6      ; 97         ; 3B             ; RESERVED_INPUT_WITH_WEAK_PULLUP ;        ;              ;                     ; Column I/O   ;                 ; no       ; On           ;
; AK7      ; 107        ; 3B             ; RESERVED_INPUT_WITH_WEAK_PULLUP ;        ;              ;                     ; Column I/O   ;                 ; no       ; On           ;
; AK8      ; 105        ; 3B             ; RESERVED_INPUT_WITH_WEAK_PULLUP ;        ;              ;                     ; Column I/O   ;                 ; no       ; On           ;
; AK9      ; 108        ; 3B             ; RESERVED_INPUT_WITH_WEAK_PULLUP ;        ;              ;                     ; Column I/O   ;                 ; no       ; On           ;
; AK10     ;            ; 3B             ; VCCIO3B                         ; power  ;              ; 3.3V                ; --           ;                 ; --       ; --           ;
; AK11     ; 117        ; 3B             ; RESERVED_INPUT_WITH_WEAK_PULLUP ;        ;              ;                     ; Column I/O   ;                 ; no       ; On           ;
; AK12     ; 123        ; 3B             ; RESERVED_INPUT_WITH_WEAK_PULLUP ;        ;              ;                     ; Column I/O   ;                 ; no       ; On           ;
; AK13     ; 121        ; 3B             ; RESERVED_INPUT_WITH_WEAK_PULLUP ;        ;              ;                     ; Column I/O   ;                 ; no       ; On           ;
; AK14     ; 129        ; 3B             ; RESERVED_INPUT_WITH_WEAK_PULLUP ;        ;              ;                     ; Column I/O   ;                 ; no       ; On           ;
; AK15     ;            ;                ; GND                             ; gnd    ;              ;                     ; --           ;                 ; --       ; --           ;
; AK16     ; 140        ; 4A             ; RESERVED_INPUT_WITH_WEAK_PULLUP ;        ;              ;                     ; Column I/O   ;                 ; no       ; On           ;
; AK17     ;            ; 4A             ; VREFB4AN0                       ; power  ;              ;                     ; --           ;                 ; --       ; --           ;
; AK18     ; 149        ; 4A             ; RESERVED_INPUT_WITH_WEAK_PULLUP ;        ;              ;                     ; Column I/O   ;                 ; no       ; On           ;
; AK19     ; 153        ; 4A             ; RESERVED_INPUT_WITH_WEAK_PULLUP ;        ;              ;                     ; Column I/O   ;                 ; no       ; On           ;
; AK20     ;            ; 4A             ; VCCIO4A                         ; power  ;              ; 3.3V                ; --           ;                 ; --       ; --           ;
; AK21     ; 171        ; 4A             ; RESERVED_INPUT_WITH_WEAK_PULLUP ;        ;              ;                     ; Column I/O   ;                 ; no       ; On           ;
; AK22     ; 169        ; 4A             ; RESERVED_INPUT_WITH_WEAK_PULLUP ;        ;              ;                     ; Column I/O   ;                 ; no       ; On           ;
; AK23     ; 179        ; 4A             ; RESERVED_INPUT_WITH_WEAK_PULLUP ;        ;              ;                     ; Column I/O   ;                 ; no       ; On           ;
; AK24     ; 177        ; 4A             ; RESERVED_INPUT_WITH_WEAK_PULLUP ;        ;              ;                     ; Column I/O   ;                 ; no       ; On           ;
; AK25     ;            ;                ; GND                             ; gnd    ;              ;                     ; --           ;                 ; --       ; --           ;
; AK26     ; 185        ; 4A             ; RESERVED_INPUT_WITH_WEAK_PULLUP ;        ;              ;                     ; Column I/O   ;                 ; no       ; On           ;
; AK27     ; 193        ; 4A             ; RESERVED_INPUT_WITH_WEAK_PULLUP ;        ;              ;                     ; Column I/O   ;                 ; no       ; On           ;
; AK28     ; 198        ; 4A             ; RESERVED_INPUT_WITH_WEAK_PULLUP ;        ;              ;                     ; Column I/O   ;                 ; no       ; On           ;
; AK29     ; 196        ; 4A             ; RESERVED_INPUT_WITH_WEAK_PULLUP ;        ;              ;                     ; Column I/O   ;                 ; no       ; On           ;
; B1       ; 509        ; 8A             ; RESERVED_INPUT_WITH_WEAK_PULLUP ;        ;              ;                     ; Column I/O   ;                 ; no       ; On           ;
; B2       ; 507        ; 8A             ; RESERVED_INPUT_WITH_WEAK_PULLUP ;        ;              ;                     ; Column I/O   ;                 ; no       ; On           ;
; B3       ; 513        ; 8A             ; RESERVED_INPUT_WITH_WEAK_PULLUP ;        ;              ;                     ; Column I/O   ;                 ; no       ; On           ;
; B4       ;            ; 8A             ; VCCIO8A                         ; power  ;              ; 3.3V                ; --           ;                 ; --       ; --           ;
; B5       ; 512        ; 8A             ; RESERVED_INPUT_WITH_WEAK_PULLUP ;        ;              ;                     ; Column I/O   ;                 ; no       ; On           ;
; B6       ; 510        ; 8A             ; RESERVED_INPUT_WITH_WEAK_PULLUP ;        ;              ;                     ; Column I/O   ;                 ; no       ; On           ;
; B7       ; 477        ; 8A             ; RESERVED_INPUT_WITH_WEAK_PULLUP ;        ;              ;                     ; Column I/O   ;                 ; no       ; On           ;
; B8       ; 481        ; 8A             ; RESERVED_INPUT_WITH_WEAK_PULLUP ;        ;              ;                     ; Column I/O   ;                 ; no       ; On           ;
; B9       ;            ;                ; GND                             ; gnd    ;              ;                     ; --           ;                 ; --       ; --           ;
; B10      ;            ; 8A             ; VREFB8AN0                       ; power  ;              ;                     ; --           ;                 ; --       ; --           ;
; B11      ; 469        ; 8A             ; VGA_HS                          ; output ; 3.3-V LVTTL  ;                     ; Column I/O   ; Y               ; no       ; Off          ;
; B12      ; 464        ; 8A             ; VGA_R[3]                        ; output ; 3.3-V LVTTL  ;                     ; Column I/O   ; Y               ; no       ; Off          ;
; B13      ; 459        ; 8A             ; VGA_B[0]                        ; output ; 3.3-V LVTTL  ;                     ; Column I/O   ; Y               ; no       ; Off          ;
; B14      ;            ;                ; GND                             ; gnd    ;              ;                     ; --           ;                 ; --       ; --           ;
; B15      ; 451        ; 7D             ; RESERVED_INPUT_WITH_WEAK_PULLUP ;        ;              ;                     ; Column I/O   ;                 ; no       ; On           ;
; B16      ; 441        ; 7C             ; RESERVED_INPUT_WITH_WEAK_PULLUP ;        ;              ;                     ; Column I/O   ;                 ; no       ; On           ;
; B17      ; 431        ; 7C             ; RESERVED_INPUT_WITH_WEAK_PULLUP ;        ;              ;                     ; Column I/O   ;                 ; no       ; On           ;
; B18      ; 418        ; 7B             ; RESERVED_INPUT_WITH_WEAK_PULLUP ;        ;              ;                     ; Column I/O   ;                 ; no       ; On           ;
; B19      ;            ;                ; GND                             ; gnd    ;              ;                     ; --           ;                 ; --       ; --           ;
; B20      ; 417        ; 7B             ; RESERVED_INPUT_WITH_WEAK_PULLUP ;        ;              ;                     ; Column I/O   ;                 ; no       ; On           ;
; B21      ; 413        ; 7B             ; RESERVED_INPUT_WITH_WEAK_PULLUP ;        ;              ;                     ; Column I/O   ;                 ; no       ; On           ;
; B22      ; 399        ; 7A             ; RESERVED_INPUT_WITH_WEAK_PULLUP ;        ;              ;                     ; Column I/O   ;                 ; no       ; On           ;
; B23      ; 397        ; 7A             ; RESERVED_INPUT_WITH_WEAK_PULLUP ;        ;              ;                     ; Column I/O   ;                 ; no       ; On           ;
; B24      ;            ;                ; GND                             ; gnd    ;              ;                     ; --           ;                 ; --       ; --           ;
; B25      ; 387        ; 7A             ; RESERVED_INPUT_WITH_WEAK_PULLUP ;        ;              ;                     ; Column I/O   ;                 ; no       ; On           ;
; B26      ; 386        ; 7A             ; RESERVED_INPUT_WITH_WEAK_PULLUP ;        ;              ;                     ; Column I/O   ;                 ; no       ; On           ;
; B27      ; 381        ; 7A             ; ^HPS_TDI                        ;        ;              ;                     ; --           ;                 ; --       ; --           ;
; B28      ; 376        ; 7A             ; ^HPS_TDO                        ;        ;              ;                     ; --           ;                 ; --       ; --           ;
; B29      ;            ;                ; GND                             ; gnd    ;              ;                     ; --           ;                 ; --       ; --           ;
; B30      ; 365        ; 6A             ; RESERVED_INPUT_WITH_WEAK_PULLUP ;        ;              ;                     ; Row I/O      ;                 ; no       ; On           ;
; C1       ;            ;                ; GND                             ; gnd    ;              ;                     ; --           ;                 ; --       ; --           ;
; C2       ; 517        ; 8A             ; RESERVED_INPUT_WITH_WEAK_PULLUP ;        ;              ;                     ; Column I/O   ;                 ; no       ; On           ;
; C3       ; 511        ; 8A             ; RESERVED_INPUT_WITH_WEAK_PULLUP ;        ;              ;                     ; Column I/O   ;                 ; no       ; On           ;
; C4       ; 501        ; 8A             ; RESERVED_INPUT_WITH_WEAK_PULLUP ;        ;              ;                     ; Column I/O   ;                 ; no       ; On           ;
; C5       ; 497        ; 8A             ; RESERVED_INPUT_WITH_WEAK_PULLUP ;        ;              ;                     ; Column I/O   ;                 ; no       ; On           ;
; C6       ;            ;                ; GND                             ; gnd    ;              ;                     ; --           ;                 ; --       ; --           ;
; C7       ; 475        ; 8A             ; RESERVED_INPUT_WITH_WEAK_PULLUP ;        ;              ;                     ; Column I/O   ;                 ; no       ; On           ;
; C8       ; 479        ; 8A             ; RESERVED_INPUT_WITH_WEAK_PULLUP ;        ;              ;                     ; Column I/O   ;                 ; no       ; On           ;
; C9       ; 485        ; 8A             ; RESERVED_INPUT_WITH_WEAK_PULLUP ;        ;              ;                     ; Column I/O   ;                 ; no       ; On           ;
; C10      ; 483        ; 8A             ; VGA_SYNC_N                      ; output ; 3.3-V LVTTL  ;                     ; Column I/O   ; Y               ; no       ; Off          ;
; C11      ;            ; 8A             ; VCCIO8A                         ; power  ;              ; 3.3V                ; --           ;                 ; --       ; --           ;
; C12      ; 467        ; 8A             ; VGA_R[4]                        ; output ; 3.3-V LVTTL  ;                     ; Column I/O   ; Y               ; no       ; Off          ;
; C13      ; 462        ; 8A             ; VGA_R[1]                        ; output ; 3.3-V LVTTL  ;                     ; Column I/O   ; Y               ; no       ; Off          ;
; C14      ; 448        ; 7D             ; RESERVED_INPUT_WITH_WEAK_PULLUP ;        ;              ;                     ; Column I/O   ;                 ; no       ; On           ;
; C15      ; 453        ; 7D             ; RESERVED_INPUT_WITH_WEAK_PULLUP ;        ;              ;                     ; Column I/O   ;                 ; no       ; On           ;
; C16      ;            ;                ; GND                             ; gnd    ;              ;                     ; --           ;                 ; --       ; --           ;
; C17      ; 433        ; 7C             ; RESERVED_INPUT_WITH_WEAK_PULLUP ;        ;              ;                     ; Column I/O   ;                 ; no       ; On           ;
; C18      ; 435        ; 7C             ; RESERVED_INPUT_WITH_WEAK_PULLUP ;        ;              ;                     ; Column I/O   ;                 ; no       ; On           ;
; C19      ; 427        ; 7B             ; RESERVED_INPUT_WITH_WEAK_PULLUP ;        ;              ;                     ; Column I/O   ;                 ; no       ; On           ;
; C20      ; 421        ; 7B             ; RESERVED_INPUT_WITH_WEAK_PULLUP ;        ;              ;                     ; Column I/O   ;                 ; no       ; On           ;
; C21      ;            ;                ; GND                             ; gnd    ;              ;                     ; --           ;                 ; --       ; --           ;
; C22      ; 396        ; 7A             ; RESERVED_INPUT_WITH_WEAK_PULLUP ;        ;              ;                     ; Column I/O   ;                 ; no       ; On           ;
; C23      ; 401        ; 7A             ; RESERVED_INPUT_WITH_WEAK_PULLUP ;        ;              ;                     ; Column I/O   ;                 ; no       ; On           ;
; C24      ; 393        ; 7A             ; RESERVED_INPUT_WITH_WEAK_PULLUP ;        ;              ;                     ; Column I/O   ;                 ; no       ; On           ;
; C25      ; 388        ; 7A             ; RESERVED_INPUT_WITH_WEAK_PULLUP ;        ;              ;                     ; Column I/O   ;                 ; no       ; On           ;
; C26      ;            ;                ; GND                             ; gnd    ;              ;                     ; --           ;                 ; --       ; --           ;
; C27      ; 374        ; 7A             ; ^HPS_nRST                       ;        ;              ;                     ; --           ;                 ; --       ; --           ;
; C28      ; 369        ; 6A             ; RESERVED_INPUT_WITH_WEAK_PULLUP ;        ;              ;                     ; Row I/O      ;                 ; no       ; On           ;
; C29      ; 367        ; 6A             ; RESERVED_INPUT_WITH_WEAK_PULLUP ;        ;              ;                     ; Row I/O      ;                 ; no       ; On           ;
; C30      ; 363        ; 6A             ; RESERVED_INPUT_WITH_WEAK_PULLUP ;        ;              ;                     ; Row I/O      ;                 ; no       ; On           ;
; D1       ; 529        ; 8A             ; RESERVED_INPUT_WITH_WEAK_PULLUP ;        ;              ;                     ; Column I/O   ;                 ; no       ; On           ;
; D2       ; 515        ; 8A             ; RESERVED_INPUT_WITH_WEAK_PULLUP ;        ;              ;                     ; Column I/O   ;                 ; no       ; On           ;
; D3       ;            ;                ; GND                             ; gnd    ;              ;                     ; --           ;                 ; --       ; --           ;
; D4       ; 521        ; 8A             ; RESERVED_INPUT_WITH_WEAK_PULLUP ;        ;              ;                     ; Column I/O   ;                 ; no       ; On           ;
; D5       ; 499        ; 8A             ; RESERVED_INPUT_WITH_WEAK_PULLUP ;        ;              ;                     ; Column I/O   ;                 ; no       ; On           ;
; D6       ; 495        ; 8A             ; RESERVED_INPUT_WITH_WEAK_PULLUP ;        ;              ;                     ; Column I/O   ;                 ; no       ; On           ;
; D7       ; 505        ; 8A             ; RESERVED_INPUT_WITH_WEAK_PULLUP ;        ;              ;                     ; Column I/O   ;                 ; no       ; On           ;
; D8       ;            ; 8A             ; VCCIO8A                         ; power  ;              ; 3.3V                ; --           ;                 ; --       ; --           ;
; D9       ; 480        ; 8A             ; RESERVED_INPUT_WITH_WEAK_PULLUP ;        ;              ;                     ; Column I/O   ;                 ; no       ; On           ;
; D10      ; 472        ; 8A             ; RESERVED_INPUT_WITH_WEAK_PULLUP ;        ;              ;                     ; Column I/O   ;                 ; no       ; On           ;
; D11      ; 470        ; 8A             ; VGA_VS                          ; output ; 3.3-V LVTTL  ;                     ; Column I/O   ; Y               ; no       ; Off          ;
; D12      ; 496        ; 8A             ; VGA_R[5]                        ; output ; 3.3-V LVTTL  ;                     ; Column I/O   ; Y               ; no       ; Off          ;
; D13      ;            ;                ; GND                             ; gnd    ;              ;                     ; --           ;                 ; --       ; --           ;
; D14      ; 446        ; 7D             ; RESERVED_INPUT_WITH_WEAK_PULLUP ;        ;              ;                     ; Column I/O   ;                 ; no       ; On           ;
; D15      ; 449        ; 7D             ; RESERVED_INPUT_WITH_WEAK_PULLUP ;        ;              ;                     ; Column I/O   ;                 ; no       ; On           ;
; D16      ; 445        ; 7D             ; RESERVED_INPUT_WITH_WEAK_PULLUP ;        ;              ;                     ; Column I/O   ;                 ; no       ; On           ;
; D17      ; 440        ; 7C             ; RESERVED_INPUT_WITH_WEAK_PULLUP ;        ;              ;                     ; Column I/O   ;                 ; no       ; On           ;
; D18      ;            ; 7C             ; VCCIO7C_HPS                     ; power  ;              ; 2.5V                ; --           ;                 ; --       ; --           ;
; D19      ; 426        ; 7B             ; RESERVED_INPUT_WITH_WEAK_PULLUP ;        ;              ;                     ; Column I/O   ;                 ; no       ; On           ;
; D20      ; 420        ; 7B             ; RESERVED_INPUT_WITH_WEAK_PULLUP ;        ;              ;                     ; Column I/O   ;                 ; no       ; On           ;
; D21      ; 419        ; 7B             ; RESERVED_INPUT_WITH_WEAK_PULLUP ;        ;              ;                     ; Column I/O   ;                 ; no       ; On           ;
; D22      ; 402        ; 7A             ; RESERVED_INPUT_WITH_WEAK_PULLUP ;        ;              ;                     ; Column I/O   ;                 ; no       ; On           ;
; D23      ;            ;                ; GND                             ; gnd    ;              ;                     ; --           ;                 ; --       ; --           ;
; D24      ; 404        ; 7A             ; RESERVED_INPUT_WITH_WEAK_PULLUP ;        ;              ;                     ; Column I/O   ;                 ; no       ; On           ;
; D25      ; 384        ; 7A             ; ^HPS_CLK1                       ;        ;              ;                     ; --           ;                 ; --       ; --           ;
; D26      ; 373        ; 7A             ; ^GND                            ;        ;              ;                     ; --           ;                 ; --       ; --           ;
; D27      ; 371        ; 6A             ; HPS_RZQ_0                       ;        ;              ;                     ; --           ;                 ; no       ; On           ;
; D28      ;            ; 6A             ; VCCIO6A_HPS                     ; power  ;              ; 2.5V                ; --           ;                 ; --       ; --           ;
; D29      ; 361        ; 6A             ; RESERVED_INPUT_WITH_WEAK_PULLUP ;        ;              ;                     ; Row I/O      ;                 ; no       ; On           ;
; D30      ; 359        ; 6A             ; RESERVED_INPUT_WITH_WEAK_PULLUP ;        ;              ;                     ; Row I/O      ;                 ; no       ; On           ;
; E1       ; 527        ; 8A             ; RESERVED_INPUT_WITH_WEAK_PULLUP ;        ;              ;                     ; Column I/O   ;                 ; no       ; On           ;
; E2       ; 525        ; 8A             ; RESERVED_INPUT_WITH_WEAK_PULLUP ;        ;              ;                     ; Column I/O   ;                 ; no       ; On           ;
; E3       ; 523        ; 8A             ; RESERVED_INPUT_WITH_WEAK_PULLUP ;        ;              ;                     ; Column I/O   ;                 ; no       ; On           ;
; E4       ; 519        ; 8A             ; RESERVED_INPUT_WITH_WEAK_PULLUP ;        ;              ;                     ; Column I/O   ;                 ; no       ; On           ;
; E5       ;            ; 8A             ; VCCIO8A                         ; power  ;              ; 3.3V                ; --           ;                 ; --       ; --           ;
; E6       ; 533        ; 8A             ; RESERVED_INPUT_WITH_WEAK_PULLUP ;        ;              ;                     ; Column I/O   ;                 ; no       ; On           ;
; E7       ; 531        ; 8A             ; RESERVED_INPUT_WITH_WEAK_PULLUP ;        ;              ;                     ; Column I/O   ;                 ; no       ; On           ;
; E8       ; 503        ; 8A             ; RESERVED_INPUT_WITH_WEAK_PULLUP ;        ;              ;                     ; Column I/O   ;                 ; no       ; On           ;
; E9       ; 478        ; 8A             ; RESERVED_INPUT_WITH_WEAK_PULLUP ;        ;              ;                     ; Column I/O   ;                 ; no       ; On           ;
; E10      ;            ;                ; GND                             ; gnd    ;              ;                     ; --           ;                 ; --       ; --           ;
; E11      ; 504        ; 8A             ; VGA_G[7]                        ; output ; 3.3-V LVTTL  ;                     ; Column I/O   ; Y               ; no       ; Off          ;
; E12      ; 494        ; 8A             ; VGA_R[6]                        ; output ; 3.3-V LVTTL  ;                     ; Column I/O   ; Y               ; no       ; Off          ;
; E13      ; 488        ; 8A             ; VGA_R[2]                        ; output ; 3.3-V LVTTL  ;                     ; Column I/O   ; Y               ; no       ; Off          ;
; E14      ; 454        ; 7D             ; RESERVED_INPUT_WITH_WEAK_PULLUP ;        ;              ;                     ; Column I/O   ;                 ; no       ; On           ;
; E15      ;            ; 7D             ; VCCIO7D_HPS                     ; power  ;              ; 2.5V                ; --           ;                 ; --       ; --           ;
; E16      ; 443        ; 7D             ; RESERVED_INPUT_WITH_WEAK_PULLUP ;        ;              ;                     ; Column I/O   ;                 ; no       ; On           ;
; E17      ; 438        ; 7C             ; RESERVED_INPUT_WITH_WEAK_PULLUP ;        ;              ;                     ; Column I/O   ;                 ; no       ; On           ;
; E18      ; 437        ; 7C             ; RESERVED_INPUT_WITH_WEAK_PULLUP ;        ;              ;                     ; Column I/O   ;                 ; no       ; On           ;
; E19      ; 424        ; 7B             ; RESERVED_INPUT_WITH_WEAK_PULLUP ;        ;              ;                     ; Column I/O   ;                 ; no       ; On           ;
; E20      ;            ; 7B             ; VCCIO7B_HPS                     ; power  ;              ; 2.5V                ; --           ;                 ; --       ; --           ;
; E21      ; 412        ; 7B             ; RESERVED_INPUT_WITH_WEAK_PULLUP ;        ;              ;                     ; Column I/O   ;                 ; no       ; On           ;
; E22      ;            ; 7A, 7B, 7C, 7D ; VREFB7A7B7C7DN0_HPS             ; power  ;              ;                     ; --           ;                 ; --       ; --           ;
; E23      ; 394        ; 7A             ; RESERVED_INPUT_WITH_WEAK_PULLUP ;        ;              ;                     ; Column I/O   ;                 ; no       ; On           ;
; E24      ; 403        ; 7A             ; RESERVED_INPUT_WITH_WEAK_PULLUP ;        ;              ;                     ; Column I/O   ;                 ; no       ; On           ;
; E25      ;            ;                ; GND                             ; gnd    ;              ;                     ; --           ;                 ; --       ; --           ;
; E26      ;            ;                ; DNU                             ;        ;              ;                     ; --           ;                 ; --       ; --           ;
; E27      ; 357        ; 6A             ; RESERVED_INPUT_WITH_WEAK_PULLUP ;        ;              ;                     ; Row I/O      ;                 ; no       ; On           ;
; E28      ; 351        ; 6A             ; RESERVED_INPUT_WITH_WEAK_PULLUP ;        ;              ;                     ; Row I/O      ;                 ; no       ; On           ;
; E29      ; 353        ; 6A             ; RESERVED_INPUT_WITH_WEAK_PULLUP ;        ;              ;                     ; Row I/O      ;                 ; no       ; On           ;
; E30      ;            ;                ; GND                             ; gnd    ;              ;                     ; --           ;                 ; --       ; --           ;
; F1       ;            ;                ; DNU                             ;        ;              ;                     ; --           ;                 ; --       ; --           ;
; F2       ;            ;                ; GND                             ; gnd    ;              ;                     ; --           ;                 ; --       ; --           ;
; F3       ; 539        ; 9A             ; ^CONF_DONE                      ;        ;              ;                     ; --           ;                 ; --       ; --           ;
; F4       ; 541        ; 9A             ; ^nSTATUS                        ;        ;              ;                     ; --           ;                 ; --       ; --           ;
; F5       ;            ;                ; GND                             ; gnd    ;              ;                     ; --           ;                 ; --       ; --           ;
; F6       ; 537        ; 8A             ; RESERVED_INPUT_WITH_WEAK_PULLUP ;        ;              ;                     ; Column I/O   ;                 ; no       ; On           ;
; F7       ;            ;                ; GND                             ; gnd    ;              ;                     ; --           ;                 ; --       ; --           ;
; F8       ; 536        ; 8A             ; RESERVED_INPUT_WITH_WEAK_PULLUP ;        ;              ;                     ; Column I/O   ;                 ; no       ; On           ;
; F9       ; 534        ; 8A             ; RESERVED_INPUT_WITH_WEAK_PULLUP ;        ;              ;                     ; Column I/O   ;                 ; no       ; On           ;
; F10      ; 528        ; 8A             ; VGA_BLANK_N                     ; output ; 3.3-V LVTTL  ;                     ; Column I/O   ; Y               ; no       ; Off          ;
; F11      ; 502        ; 8A             ; VGA_G[6]                        ; output ; 3.3-V LVTTL  ;                     ; Column I/O   ; Y               ; no       ; Off          ;
; F12      ;            ; 8A             ; VCCIO8A                         ; power  ;              ; 3.3V                ; --           ;                 ; --       ; --           ;
; F13      ; 486        ; 8A             ; VGA_R[7]                        ; output ; 3.3-V LVTTL  ;                     ; Column I/O   ; Y               ; no       ; Off          ;
; F14      ; 468        ; 8A             ; VGA_B[3]                        ; output ; 3.3-V LVTTL  ;                     ; Column I/O   ; Y               ; no       ; Off          ;
; F15      ; 466        ; 8A             ; VGA_B[5]                        ; output ; 3.3-V LVTTL  ;                     ; Column I/O   ; Y               ; no       ; Off          ;
; F16      ; 442        ; 7D             ; RESERVED_INPUT_WITH_WEAK_PULLUP ;        ;              ;                     ; Column I/O   ;                 ; no       ; On           ;
; F17      ;            ;                ; GND                             ; gnd    ;              ;                     ; --           ;                 ; --       ; --           ;
; F18      ; 430        ; 7C             ; RESERVED_INPUT_WITH_WEAK_PULLUP ;        ;              ;                     ; Column I/O   ;                 ; no       ; On           ;
; F19      ; 410        ; 7B             ; RESERVED_INPUT_WITH_WEAK_PULLUP ;        ;              ;                     ; Column I/O   ;                 ; no       ; On           ;
; F20      ; 407        ; 7B             ; RESERVED_INPUT_WITH_WEAK_PULLUP ;        ;              ;                     ; Column I/O   ;                 ; no       ; On           ;
; F21      ; 409        ; 7B             ; RESERVED_INPUT_WITH_WEAK_PULLUP ;        ;              ;                     ; Column I/O   ;                 ; no       ; On           ;
; F22      ;            ; 7A             ; VCCIO7A_HPS                     ; power  ;              ; 2.5V                ; --           ;                 ; --       ; --           ;
; F23      ; 375        ; 7A             ; ^HPS_nPOR                       ;        ;              ;                     ; --           ;                 ; --       ; --           ;
; F24      ; 383        ; 7A             ; ^HPS_PORSEL                     ;        ;              ;                     ; --           ;                 ; --       ; --           ;
; F25      ; 385        ; 7A             ; ^HPS_CLK2                       ;        ;              ;                     ; --           ;                 ; --       ; --           ;
; F26      ; 341        ; 6A             ; RESERVED_INPUT_WITH_WEAK_PULLUP ;        ;              ;                     ; Row I/O      ;                 ; no       ; On           ;
; F27      ;            ;                ; GND                             ; gnd    ;              ;                     ; --           ;                 ; --       ; --           ;
; F28      ; 345        ; 6A             ; RESERVED_INPUT_WITH_WEAK_PULLUP ;        ;              ;                     ; Row I/O      ;                 ; no       ; On           ;
; F29      ; 349        ; 6A             ; RESERVED_INPUT_WITH_WEAK_PULLUP ;        ;              ;                     ; Row I/O      ;                 ; no       ; On           ;
; F30      ; 347        ; 6A             ; RESERVED_INPUT_WITH_WEAK_PULLUP ;        ;              ;                     ; Row I/O      ;                 ; no       ; On           ;
; G1       ;            ;                ; RREF                            ;        ;              ;                     ; --           ;                 ; --       ; --           ;
; G2       ;            ;                ; DNU                             ;        ;              ;                     ; --           ;                 ; --       ; --           ;
; G3       ;            ;                ; GND                             ; gnd    ;              ;                     ; --           ;                 ; --       ; --           ;
; G4       ;            ;                ; GND                             ; gnd    ;              ;                     ; --           ;                 ; --       ; --           ;
; G5       ; 542        ; 9A             ; ^nCE                            ;        ;              ;                     ; --           ;                 ; --       ; --           ;
; G6       ; 543        ; 9A             ; ^MSEL2                          ;        ;              ;                     ; --           ;                 ; --       ; --           ;
; G7       ; 535        ; 8A             ; RESERVED_INPUT_WITH_WEAK_PULLUP ;        ;              ;                     ; Column I/O   ;                 ; no       ; On           ;
; G8       ; 492        ; 8A             ; RESERVED_INPUT_WITH_WEAK_PULLUP ;        ;              ;                     ; Column I/O   ;                 ; no       ; On           ;
; G9       ;            ; 8A             ; VCCIO8A                         ; power  ;              ; 3.3V                ; --           ;                 ; --       ; --           ;
; G10      ; 526        ; 8A             ; VGA_G[3]                        ; output ; 3.3-V LVTTL  ;                     ; Column I/O   ; Y               ; no       ; Off          ;
; G11      ; 520        ; 8A             ; VGA_G[4]                        ; output ; 3.3-V LVTTL  ;                     ; Column I/O   ; Y               ; no       ; Off          ;
; G12      ; 518        ; 8A             ; VGA_G[5]                        ; output ; 3.3-V LVTTL  ;                     ; Column I/O   ; Y               ; no       ; Off          ;
; G13      ; 484        ; 8A             ; VGA_B[1]                        ; output ; 3.3-V LVTTL  ;                     ; Column I/O   ; Y               ; no       ; Off          ;
; G14      ;            ; 8A             ; VCCIO8A                         ; power  ;              ; 3.3V                ; --           ;                 ; --       ; --           ;
; G15      ; 460        ; 8A             ; VGA_B[6]                        ; output ; 3.3-V LVTTL  ;                     ; Column I/O   ; Y               ; no       ; Off          ;
; G16      ; 444        ; 7D             ; RESERVED_INPUT_WITH_WEAK_PULLUP ;        ;              ;                     ; Column I/O   ;                 ; no       ; On           ;
; G17      ; 436        ; 7C             ; RESERVED_INPUT_WITH_WEAK_PULLUP ;        ;              ;                     ; Column I/O   ;                 ; no       ; On           ;
; G18      ; 432        ; 7C             ; RESERVED_INPUT_WITH_WEAK_PULLUP ;        ;              ;                     ; Column I/O   ;                 ; no       ; On           ;
; G19      ;            ; 7B             ; VCCIO7B_HPS                     ; power  ;              ; 2.5V                ; --           ;                 ; --       ; --           ;
; G20      ; 416        ; 7B             ; RESERVED_INPUT_WITH_WEAK_PULLUP ;        ;              ;                     ; Column I/O   ;                 ; no       ; On           ;
; G21      ; 392        ; 7A             ; RESERVED_INPUT_WITH_WEAK_PULLUP ;        ;              ;                     ; Column I/O   ;                 ; no       ; On           ;
; G22      ; 400        ; 7A             ; RESERVED_INPUT_WITH_WEAK_PULLUP ;        ;              ;                     ; Column I/O   ;                 ; no       ; On           ;
; G23      ; 377        ; 7A             ; ^VCCRSTCLK_HPS                  ;        ;              ;                     ; --           ;                 ; --       ; --           ;
; G24      ;            ;                ; GND                             ; gnd    ;              ;                     ; --           ;                 ; --       ; --           ;
; G25      ; 370        ; 6A             ; RESERVED_INPUT_WITH_WEAK_PULLUP ;        ;              ;                     ; Row I/O      ;                 ; no       ; On           ;
; G26      ; 362        ; 6A             ; RESERVED_INPUT_WITH_WEAK_PULLUP ;        ;              ;                     ; Row I/O      ;                 ; no       ; On           ;
; G27      ; 339        ; 6A             ; RESERVED_INPUT_WITH_WEAK_PULLUP ;        ;              ;                     ; Row I/O      ;                 ; --       ; --           ;
; G28      ; 335        ; 6A             ; RESERVED_INPUT_WITH_WEAK_PULLUP ;        ;              ;                     ; Row I/O      ;                 ; no       ; On           ;
; G29      ;            ; 6A             ; VCCIO6A_HPS                     ; power  ;              ; 2.5V                ; --           ;                 ; --       ; --           ;
; G30      ; 343        ; 6A             ; RESERVED_INPUT_WITH_WEAK_PULLUP ;        ;              ;                     ; Row I/O      ;                 ; no       ; On           ;
; H1       ;            ;                ; GND                             ; gnd    ;              ;                     ; --           ;                 ; --       ; --           ;
; H2       ;            ;                ; GND                             ; gnd    ;              ;                     ; --           ;                 ; --       ; --           ;
; H3       ;            ;                ; DNU                             ;        ;              ;                     ; --           ;                 ; --       ; --           ;
; H4       ;            ;                ; DNU                             ;        ;              ;                     ; --           ;                 ; --       ; --           ;
; H5       ;            ;                ; GND                             ; gnd    ;              ;                     ; --           ;                 ; --       ; --           ;
; H6       ;            ; 8A             ; VCCIO8A                         ; power  ;              ; 3.3V                ; --           ;                 ; --       ; --           ;
; H7       ; 508        ; 8A             ; RESERVED_INPUT_WITH_WEAK_PULLUP ;        ;              ;                     ; Column I/O   ;                 ; no       ; On           ;
; H8       ; 490        ; 8A             ; RESERVED_INPUT_WITH_WEAK_PULLUP ;        ;              ;                     ; Column I/O   ;                 ; no       ; On           ;
; H9       ;            ; --             ; VCCBAT                          ; power  ;              ; 1.2V                ; --           ;                 ; --       ; --           ;
; H10      ;            ; --             ; VCC_AUX                         ; power  ;              ; 2.5V                ; --           ;                 ; --       ; --           ;
; H11      ;            ;                ; GND                             ; gnd    ;              ;                     ; --           ;                 ; --       ; --           ;
; H12      ; 500        ; 8A             ; VGA_G[2]                        ; output ; 3.3-V LVTTL  ;                     ; Column I/O   ; Y               ; no       ; Off          ;
; H13      ; 498        ; 8A             ; VGA_B[2]                        ; output ; 3.3-V LVTTL  ;                     ; Column I/O   ; Y               ; no       ; Off          ;
; H14      ; 482        ; 8A             ; VGA_B[4]                        ; output ; 3.3-V LVTTL  ;                     ; Column I/O   ; Y               ; no       ; Off          ;
; H15      ; 458        ; 8A             ; RESERVED_INPUT_WITH_WEAK_PULLUP ;        ;              ;                     ; Column I/O   ;                 ; no       ; On           ;
; H16      ;            ; 7D             ; VCCIO7D_HPS                     ; power  ;              ; 2.5V                ; --           ;                 ; --       ; --           ;
; H17      ; 434        ; 7C             ; RESERVED_INPUT_WITH_WEAK_PULLUP ;        ;              ;                     ; Column I/O   ;                 ; no       ; On           ;
; H18      ; 422        ; 7B             ; RESERVED_INPUT_WITH_WEAK_PULLUP ;        ;              ;                     ; Column I/O   ;                 ; no       ; On           ;
; H19      ; 406        ; 7B             ; RESERVED_INPUT_WITH_WEAK_PULLUP ;        ;              ;                     ; Column I/O   ;                 ; no       ; On           ;
; H20      ; 398        ; 7A             ; RESERVED_INPUT_WITH_WEAK_PULLUP ;        ;              ;                     ; Column I/O   ;                 ; no       ; On           ;
; H21      ;            ; 7A             ; VCCIO7A_HPS                     ; power  ;              ; 2.5V                ; --           ;                 ; --       ; --           ;
; H22      ; 379        ; 7A             ; ^HPS_TCK                        ;        ;              ;                     ; --           ;                 ; --       ; --           ;
; H23      ; 390        ; 7A             ; RESERVED_INPUT_WITH_WEAK_PULLUP ;        ;              ;                     ; Column I/O   ;                 ; no       ; On           ;
; H24      ; 364        ; 6A             ; RESERVED_INPUT_WITH_WEAK_PULLUP ;        ;              ;                     ; Row I/O      ;                 ; no       ; On           ;
; H25      ; 368        ; 6A             ; RESERVED_INPUT_WITH_WEAK_PULLUP ;        ;              ;                     ; Row I/O      ;                 ; no       ; On           ;
; H26      ;            ; 6A             ; VCCIO6A_HPS                     ; power  ;              ; 2.5V                ; --           ;                 ; --       ; --           ;
; H27      ; 360        ; 6A             ; RESERVED_INPUT_WITH_WEAK_PULLUP ;        ;              ;                     ; Row I/O      ;                 ; no       ; On           ;
; H28      ; 333        ; 6A             ; RESERVED_INPUT_WITH_WEAK_PULLUP ;        ;              ;                     ; Row I/O      ;                 ; no       ; On           ;
; H29      ; 331        ; 6A             ; RESERVED_INPUT_WITH_WEAK_PULLUP ;        ;              ;                     ; Row I/O      ;                 ; no       ; On           ;
; H30      ; 337        ; 6A             ; RESERVED_INPUT_WITH_WEAK_PULLUP ;        ;              ;                     ; Row I/O      ;                 ; no       ; On           ;
; J1       ;            ;                ; GND                             ; gnd    ;              ;                     ; --           ;                 ; --       ; --           ;
; J2       ;            ;                ; GND                             ; gnd    ;              ;                     ; --           ;                 ; --       ; --           ;
; J3       ;            ;                ; GND                             ; gnd    ;              ;                     ; --           ;                 ; --       ; --           ;
; J4       ;            ;                ; GND                             ; gnd    ;              ;                     ; --           ;                 ; --       ; --           ;
; J5       ; 545        ; 9A             ; ^nCONFIG                        ;        ;              ;                     ; --           ;                 ; --       ; --           ;
; J6       ; 547        ; 9A             ; ^GND                            ;        ;              ;                     ; --           ;                 ; --       ; --           ;
; J7       ; 506        ; 8A             ; RESERVED_INPUT_WITH_WEAK_PULLUP ;        ;              ;                     ; Column I/O   ;                 ; no       ; On           ;
; J8       ;            ;                ; GND                             ; gnd    ;              ;                     ; --           ;                 ; --       ; --           ;
; J9       ; 532        ; 8A             ; VGA_G[0]                        ; output ; 3.3-V LVTTL  ;                     ; Column I/O   ; Y               ; no       ; Off          ;
; J10      ; 530        ; 8A             ; VGA_G[1]                        ; output ; 3.3-V LVTTL  ;                     ; Column I/O   ; Y               ; no       ; Off          ;
; J11      ;            ; --             ; VCCPGM                          ; power  ;              ; 1.8V/2.5V/3.0V/3.3V ; --           ;                 ; --       ; --           ;
; J12      ; 516        ; 8A             ; RESERVED_INPUT_WITH_WEAK_PULLUP ;        ;              ;                     ; Column I/O   ;                 ; no       ; On           ;
; J13      ;            ; 8A             ; VCCIO8A                         ; power  ;              ; 3.3V                ; --           ;                 ; --       ; --           ;
; J14      ; 476        ; 8A             ; VGA_B[7]                        ; output ; 3.3-V LVTTL  ;                     ; Column I/O   ; Y               ; no       ; Off          ;
; J15      ;            ;                ; DNU                             ;        ;              ;                     ; --           ;                 ; --       ; --           ;
; J16      ;            ; --             ; VCC_AUX                         ; power  ;              ; 2.5V                ; --           ;                 ; --       ; --           ;
; J17      ;            ; 7C             ; VCCPD7C_HPS                     ; power  ;              ; 2.5V                ; --           ;                 ; --       ; --           ;
; J18      ;            ;                ; GND                             ; gnd    ;              ;                     ; --           ;                 ; --       ; --           ;
; J19      ; 408        ; 7B             ; RESERVED_INPUT_WITH_WEAK_PULLUP ;        ;              ;                     ; Column I/O   ;                 ; no       ; On           ;
; J20      ;            ; --             ; VCCRSTCLK_HPS                   ; power  ;              ; 1.8V/2.5V/3.0V/3.3V ; --           ;                 ; --       ; --           ;
; J21      ;            ; --             ; VCC_AUX_SHARED                  ; power  ;              ; 2.5V                ; --           ;                 ; --       ; --           ;
; J22      ; 372        ; 7A             ; ^GND                            ;        ;              ;                     ; --           ;                 ; --       ; --           ;
; J23      ; 354        ; 6A             ; RESERVED_INPUT_WITH_WEAK_PULLUP ;        ;              ;                     ; Row I/O      ;                 ; no       ; On           ;
; J24      ; 352        ; 6A             ; RESERVED_INPUT_WITH_WEAK_PULLUP ;        ;              ;                     ; Row I/O      ;                 ; no       ; On           ;
; J25      ; 344        ; 6A             ; RESERVED_INPUT_WITH_WEAK_PULLUP ;        ;              ;                     ; Row I/O      ;                 ; no       ; On           ;
; J26      ; 323        ; 6A             ; RESERVED_INPUT_WITH_WEAK_PULLUP ;        ;              ;                     ; Row I/O      ;                 ; no       ; On           ;
; J27      ; 346        ; 6A             ; RESERVED_INPUT_WITH_WEAK_PULLUP ;        ;              ;                     ; Row I/O      ;                 ; no       ; On           ;
; J28      ;            ;                ; GND                             ; gnd    ;              ;                     ; --           ;                 ; --       ; --           ;
; J29      ; 327        ; 6A             ; RESERVED_INPUT_WITH_WEAK_PULLUP ;        ;              ;                     ; Row I/O      ;                 ; no       ; On           ;
; J30      ; 329        ; 6A             ; RESERVED_INPUT_WITH_WEAK_PULLUP ;        ;              ;                     ; Row I/O      ;                 ; no       ; On           ;
; K1       ;            ;                ; GND                             ; gnd    ;              ;                     ; --           ;                 ; --       ; --           ;
; K2       ;            ;                ; GND                             ; gnd    ;              ;                     ; --           ;                 ; --       ; --           ;
; K3       ;            ;                ; DNU                             ;        ;              ;                     ; --           ;                 ; --       ; --           ;
; K4       ;            ;                ; DNU                             ;        ;              ;                     ; --           ;                 ; --       ; --           ;
; K5       ;            ;                ; GND                             ; gnd    ;              ;                     ; --           ;                 ; --       ; --           ;
; K6       ; 540        ; 9A             ; ^MSEL1                          ;        ;              ;                     ; --           ;                 ; --       ; --           ;
; K7       ; 522        ; 8A             ; RESERVED_INPUT_WITH_WEAK_PULLUP ;        ;              ;                     ; Column I/O   ;                 ; no       ; On           ;
; K8       ; 524        ; 8A             ; RESERVED_INPUT_WITH_WEAK_PULLUP ;        ;              ;                     ; Column I/O   ;                 ; no       ; On           ;
; K9       ;            ; --             ; VCCA_FPLL                       ; power  ;              ; 2.5V                ; --           ;                 ; --       ; --           ;
; K10      ;            ;                ; GND                             ; gnd    ;              ;                     ; --           ;                 ; --       ; --           ;
; K11      ;            ; 8A             ; VCCPD8A                         ; power  ;              ; 3.3V                ; --           ;                 ; --       ; --           ;
; K12      ; 514        ; 8A             ; RESERVED_INPUT_WITH_WEAK_PULLUP ;        ;              ;                     ; Column I/O   ;                 ; no       ; On           ;
; K13      ;            ; 8A             ; VCCPD8A                         ; power  ;              ; 3.3V                ; --           ;                 ; --       ; --           ;
; K14      ; 474        ; 8A             ; RESERVED_INPUT_WITH_WEAK_PULLUP ;        ;              ;                     ; Column I/O   ;                 ; no       ; On           ;
; K15      ;            ;                ; GND                             ; gnd    ;              ;                     ; --           ;                 ; --       ; --           ;
; K16      ;            ; 7D             ; VCCPD7D_HPS                     ; power  ;              ; 2.5V                ; --           ;                 ; --       ; --           ;
; K17      ; 414        ; 7B             ; RESERVED_INPUT_WITH_WEAK_PULLUP ;        ;              ;                     ; Column I/O   ;                 ; no       ; On           ;
; K18      ;            ; 7B             ; VCCPD7B_HPS                     ; power  ;              ; 2.5V                ; --           ;                 ; --       ; --           ;
; K19      ;            ; 7A             ; VCCPD7A_HPS                     ; power  ;              ; 2.5V                ; --           ;                 ; --       ; --           ;
; K20      ;            ;                ; GND                             ; gnd    ;              ;                     ; --           ;                 ; --       ; --           ;
; K21      ; 366        ; 6A             ; RESERVED_INPUT_WITH_WEAK_PULLUP ;        ;              ;                     ; Row I/O      ;                 ; no       ; On           ;
; K22      ; 336        ; 6A             ; RESERVED_INPUT_WITH_WEAK_PULLUP ;        ;              ;                     ; Row I/O      ;                 ; no       ; On           ;
; K23      ; 338        ; 6A             ; RESERVED_INPUT_WITH_WEAK_PULLUP ;        ;              ;                     ; Row I/O      ;                 ; no       ; On           ;
; K24      ;            ; 6A             ; VCCIO6A_HPS                     ; power  ;              ; 2.5V                ; --           ;                 ; --       ; --           ;
; K25      ;            ;                ; GND                             ; gnd    ;              ;                     ; --           ;                 ; --       ; --           ;
; K26      ; 322        ; 6A             ; RESERVED_INPUT_WITH_WEAK_PULLUP ;        ;              ;                     ; Row I/O      ;                 ; no       ; On           ;
; K27      ; 319        ; 6A             ; RESERVED_INPUT_WITH_WEAK_PULLUP ;        ;              ;                     ; Row I/O      ;                 ; no       ; On           ;
; K28      ; 325        ; 6A             ; RESERVED_INPUT_WITH_WEAK_PULLUP ;        ;              ;                     ; Row I/O      ;                 ; no       ; On           ;
; K29      ; 321        ; 6A             ; RESERVED_INPUT_WITH_WEAK_PULLUP ;        ;              ;                     ; Row I/O      ;                 ; no       ; On           ;
; K30      ;            ; 6A             ; VCCIO6A_HPS                     ; power  ;              ; 2.5V                ; --           ;                 ; --       ; --           ;
; L1       ;            ;                ; GND                             ; gnd    ;              ;                     ; --           ;                 ; --       ; --           ;
; L2       ;            ;                ; GND                             ; gnd    ;              ;                     ; --           ;                 ; --       ; --           ;
; L3       ;            ;                ; GND                             ; gnd    ;              ;                     ; --           ;                 ; --       ; --           ;
; L4       ;            ;                ; GND                             ; gnd    ;              ;                     ; --           ;                 ; --       ; --           ;
; L5       ;            ; --             ; VCC                             ; power  ;              ; 1.1V                ; --           ;                 ; --       ; --           ;
; L6       ;            ;                ; GND                             ; gnd    ;              ;                     ; --           ;                 ; --       ; --           ;
; L7       ; 544        ; 9A             ; ^MSEL3                          ;        ;              ;                     ; --           ;                 ; --       ; --           ;
; L8       ; 538        ; 9A             ; ^MSEL0                          ;        ;              ;                     ; --           ;                 ; --       ; --           ;
; L9       ; 546        ; 9A             ; ^MSEL4                          ;        ;              ;                     ; --           ;                 ; --       ; --           ;
; L10      ;            ; 8A             ; VCCPD8A                         ; power  ;              ; 3.3V                ; --           ;                 ; --       ; --           ;
; L11      ;            ;                ; GND                             ; gnd    ;              ;                     ; --           ;                 ; --       ; --           ;
; L12      ;            ; 8A             ; VCCPD8A                         ; power  ;              ; 3.3V                ; --           ;                 ; --       ; --           ;
; L13      ;            ;                ; GND                             ; gnd    ;              ;                     ; --           ;                 ; --       ; --           ;
; L14      ;            ; 8A             ; VCCPD8A                         ; power  ;              ; 3.3V                ; --           ;                 ; --       ; --           ;
; L15      ;            ;                ; GND                             ; gnd    ;              ;                     ; --           ;                 ; --       ; --           ;
; L16      ;            ; --             ; VCC_HPS                         ; power  ;              ; 1.1V                ; --           ;                 ; --       ; --           ;
; L17      ;            ;                ; GND                             ; gnd    ;              ;                     ; --           ;                 ; --       ; --           ;
; L18      ;            ; --             ; VCC_HPS                         ; power  ;              ; 1.1V                ; --           ;                 ; --       ; --           ;
; L19      ;            ;                ; GND                             ; gnd    ;              ;                     ; --           ;                 ; --       ; --           ;
; L20      ;            ; --             ; VCC_HPS                         ; power  ;              ; 1.1V                ; --           ;                 ; --       ; --           ;
; L21      ;            ; --             ; VCCPLL_HPS                      ; power  ;              ; 2.5V                ; --           ;                 ; --       ; --           ;
; L22      ;            ;                ; GND                             ; gnd    ;              ;                     ; --           ;                 ; --       ; --           ;
; L23      ; 350        ; 6A             ; RESERVED_INPUT_WITH_WEAK_PULLUP ;        ;              ;                     ; Row I/O      ;                 ; no       ; On           ;
; L24      ; 328        ; 6A             ; RESERVED_INPUT_WITH_WEAK_PULLUP ;        ;              ;                     ; Row I/O      ;                 ; no       ; On           ;
; L25      ; 330        ; 6A             ; RESERVED_INPUT_WITH_WEAK_PULLUP ;        ;              ;                     ; Row I/O      ;                 ; no       ; On           ;
; L26      ; 320        ; 6A             ; RESERVED_INPUT_WITH_WEAK_PULLUP ;        ;              ;                     ; Row I/O      ;                 ; no       ; On           ;
; L27      ;            ; 6A             ; VCCIO6A_HPS                     ; power  ;              ; 2.5V                ; --           ;                 ; --       ; --           ;
; L28      ; 313        ; 6A             ; RESERVED_INPUT_WITH_WEAK_PULLUP ;        ;              ;                     ; Row I/O      ;                 ; no       ; On           ;
; L29      ; 315        ; 6A             ; RESERVED_INPUT_WITH_WEAK_PULLUP ;        ;              ;                     ; Row I/O      ;                 ; no       ; On           ;
; L30      ; 317        ; 6A             ; RESERVED_INPUT_WITH_WEAK_PULLUP ;        ;              ;                     ; Row I/O      ;                 ; no       ; On           ;
; M1       ;            ;                ; GND                             ; gnd    ;              ;                     ; --           ;                 ; --       ; --           ;
; M2       ;            ;                ; GND                             ; gnd    ;              ;                     ; --           ;                 ; --       ; --           ;
; M3       ;            ;                ; DNU                             ;        ;              ;                     ; --           ;                 ; --       ; --           ;
; M4       ;            ;                ; DNU                             ;        ;              ;                     ; --           ;                 ; --       ; --           ;
; M5       ;            ;                ; GND                             ; gnd    ;              ;                     ; --           ;                 ; --       ; --           ;
; M6       ;            ; --             ; VCC                             ; power  ;              ; 1.1V                ; --           ;                 ; --       ; --           ;
; M7       ;            ;                ; GND                             ; gnd    ;              ;                     ; --           ;                 ; --       ; --           ;
; M8       ;            ;                ; GND                             ; gnd    ;              ;                     ; --           ;                 ; --       ; --           ;
; M9       ;            ; --             ; VCC                             ; power  ;              ; 1.1V                ; --           ;                 ; --       ; --           ;
; M10      ;            ;                ; GND                             ; gnd    ;              ;                     ; --           ;                 ; --       ; --           ;
; M11      ;            ; --             ; VCC                             ; power  ;              ; 1.1V                ; --           ;                 ; --       ; --           ;
; M12      ;            ;                ; GND                             ; gnd    ;              ;                     ; --           ;                 ; --       ; --           ;
; M13      ;            ; --             ; VCC                             ; power  ;              ; 1.1V                ; --           ;                 ; --       ; --           ;
; M14      ;            ;                ; GND                             ; gnd    ;              ;                     ; --           ;                 ; --       ; --           ;
; M15      ;            ; --             ; VCC_HPS                         ; power  ;              ; 1.1V                ; --           ;                 ; --       ; --           ;
; M16      ;            ;                ; GND                             ; gnd    ;              ;                     ; --           ;                 ; --       ; --           ;
; M17      ; 450        ; 7D             ; RESERVED_INPUT_WITH_WEAK_PULLUP ;        ;              ;                     ; Column I/O   ;                 ; no       ; On           ;
; M18      ;            ;                ; GND                             ; gnd    ;              ;                     ; --           ;                 ; --       ; --           ;
; M19      ; 334        ; 6A             ; RESERVED_INPUT_WITH_WEAK_PULLUP ;        ;              ;                     ; Row I/O      ;                 ; no       ; On           ;
; M20      ;            ;                ; GND                             ; gnd    ;              ;                     ; --           ;                 ; --       ; --           ;
; M21      ;            ; 6A, 6B         ; VCCPD6A6B_HPS                   ; power  ;              ; 2.5V                ; --           ;                 ; --       ; --           ;
; M22      ; 308        ; 6A             ; RESERVED_INPUT_WITH_WEAK_PULLUP ;        ;              ;                     ; Row I/O      ;                 ; no       ; On           ;
; M23      ; 348        ; 6A             ; RESERVED_INPUT_WITH_WEAK_PULLUP ;        ;              ;                     ; Row I/O      ;                 ; no       ; On           ;
; M24      ;            ; 6A             ; VCCIO6A_HPS                     ; power  ;              ; 2.5V                ; --           ;                 ; --       ; --           ;
; M25      ; 324        ; 6A             ; RESERVED_INPUT_WITH_WEAK_PULLUP ;        ;              ;                     ; Row I/O      ;                 ; no       ; On           ;
; M26      ; 314        ; 6A             ; RESERVED_INPUT_WITH_WEAK_PULLUP ;        ;              ;                     ; Row I/O      ;                 ; no       ; On           ;
; M27      ; 312        ; 6A             ; RESERVED_INPUT_WITH_WEAK_PULLUP ;        ;              ;                     ; Row I/O      ;                 ; no       ; On           ;
; M28      ; 309        ; 6A             ; RESERVED_INPUT_WITH_WEAK_PULLUP ;        ;              ;                     ; Row I/O      ;                 ; no       ; On           ;
; M29      ;            ;                ; GND                             ; gnd    ;              ;                     ; --           ;                 ; --       ; --           ;
; M30      ; 311        ; 6A             ; RESERVED_INPUT_WITH_WEAK_PULLUP ;        ;              ;                     ; Row I/O      ;                 ; no       ; On           ;
; N1       ;            ;                ; GND                             ; gnd    ;              ;                     ; --           ;                 ; --       ; --           ;
; N2       ;            ;                ; GND                             ; gnd    ;              ;                     ; --           ;                 ; --       ; --           ;
; N3       ;            ;                ; GND                             ; gnd    ;              ;                     ; --           ;                 ; --       ; --           ;
; N4       ;            ;                ; GND                             ; gnd    ;              ;                     ; --           ;                 ; --       ; --           ;
; N5       ;            ; --             ; VCC                             ; power  ;              ; 1.1V                ; --           ;                 ; --       ; --           ;
; N6       ;            ;                ; GND                             ; gnd    ;              ;                     ; --           ;                 ; --       ; --           ;
; N7       ;            ; --             ; VCCA_FPLL                       ; power  ;              ; 2.5V                ; --           ;                 ; --       ; --           ;
; N8       ;            ;                ; GND                             ; gnd    ;              ;                     ; --           ;                 ; --       ; --           ;
; N9       ;            ;                ; GND                             ; gnd    ;              ;                     ; --           ;                 ; --       ; --           ;
; N10      ;            ; --             ; VCC                             ; power  ;              ; 1.1V                ; --           ;                 ; --       ; --           ;
; N11      ;            ;                ; GND                             ; gnd    ;              ;                     ; --           ;                 ; --       ; --           ;
; N12      ;            ; --             ; VCC                             ; power  ;              ; 1.1V                ; --           ;                 ; --       ; --           ;
; N13      ;            ;                ; GND                             ; gnd    ;              ;                     ; --           ;                 ; --       ; --           ;
; N14      ;            ; --             ; VCC                             ; power  ;              ; 1.1V                ; --           ;                 ; --       ; --           ;
; N15      ;            ;                ; GND                             ; gnd    ;              ;                     ; --           ;                 ; --       ; --           ;
; N16      ; 452        ; 7D             ; RESERVED_INPUT_WITH_WEAK_PULLUP ;        ;              ;                     ; Column I/O   ;                 ; no       ; On           ;
; N17      ;            ;                ; GND                             ; gnd    ;              ;                     ; --           ;                 ; --       ; --           ;
; N18      ; 332        ; 6A             ; RESERVED_INPUT_WITH_WEAK_PULLUP ;        ;              ;                     ; Row I/O      ;                 ; no       ; On           ;
; N19      ;            ;                ; GND                             ; gnd    ;              ;                     ; --           ;                 ; --       ; --           ;
; N20      ;            ; --             ; VCC_HPS                         ; power  ;              ; 1.1V                ; --           ;                 ; --       ; --           ;
; N21      ;            ; 6A             ; VCCIO6A_HPS                     ; power  ;              ; 2.5V                ; --           ;                 ; --       ; --           ;
; N22      ;            ; 6A, 6B         ; VCCPD6A6B_HPS                   ; power  ;              ; 2.5V                ; --           ;                 ; --       ; --           ;
; N23      ; 310        ; 6A             ; RESERVED_INPUT_WITH_WEAK_PULLUP ;        ;              ;                     ; Row I/O      ;                 ; no       ; On           ;
; N24      ; 318        ; 6A             ; RESERVED_INPUT_WITH_WEAK_PULLUP ;        ;              ;                     ; Row I/O      ;                 ; no       ; On           ;
; N25      ; 316        ; 6A             ; RESERVED_INPUT_WITH_WEAK_PULLUP ;        ;              ;                     ; Row I/O      ;                 ; no       ; On           ;
; N26      ;            ;                ; GND                             ; gnd    ;              ;                     ; --           ;                 ; --       ; --           ;
; N27      ; 297        ; 6B             ; RESERVED_INPUT_WITH_WEAK_PULLUP ;        ;              ;                     ; Row I/O      ;                 ; no       ; On           ;
; N28      ; 303        ; 6B             ; RESERVED_INPUT_WITH_WEAK_PULLUP ;        ;              ;                     ; Row I/O      ;                 ; no       ; On           ;
; N29      ; 305        ; 6B             ; RESERVED_INPUT_WITH_WEAK_PULLUP ;        ;              ;                     ; Row I/O      ;                 ; no       ; On           ;
; N30      ; 307        ; 6B             ; RESERVED_INPUT_WITH_WEAK_PULLUP ;        ;              ;                     ; Row I/O      ;                 ; no       ; On           ;
; P1       ;            ;                ; GND                             ; gnd    ;              ;                     ; --           ;                 ; --       ; --           ;
; P2       ;            ;                ; GND                             ; gnd    ;              ;                     ; --           ;                 ; --       ; --           ;
; P3       ;            ;                ; DNU                             ;        ;              ;                     ; --           ;                 ; --       ; --           ;
; P4       ;            ;                ; DNU                             ;        ;              ;                     ; --           ;                 ; --       ; --           ;
; P5       ;            ;                ; GND                             ; gnd    ;              ;                     ; --           ;                 ; --       ; --           ;
; P6       ;            ; --             ; VCCA_FPLL                       ; power  ;              ; 2.5V                ; --           ;                 ; --       ; --           ;
; P7       ;            ;                ; GND                             ; gnd    ;              ;                     ; --           ;                 ; --       ; --           ;
; P8       ;            ;                ; GND                             ; gnd    ;              ;                     ; --           ;                 ; --       ; --           ;
; P9       ;            ;                ; GND                             ; gnd    ;              ;                     ; --           ;                 ; --       ; --           ;
; P10      ;            ;                ; GND                             ; gnd    ;              ;                     ; --           ;                 ; --       ; --           ;
; P11      ;            ; --             ; VCC                             ; power  ;              ; 1.1V                ; --           ;                 ; --       ; --           ;
; P12      ;            ;                ; GND                             ; gnd    ;              ;                     ; --           ;                 ; --       ; --           ;
; P13      ;            ; --             ; VCC                             ; power  ;              ; 1.1V                ; --           ;                 ; --       ; --           ;
; P14      ;            ;                ; GND                             ; gnd    ;              ;                     ; --           ;                 ; --       ; --           ;
; P15      ;            ; --             ; VCC_HPS                         ; power  ;              ; 1.1V                ; --           ;                 ; --       ; --           ;
; P16      ;            ;                ; GND                             ; gnd    ;              ;                     ; --           ;                 ; --       ; --           ;
; P17      ;            ; --             ; VCC_HPS                         ; power  ;              ; 1.1V                ; --           ;                 ; --       ; --           ;
; P18      ;            ;                ; GND                             ; gnd    ;              ;                     ; --           ;                 ; --       ; --           ;
; P19      ;            ; --             ; VCC_HPS                         ; power  ;              ; 1.1V                ; --           ;                 ; --       ; --           ;
; P20      ;            ;                ; GND                             ; gnd    ;              ;                     ; --           ;                 ; --       ; --           ;
; P21      ;            ; 6A, 6B         ; VCCPD6A6B_HPS                   ; power  ;              ; 2.5V                ; --           ;                 ; --       ; --           ;
; P22      ; 294        ; 6B             ; RESERVED_INPUT_WITH_WEAK_PULLUP ;        ;              ;                     ; Row I/O      ;                 ; no       ; On           ;
; P23      ;            ; 6B             ; VCCIO6B_HPS                     ; power  ;              ; 2.5V                ; --           ;                 ; --       ; --           ;
; P24      ; 290        ; 6B             ; RESERVED_INPUT_WITH_WEAK_PULLUP ;        ;              ;                     ; Row I/O      ;                 ; no       ; On           ;
; P25      ; 288        ; 6B             ; RESERVED_INPUT_WITH_WEAK_PULLUP ;        ;              ;                     ; Row I/O      ;                 ; no       ; On           ;
; P26      ; 298        ; 6B             ; RESERVED_INPUT_WITH_WEAK_PULLUP ;        ;              ;                     ; Row I/O      ;                 ; no       ; On           ;
; P27      ; 296        ; 6B             ; RESERVED_INPUT_WITH_WEAK_PULLUP ;        ;              ;                     ; Row I/O      ;                 ; no       ; On           ;
; P28      ;            ; 6B             ; VCCIO6B_HPS                     ; power  ;              ; 2.5V                ; --           ;                 ; --       ; --           ;
; P29      ; 299        ; 6B             ; RESERVED_INPUT_WITH_WEAK_PULLUP ;        ;              ;                     ; Row I/O      ;                 ; no       ; On           ;
; P30      ; 301        ; 6B             ; RESERVED_INPUT_WITH_WEAK_PULLUP ;        ;              ;                     ; Row I/O      ;                 ; no       ; On           ;
; R1       ;            ;                ; GND                             ; gnd    ;              ;                     ; --           ;                 ; --       ; --           ;
; R2       ;            ;                ; GND                             ; gnd    ;              ;                     ; --           ;                 ; --       ; --           ;
; R3       ;            ;                ; GND                             ; gnd    ;              ;                     ; --           ;                 ; --       ; --           ;
; R4       ;            ;                ; GND                             ; gnd    ;              ;                     ; --           ;                 ; --       ; --           ;
; R5       ;            ; --             ; VCC                             ; power  ;              ; 1.1V                ; --           ;                 ; --       ; --           ;
; R6       ;            ;                ; GND                             ; gnd    ;              ;                     ; --           ;                 ; --       ; --           ;
; R7       ;            ; --             ; VCCA_FPLL                       ; power  ;              ; 2.5V                ; --           ;                 ; --       ; --           ;
; R8       ;            ;                ; GND                             ; gnd    ;              ;                     ; --           ;                 ; --       ; --           ;
; R9       ;            ;                ; GND                             ; gnd    ;              ;                     ; --           ;                 ; --       ; --           ;
; R10      ;            ; --             ; VCC                             ; power  ;              ; 1.1V                ; --           ;                 ; --       ; --           ;
; R11      ;            ;                ; GND                             ; gnd    ;              ;                     ; --           ;                 ; --       ; --           ;
; R12      ;            ; --             ; VCC                             ; power  ;              ; 1.1V                ; --           ;                 ; --       ; --           ;
; R13      ;            ;                ; GND                             ; gnd    ;              ;                     ; --           ;                 ; --       ; --           ;
; R14      ;            ; --             ; VCC                             ; power  ;              ; 1.1V                ; --           ;                 ; --       ; --           ;
; R15      ;            ;                ; GND                             ; gnd    ;              ;                     ; --           ;                 ; --       ; --           ;
; R16      ;            ; --             ; VCC_HPS                         ; power  ;              ; 1.1V                ; --           ;                 ; --       ; --           ;
; R17      ;            ;                ; GND                             ; gnd    ;              ;                     ; --           ;                 ; --       ; --           ;
; R18      ; 302        ; 6B             ; RESERVED_INPUT_WITH_WEAK_PULLUP ;        ;              ;                     ; Row I/O      ;                 ; no       ; On           ;
; R19      ; 300        ; 6B             ; RESERVED_INPUT_WITH_WEAK_PULLUP ;        ;              ;                     ; Row I/O      ;                 ; no       ; On           ;
; R20      ;            ; 6A, 6B         ; VCCPD6A6B_HPS                   ; power  ;              ; 2.5V                ; --           ;                 ; --       ; --           ;
; R21      ; 286        ; 6B             ; RESERVED_INPUT_WITH_WEAK_PULLUP ;        ;              ;                     ; Row I/O      ;                 ; no       ; On           ;
; R22      ; 284        ; 6B             ; RESERVED_INPUT_WITH_WEAK_PULLUP ;        ;              ;                     ; Row I/O      ;                 ; no       ; On           ;
; R23      ;            ; 6A, 6B         ; VCCPD6A6B_HPS                   ; power  ;              ; 2.5V                ; --           ;                 ; --       ; --           ;
; R24      ; 272        ; 6B             ; RESERVED_INPUT_WITH_WEAK_PULLUP ;        ;              ;                     ; Row I/O      ;                 ; no       ; On           ;
; R25      ;            ; 6B             ; VCCIO6B_HPS                     ; power  ;              ; 2.5V                ; --           ;                 ; --       ; --           ;
; R26      ; 280        ; 6B             ; RESERVED_INPUT_WITH_WEAK_PULLUP ;        ;              ;                     ; Row I/O      ;                 ; no       ; On           ;
; R27      ; 282        ; 6B             ; RESERVED_INPUT_WITH_WEAK_PULLUP ;        ;              ;                     ; Row I/O      ;                 ; no       ; On           ;
; R28      ; 293        ; 6B             ; RESERVED_INPUT_WITH_WEAK_PULLUP ;        ;              ;                     ; Row I/O      ;                 ; no       ; On           ;
; R29      ; 295        ; 6B             ; RESERVED_INPUT_WITH_WEAK_PULLUP ;        ;              ;                     ; Row I/O      ;                 ; no       ; On           ;
; R30      ;            ;                ; GND                             ; gnd    ;              ;                     ; --           ;                 ; --       ; --           ;
; T1       ;            ;                ; GND                             ; gnd    ;              ;                     ; --           ;                 ; --       ; --           ;
; T2       ;            ;                ; GND                             ; gnd    ;              ;                     ; --           ;                 ; --       ; --           ;
; T3       ;            ;                ; DNU                             ;        ;              ;                     ; --           ;                 ; --       ; --           ;
; T4       ;            ;                ; DNU                             ;        ;              ;                     ; --           ;                 ; --       ; --           ;
; T5       ;            ;                ; GND                             ; gnd    ;              ;                     ; --           ;                 ; --       ; --           ;
; T6       ;            ; --             ; VCC                             ; power  ;              ; 1.1V                ; --           ;                 ; --       ; --           ;
; T7       ;            ;                ; GND                             ; gnd    ;              ;                     ; --           ;                 ; --       ; --           ;
; T8       ;            ;                ; GND                             ; gnd    ;              ;                     ; --           ;                 ; --       ; --           ;
; T9       ;            ;                ; GND                             ; gnd    ;              ;                     ; --           ;                 ; --       ; --           ;
; T10      ;            ;                ; GND                             ; gnd    ;              ;                     ; --           ;                 ; --       ; --           ;
; T11      ;            ; --             ; VCC                             ; power  ;              ; 1.1V                ; --           ;                 ; --       ; --           ;
; T12      ;            ;                ; GND                             ; gnd    ;              ;                     ; --           ;                 ; --       ; --           ;
; T13      ;            ; --             ; VCC                             ; power  ;              ; 1.1V                ; --           ;                 ; --       ; --           ;
; T14      ;            ;                ; GND                             ; gnd    ;              ;                     ; --           ;                 ; --       ; --           ;
; T15      ;            ;                ; GND                             ; gnd    ;              ;                     ; --           ;                 ; --       ; --           ;
; T16      ;            ;                ; GND                             ; gnd    ;              ;                     ; --           ;                 ; --       ; --           ;
; T17      ;            ; --             ; VCC_HPS                         ; power  ;              ; 1.1V                ; --           ;                 ; --       ; --           ;
; T18      ;            ;                ; GND                             ; gnd    ;              ;                     ; --           ;                 ; --       ; --           ;
; T19      ;            ; --             ; VCC_HPS                         ; power  ;              ; 1.1V                ; --           ;                 ; --       ; --           ;
; T20      ;            ;                ; GND                             ; gnd    ;              ;                     ; --           ;                 ; --       ; --           ;
; T21      ; 278        ; 6B             ; RESERVED_INPUT_WITH_WEAK_PULLUP ;        ;              ;                     ; Row I/O      ;                 ; no       ; On           ;
; T22      ;            ; 6B             ; VCCIO6B_HPS                     ; power  ;              ; 2.5V                ; --           ;                 ; --       ; --           ;
; T23      ; 270        ; 6B             ; RESERVED_INPUT_WITH_WEAK_PULLUP ;        ;              ;                     ; Row I/O      ;                 ; no       ; On           ;
; T24      ; 268        ; 6B             ; RESERVED_INPUT_WITH_WEAK_PULLUP ;        ;              ;                     ; Row I/O      ;                 ; no       ; On           ;
; T25      ; 266        ; 6B             ; RESERVED_INPUT_WITH_WEAK_PULLUP ;        ;              ;                     ; Row I/O      ;                 ; no       ; On           ;
; T26      ; 304        ; 6B             ; RESERVED_INPUT_WITH_WEAK_PULLUP ;        ;              ;                     ; Row I/O      ;                 ; no       ; On           ;
; T27      ;            ;                ; GND                             ; gnd    ;              ;                     ; --           ;                 ; --       ; --           ;
; T28      ; 287        ; 6B             ; RESERVED_INPUT_WITH_WEAK_PULLUP ;        ;              ;                     ; Row I/O      ;                 ; no       ; On           ;
; T29      ; 289        ; 6B             ; RESERVED_INPUT_WITH_WEAK_PULLUP ;        ;              ;                     ; Row I/O      ;                 ; no       ; On           ;
; T30      ; 291        ; 6B             ; RESERVED_INPUT_WITH_WEAK_PULLUP ;        ;              ;                     ; Row I/O      ;                 ; no       ; On           ;
; U1       ;            ;                ; GND                             ; gnd    ;              ;                     ; --           ;                 ; --       ; --           ;
; U2       ;            ;                ; GND                             ; gnd    ;              ;                     ; --           ;                 ; --       ; --           ;
; U3       ;            ;                ; GND                             ; gnd    ;              ;                     ; --           ;                 ; --       ; --           ;
; U4       ;            ;                ; GND                             ; gnd    ;              ;                     ; --           ;                 ; --       ; --           ;
; U5       ;            ; --             ; VCC                             ; power  ;              ; 1.1V                ; --           ;                 ; --       ; --           ;
; U6       ;            ;                ; GND                             ; gnd    ;              ;                     ; --           ;                 ; --       ; --           ;
; U7       ; 50         ; 3A             ; ^DCLK                           ;        ;              ;                     ; Weak Pull Up ;                 ; --       ; On           ;
; U8       ; 48         ; 3A             ; #TDI                            ; input  ;              ;                     ; --           ;                 ; --       ; --           ;
; U9       ;            ;                ; GND                             ; gnd    ;              ;                     ; --           ;                 ; --       ; --           ;
; U10      ;            ; --             ; VCC                             ; power  ;              ; 1.1V                ; --           ;                 ; --       ; --           ;
; U11      ;            ;                ; GND                             ; gnd    ;              ;                     ; --           ;                 ; --       ; --           ;
; U12      ;            ; --             ; VCC                             ; power  ;              ; 1.1V                ; --           ;                 ; --       ; --           ;
; U13      ;            ;                ; GND                             ; gnd    ;              ;                     ; --           ;                 ; --       ; --           ;
; U14      ;            ; --             ; VCC                             ; power  ;              ; 1.1V                ; --           ;                 ; --       ; --           ;
; U15      ;            ;                ; GND                             ; gnd    ;              ;                     ; --           ;                 ; --       ; --           ;
; U16      ;            ; --             ; VCC_HPS                         ; power  ;              ; 1.1V                ; --           ;                 ; --       ; --           ;
; U17      ;            ;                ; GND                             ; gnd    ;              ;                     ; --           ;                 ; --       ; --           ;
; U18      ;            ; --             ; VCC_HPS                         ; power  ;              ; 1.1V                ; --           ;                 ; --       ; --           ;
; U19      ;            ; 6B             ; VCCIO6B_HPS                     ; power  ;              ; 2.5V                ; --           ;                 ; --       ; --           ;
; U20      ; 276        ; 6B             ; RESERVED_INPUT_WITH_WEAK_PULLUP ;        ;              ;                     ; Row I/O      ;                 ; no       ; On           ;
; U21      ;            ; --             ; VCC                             ; power  ;              ; 1.1V                ; --           ;                 ; --       ; --           ;
; U22      ;            ;                ; GND                             ; gnd    ;              ;                     ; --           ;                 ; --       ; --           ;
; U23      ;            ; 5B             ; VCCPD5B                         ; power  ;              ; 3.3V                ; --           ;                 ; --       ; --           ;
; U24      ;            ;                ; GND                             ; gnd    ;              ;                     ; --           ;                 ; --       ; --           ;
; U25      ; 264        ; 6B             ; RESERVED_INPUT_WITH_WEAK_PULLUP ;        ;              ;                     ; Row I/O      ;                 ; no       ; On           ;
; U26      ; 306        ; 6B             ; RESERVED_INPUT_WITH_WEAK_PULLUP ;        ;              ;                     ; Row I/O      ;                 ; no       ; On           ;
; U27      ; 273        ; 6B             ; RESERVED_INPUT_WITH_WEAK_PULLUP ;        ;              ;                     ; Row I/O      ;                 ; no       ; On           ;
; U28      ; 285        ; 6B             ; RESERVED_INPUT_WITH_WEAK_PULLUP ;        ;              ;                     ; Row I/O      ;                 ; no       ; On           ;
; U29      ;            ;                ; GND                             ; gnd    ;              ;                     ; --           ;                 ; --       ; --           ;
; U30      ; 283        ; 6B             ; RESERVED_INPUT_WITH_WEAK_PULLUP ;        ;              ;                     ; Row I/O      ;                 ; --       ; --           ;
; V1       ;            ;                ; GND                             ; gnd    ;              ;                     ; --           ;                 ; --       ; --           ;
; V2       ;            ;                ; GND                             ; gnd    ;              ;                     ; --           ;                 ; --       ; --           ;
; V3       ;            ;                ; DNU                             ;        ;              ;                     ; --           ;                 ; --       ; --           ;
; V4       ;            ;                ; DNU                             ;        ;              ;                     ; --           ;                 ; --       ; --           ;
; V5       ;            ;                ; GND                             ; gnd    ;              ;                     ; --           ;                 ; --       ; --           ;
; V6       ;            ; --             ; VCCA_FPLL                       ; power  ;              ; 2.5V                ; --           ;                 ; --       ; --           ;
; V7       ;            ;                ; GND                             ; gnd    ;              ;                     ; --           ;                 ; --       ; --           ;
; V8       ;            ; --             ; VCCA_FPLL                       ; power  ;              ; 2.5V                ; --           ;                 ; --       ; --           ;
; V9       ; 44         ; 3A             ; #TMS                            ; input  ;              ;                     ; --           ;                 ; --       ; --           ;
; V10      ;            ;                ; GND                             ; gnd    ;              ;                     ; --           ;                 ; --       ; --           ;
; V11      ;            ; --             ; VCC                             ; power  ;              ; 1.1V                ; --           ;                 ; --       ; --           ;
; V12      ;            ;                ; GND                             ; gnd    ;              ;                     ; --           ;                 ; --       ; --           ;
; V13      ;            ; --             ; VCC                             ; power  ;              ; 1.1V                ; --           ;                 ; --       ; --           ;
; V14      ;            ;                ; GND                             ; gnd    ;              ;                     ; --           ;                 ; --       ; --           ;
; V15      ;            ; --             ; VCC                             ; power  ;              ; 1.1V                ; --           ;                 ; --       ; --           ;
; V16      ; 138        ; 4A             ; RESERVED_INPUT_WITH_WEAK_PULLUP ;        ;              ;                     ; Column I/O   ;                 ; no       ; On           ;
; V17      ; 154        ; 4A             ; RESERVED_INPUT_WITH_WEAK_PULLUP ;        ;              ;                     ; Column I/O   ;                 ; no       ; On           ;
; V18      ; 194        ; 4A             ; RESERVED_INPUT_WITH_WEAK_PULLUP ;        ;              ;                     ; Column I/O   ;                 ; no       ; On           ;
; V19      ;            ;                ; GND                             ; gnd    ;              ;                     ; --           ;                 ; --       ; --           ;
; V20      ; 292        ; 6B             ; RESERVED_INPUT_WITH_WEAK_PULLUP ;        ;              ;                     ; Row I/O      ;                 ; no       ; On           ;
; V21      ;            ;                ; GND                             ; gnd    ;              ;                     ; --           ;                 ; --       ; --           ;
; V22      ;            ; 5A             ; VCCPD5A                         ; power  ;              ; 3.3V                ; --           ;                 ; --       ; --           ;
; V23      ; 236        ; 5A             ; RESERVED_INPUT_WITH_WEAK_PULLUP ;        ;              ;                     ; Row I/O      ;                 ; no       ; On           ;
; V24      ;            ; 5A             ; VCCPD5A                         ; power  ;              ; 3.3V                ; --           ;                 ; --       ; --           ;
; V25      ; 246        ; 5B             ; RESERVED_INPUT_WITH_WEAK_PULLUP ;        ;              ;                     ; Row I/O      ;                 ; no       ; On           ;
; V26      ;            ; 6B             ; VCCIO6B_HPS                     ; power  ;              ; 2.5V                ; --           ;                 ; --       ; --           ;
; V27      ; 265        ; 6B             ; RESERVED_INPUT_WITH_WEAK_PULLUP ;        ;              ;                     ; Row I/O      ;                 ; no       ; On           ;
; V28      ; 271        ; 6B             ; RESERVED_INPUT_WITH_WEAK_PULLUP ;        ;              ;                     ; Row I/O      ;                 ; no       ; On           ;
; V29      ; 275        ; 6B             ; RESERVED_INPUT_WITH_WEAK_PULLUP ;        ;              ;                     ; Row I/O      ;                 ; no       ; On           ;
; V30      ; 281        ; 6B             ; RESERVED_INPUT_WITH_WEAK_PULLUP ;        ;              ;                     ; Row I/O      ;                 ; no       ; On           ;
; W1       ;            ;                ; GND                             ; gnd    ;              ;                     ; --           ;                 ; --       ; --           ;
; W2       ;            ;                ; GND                             ; gnd    ;              ;                     ; --           ;                 ; --       ; --           ;
; W3       ;            ;                ; GND                             ; gnd    ;              ;                     ; --           ;                 ; --       ; --           ;
; W4       ;            ;                ; GND                             ; gnd    ;              ;                     ; --           ;                 ; --       ; --           ;
; W5       ;            ; --             ; VCC                             ; power  ;              ; 1.1V                ; --           ;                 ; --       ; --           ;
; W6       ;            ;                ; GND                             ; gnd    ;              ;                     ; --           ;                 ; --       ; --           ;
; W7       ;            ;                ; GND                             ; gnd    ;              ;                     ; --           ;                 ; --       ; --           ;
; W8       ;            ;                ; GND                             ; gnd    ;              ;                     ; --           ;                 ; --       ; --           ;
; W9       ;            ;                ; GND                             ; gnd    ;              ;                     ; --           ;                 ; --       ; --           ;
; W10      ;            ; --             ; VCC                             ; power  ;              ; 1.1V                ; --           ;                 ; --       ; --           ;
; W11      ;            ;                ; GND                             ; gnd    ;              ;                     ; --           ;                 ; --       ; --           ;
; W12      ;            ; --             ; VCC                             ; power  ;              ; 1.1V                ; --           ;                 ; --       ; --           ;
; W13      ;            ;                ; GND                             ; gnd    ;              ;                     ; --           ;                 ; --       ; --           ;
; W14      ;            ; --             ; VCC                             ; power  ;              ; 1.1V                ; --           ;                 ; --       ; --           ;
; W15      ; 130        ; 3B             ; KEY[2]                          ; input  ; 3.3-V LVTTL  ;                     ; Column I/O   ; Y               ; no       ; Off          ;
; W16      ; 136        ; 4A             ; RESERVED_INPUT_WITH_WEAK_PULLUP ;        ;              ;                     ; Column I/O   ;                 ; no       ; On           ;
; W17      ; 152        ; 4A             ; RESERVED_INPUT_WITH_WEAK_PULLUP ;        ;              ;                     ; Column I/O   ;                 ; no       ; On           ;
; W18      ;            ;                ; GND                             ; gnd    ;              ;                     ; --           ;                 ; --       ; --           ;
; W19      ; 192        ; 4A             ; RESERVED_INPUT_WITH_WEAK_PULLUP ;        ;              ;                     ; Column I/O   ;                 ; no       ; On           ;
; W20      ; 217        ; 5A             ; RESERVED_INPUT_WITH_WEAK_PULLUP ;        ;              ;                     ; Row I/O      ;                 ; no       ; On           ;
; W21      ; 221        ; 5A             ; RESERVED_INPUT_WITH_WEAK_PULLUP ;        ;              ;                     ; Row I/O      ;                 ; no       ; On           ;
; W22      ; 223        ; 5A             ; RESERVED_INPUT_WITH_WEAK_PULLUP ;        ;              ;                     ; Row I/O      ;                 ; no       ; On           ;
; W23      ;            ; 5A             ; VCCIO5A                         ; power  ;              ; 3.3V                ; --           ;                 ; --       ; --           ;
; W24      ; 238        ; 5A             ; RESERVED_INPUT_WITH_WEAK_PULLUP ;        ;              ;                     ; Row I/O      ;                 ; no       ; On           ;
; W25      ; 244        ; 5B             ; RESERVED_INPUT_WITH_WEAK_PULLUP ;        ;              ;                     ; Row I/O      ;                 ; no       ; On           ;
; W26      ; 274        ; 6B             ; RESERVED_INPUT_WITH_WEAK_PULLUP ;        ;              ;                     ; Row I/O      ;                 ; no       ; On           ;
; W27      ; 261        ; 6B             ; RESERVED_INPUT_WITH_WEAK_PULLUP ;        ;              ;                     ; Row I/O      ;                 ; no       ; On           ;
; W28      ;            ;                ; GND                             ; gnd    ;              ;                     ; --           ;                 ; --       ; --           ;
; W29      ; 279        ; 6B             ; RESERVED_INPUT_WITH_WEAK_PULLUP ;        ;              ;                     ; Row I/O      ;                 ; no       ; On           ;
; W30      ; 277        ; 6B             ; RESERVED_INPUT_WITH_WEAK_PULLUP ;        ;              ;                     ; Row I/O      ;                 ; no       ; On           ;
; Y1       ;            ;                ; GND                             ; gnd    ;              ;                     ; --           ;                 ; --       ; --           ;
; Y2       ;            ;                ; GND                             ; gnd    ;              ;                     ; --           ;                 ; --       ; --           ;
; Y3       ;            ;                ; DNU                             ;        ;              ;                     ; --           ;                 ; --       ; --           ;
; Y4       ;            ;                ; DNU                             ;        ;              ;                     ; --           ;                 ; --       ; --           ;
; Y5       ;            ;                ; GND                             ; gnd    ;              ;                     ; --           ;                 ; --       ; --           ;
; Y6       ;            ; --             ; VCC                             ; power  ;              ; 1.1V                ; --           ;                 ; --       ; --           ;
; Y7       ;            ;                ; GND                             ; gnd    ;              ;                     ; --           ;                 ; --       ; --           ;
; Y8       ;            ;                ; GND                             ; gnd    ;              ;                     ; --           ;                 ; --       ; --           ;
; Y9       ;            ; --             ; VCC                             ; power  ;              ; 1.1V                ; --           ;                 ; --       ; --           ;
; Y10      ;            ;                ; GND                             ; gnd    ;              ;                     ; --           ;                 ; --       ; --           ;
; Y11      ;            ; --             ; VCC                             ; power  ;              ; 1.1V                ; --           ;                 ; --       ; --           ;
; Y12      ;            ;                ; GND                             ; gnd    ;              ;                     ; --           ;                 ; --       ; --           ;
; Y13      ;            ; --             ; VCC                             ; power  ;              ; 1.1V                ; --           ;                 ; --       ; --           ;
; Y14      ;            ;                ; GND                             ; gnd    ;              ;                     ; --           ;                 ; --       ; --           ;
; Y15      ;            ;                ; GND                             ; gnd    ;              ;                     ; --           ;                 ; --       ; --           ;
; Y16      ; 128        ; 3B             ; KEY[3]                          ; input  ; 3.3-V LVTTL  ;                     ; Column I/O   ; Y               ; no       ; Off          ;
; Y17      ; 170        ; 4A             ; GPIO_0[1]                       ; bidir  ; 3.3-V LVTTL  ;                     ; Column I/O   ; Y               ; no       ; Off          ;
; Y18      ; 178        ; 4A             ; RESERVED_INPUT_WITH_WEAK_PULLUP ;        ;              ;                     ; Column I/O   ;                 ; no       ; On           ;
; Y19      ; 202        ; 4A             ; RESERVED_INPUT_WITH_WEAK_PULLUP ;        ;              ;                     ; Column I/O   ;                 ; no       ; On           ;
; Y20      ;            ;                ; GND                             ; gnd    ;              ;                     ; --           ;                 ; --       ; --           ;
; Y21      ; 219        ; 5A             ; RESERVED_INPUT_WITH_WEAK_PULLUP ;        ;              ;                     ; Row I/O      ;                 ; no       ; On           ;
; Y22      ;            ; --             ; VCCA_FPLL                       ; power  ;              ; 2.5V                ; --           ;                 ; --       ; --           ;
; Y23      ; 232        ; 5A             ; RESERVED_INPUT_WITH_WEAK_PULLUP ;        ;              ;                     ; Row I/O      ;                 ; no       ; On           ;
; Y24      ; 234        ; 5A             ; RESERVED_INPUT_WITH_WEAK_PULLUP ;        ;              ;                     ; Row I/O      ;                 ; no       ; On           ;
; Y25      ;            ;                ; GND                             ; gnd    ;              ;                     ; --           ;                 ; --       ; --           ;
; Y26      ; 256        ; 5B             ; RESERVED_INPUT_WITH_WEAK_PULLUP ;        ;              ;                     ; Row I/O      ;                 ; no       ; On           ;
; Y27      ; 258        ; 5B             ; RESERVED_INPUT_WITH_WEAK_PULLUP ;        ;              ;                     ; Row I/O      ;                 ; no       ; On           ;
; Y28      ; 269        ; 6B             ; RESERVED_INPUT_WITH_WEAK_PULLUP ;        ;              ;                     ; Row I/O      ;                 ; no       ; On           ;
; Y29      ; 263        ; 6B             ; RESERVED_INPUT_WITH_WEAK_PULLUP ;        ;              ;                     ; Row I/O      ;                 ; no       ; On           ;
; Y30      ;            ;                ; GND                             ; gnd    ;              ;                     ; --           ;                 ; --       ; --           ;
+----------+------------+----------------+---------------------------------+--------+--------------+---------------------+--------------+-----------------+----------+--------------+
Note: Pin directions (input, output or bidir) are based on device operating in user mode.


+----------------------------------------------------+
; I/O Assignment Warnings                            ;
+-------------+--------------------------------------+
; Pin Name    ; Reason                               ;
+-------------+--------------------------------------+
; VGA_CLK     ; Missing drive strength and slew rate ;
; VGA_HS      ; Missing drive strength and slew rate ;
; VGA_VS      ; Missing drive strength and slew rate ;
; VGA_SYNC_N  ; Missing drive strength and slew rate ;
; VGA_BLANK_N ; Missing drive strength and slew rate ;
; VGA_R[0]    ; Missing drive strength and slew rate ;
; VGA_R[1]    ; Missing drive strength and slew rate ;
; VGA_R[2]    ; Missing drive strength and slew rate ;
; VGA_R[3]    ; Missing drive strength and slew rate ;
; VGA_R[4]    ; Missing drive strength and slew rate ;
; VGA_R[5]    ; Missing drive strength and slew rate ;
; VGA_R[6]    ; Missing drive strength and slew rate ;
; VGA_R[7]    ; Missing drive strength and slew rate ;
; VGA_G[0]    ; Missing drive strength and slew rate ;
; VGA_G[1]    ; Missing drive strength and slew rate ;
; VGA_G[2]    ; Missing drive strength and slew rate ;
; VGA_G[3]    ; Missing drive strength and slew rate ;
; VGA_G[4]    ; Missing drive strength and slew rate ;
; VGA_G[5]    ; Missing drive strength and slew rate ;
; VGA_G[6]    ; Missing drive strength and slew rate ;
; VGA_G[7]    ; Missing drive strength and slew rate ;
; VGA_B[0]    ; Missing drive strength and slew rate ;
; VGA_B[1]    ; Missing drive strength and slew rate ;
; VGA_B[2]    ; Missing drive strength and slew rate ;
; VGA_B[3]    ; Missing drive strength and slew rate ;
; VGA_B[4]    ; Missing drive strength and slew rate ;
; VGA_B[5]    ; Missing drive strength and slew rate ;
; VGA_B[6]    ; Missing drive strength and slew rate ;
; VGA_B[7]    ; Missing drive strength and slew rate ;
; HEX0[0]     ; Missing drive strength and slew rate ;
; HEX0[1]     ; Missing drive strength and slew rate ;
; HEX0[2]     ; Missing drive strength and slew rate ;
; HEX0[3]     ; Missing drive strength and slew rate ;
; HEX0[4]     ; Missing drive strength and slew rate ;
; HEX0[5]     ; Missing drive strength and slew rate ;
; HEX0[6]     ; Missing drive strength and slew rate ;
; HEX1[0]     ; Missing drive strength and slew rate ;
; HEX1[1]     ; Missing drive strength and slew rate ;
; HEX1[2]     ; Missing drive strength and slew rate ;
; HEX1[3]     ; Missing drive strength and slew rate ;
; HEX1[4]     ; Missing drive strength and slew rate ;
; HEX1[5]     ; Missing drive strength and slew rate ;
; HEX1[6]     ; Missing drive strength and slew rate ;
; HEX2[0]     ; Missing drive strength and slew rate ;
; HEX2[1]     ; Missing drive strength and slew rate ;
; HEX2[2]     ; Missing drive strength and slew rate ;
; HEX2[3]     ; Missing drive strength and slew rate ;
; HEX2[4]     ; Missing drive strength and slew rate ;
; HEX2[5]     ; Missing drive strength and slew rate ;
; HEX2[6]     ; Missing drive strength and slew rate ;
; HEX3[0]     ; Missing drive strength and slew rate ;
; HEX3[1]     ; Missing drive strength and slew rate ;
; HEX3[2]     ; Missing drive strength and slew rate ;
; HEX3[3]     ; Missing drive strength and slew rate ;
; HEX3[4]     ; Missing drive strength and slew rate ;
; HEX3[5]     ; Missing drive strength and slew rate ;
; HEX3[6]     ; Missing drive strength and slew rate ;
; GPIO_0[0]   ; Missing drive strength and slew rate ;
; GPIO_0[1]   ; Missing drive strength and slew rate ;
+-------------+--------------------------------------+


+-----------------------------------------------------------------------------------------------------------------------------------------------------------------------------------+
; PLL Usage Summary                                                                                                                                                                 ;
+-------------------------------------------------------------------------------------------------------------------------------------------------------+---------------------------+
;                                                                                                                                                       ;                           ;
+-------------------------------------------------------------------------------------------------------------------------------------------------------+---------------------------+
; vga_wrapper:VGA_DISPLAY|vga:vga_inst|vga_pll:pll_inst|vga_pll_0002:vga_pll_inst|altera_pll:altera_pll_i|general[0].gpll~FRACTIONAL_PLL                ;                           ;
;     -- PLL Type                                                                                                                                       ; Integer PLL               ;
;     -- PLL Location                                                                                                                                   ; FRACTIONALPLL_X0_Y1_N0    ;
;     -- PLL Feedback clock type                                                                                                                        ; none                      ;
;     -- PLL Bandwidth                                                                                                                                  ; Auto                      ;
;         -- PLL Bandwidth Range                                                                                                                        ; 300000 to 100000 Hz       ;
;     -- Reference Clock Frequency                                                                                                                      ; 50.0 MHz                  ;
;     -- Reference Clock Sourced by                                                                                                                     ; Dedicated Pin             ;
;     -- PLL VCO Frequency                                                                                                                              ; 1535.714285 MHz           ;
;     -- PLL Operation Mode                                                                                                                             ; Direct                    ;
;     -- PLL Freq Min Lock                                                                                                                              ; 35.000000 MHz             ;
;     -- PLL Freq Max Lock                                                                                                                              ; 52.093023 MHz             ;
;     -- PLL Enable                                                                                                                                     ; On                        ;
;     -- PLL Fractional Division                                                                                                                        ; N/A                       ;
;     -- M Counter                                                                                                                                      ; 215                       ;
;     -- N Counter                                                                                                                                      ; 7                         ;
;     -- IOPLL Self RST                                                                                                                                 ; Off                       ;
;     -- PLL Refclk Select                                                                                                                              ;                           ;
;             -- PLL Refclk Select Location                                                                                                             ; PLLREFCLKSELECT_X0_Y7_N0  ;
;             -- PLL Reference Clock Input 0 source                                                                                                     ; clk_0                     ;
;             -- PLL Reference Clock Input 1 source                                                                                                     ; ref_clk1                  ;
;             -- ADJPLLIN source                                                                                                                        ; N/A                       ;
;             -- CORECLKIN source                                                                                                                       ; N/A                       ;
;             -- IQTXRXCLKIN source                                                                                                                     ; N/A                       ;
;             -- PLLIQCLKIN source                                                                                                                      ; N/A                       ;
;             -- RXIQCLKIN source                                                                                                                       ; N/A                       ;
;             -- CLKIN(0) source                                                                                                                        ; CLOCK_50~input            ;
;             -- CLKIN(1) source                                                                                                                        ; N/A                       ;
;             -- CLKIN(2) source                                                                                                                        ; N/A                       ;
;             -- CLKIN(3) source                                                                                                                        ; N/A                       ;
;     -- PLL Output Counter                                                                                                                             ;                           ;
;         -- vga_wrapper:VGA_DISPLAY|vga:vga_inst|vga_pll:pll_inst|vga_pll_0002:vga_pll_inst|altera_pll:altera_pll_i|general[0].gpll~PLL_OUTPUT_COUNTER ;                           ;
;             -- Output Clock Frequency                                                                                                                 ; 25.175644 MHz             ;
;             -- Output Clock Location                                                                                                                  ; PLLOUTPUTCOUNTER_X0_Y5_N1 ;
;             -- C Counter Odd Divider Even Duty Enable                                                                                                 ; On                        ;
;             -- Duty Cycle                                                                                                                             ; 50.0000                   ;
;             -- Phase Shift                                                                                                                            ; 0.000000 degrees          ;
;             -- C Counter                                                                                                                              ; 61                        ;
;             -- C Counter PH Mux PRST                                                                                                                  ; 0                         ;
;             -- C Counter PRST                                                                                                                         ; 1                         ;
;                                                                                                                                                       ;                           ;
+-------------------------------------------------------------------------------------------------------------------------------------------------------+---------------------------+


+-------------------------------------------------------------------------------------------------------------------------------------------------------------------------------------------------------------------------------------------------------------------------------------------------------------------------------------------------------------------------------------------------------------------------------------------------------------------------------------------------------------------------------------------------------------------------------------------------------------------------------+
; Fitter Resource Utilization by Entity                                                                                                                                                                                                                                                                                                                                                                                                                                                                                                                                                                                         ;
+--------------------------------------------------------------+----------------------+----------------------------------+---------------------------------------------------+----------------------------------+----------------------+---------------------+---------------------------+---------------+-------------------+-------+------------+------+--------------+----------------------------------------------------------------------------------------------------------------------------------------------------------------------------------------------------------+-----------------------------+--------------+
; Compilation Hierarchy Node                                   ; ALMs needed [=A-B+C] ; [A] ALMs used in final placement ; [B] Estimate of ALMs recoverable by dense packing ; [C] Estimate of ALMs unavailable ; ALMs used for memory ; Combinational ALUTs ; Dedicated Logic Registers ; I/O Registers ; Block Memory Bits ; M10Ks ; DSP Blocks ; Pins ; Virtual Pins ; Full Hierarchy Name                                                                                                                                                                                      ; Entity Name                 ; Library Name ;
+--------------------------------------------------------------+----------------------+----------------------------------+---------------------------------------------------+----------------------------------+----------------------+---------------------+---------------------------+---------------+-------------------+-------+------------+------+--------------+----------------------------------------------------------------------------------------------------------------------------------------------------------------------------------------------------------+-----------------------------+--------------+
; |game_top                                                    ; 4877.5 (3.5)         ; 5052.0 (3.8)                     ; 186.0 (0.3)                                       ; 11.5 (0.0)                       ; 0.0 (0.0)            ; 8031 (7)            ; 1838 (0)                  ; 0 (0)         ; 8192              ; 2     ; 17         ; 74   ; 0            ; |game_top                                                                                                                                                                                                ; game_top                    ; work         ;
;    |button_debouncer:U_BUTTON_ARRAY|                         ; 19.2 (19.2)          ; 22.2 (22.2)                      ; 3.0 (3.0)                                         ; 0.0 (0.0)                        ; 0.0 (0.0)            ; 36 (36)             ; 40 (40)                   ; 0 (0)         ; 0                 ; 0     ; 0          ; 0    ; 0            ; |game_top|button_debouncer:U_BUTTON_ARRAY                                                                                                                                                                ; button_debouncer            ; work         ;
;    |hex_decoder:hex_card1|                                   ; 3.5 (3.5)            ; 3.5 (3.5)                        ; 0.0 (0.0)                                         ; 0.0 (0.0)                        ; 0.0 (0.0)            ; 7 (7)               ; 0 (0)                     ; 0 (0)         ; 0                 ; 0     ; 0          ; 0    ; 0            ; |game_top|hex_decoder:hex_card1                                                                                                                                                                          ; hex_decoder                 ; work         ;
;    |hex_decoder:hex_card2|                                   ; 1.0 (1.0)            ; 1.0 (1.0)                        ; 0.0 (0.0)                                         ; 0.0 (0.0)                        ; 0.0 (0.0)            ; 2 (2)               ; 0 (0)                     ; 0 (0)         ; 0                 ; 0     ; 0          ; 0    ; 0            ; |game_top|hex_decoder:hex_card2                                                                                                                                                                          ; hex_decoder                 ; work         ;
;    |hex_decoder:hex_dice1|                                   ; 3.3 (3.3)            ; 3.5 (3.5)                        ; 0.2 (0.2)                                         ; 0.0 (0.0)                        ; 0.0 (0.0)            ; 7 (7)               ; 0 (0)                     ; 0 (0)         ; 0                 ; 0     ; 0          ; 0    ; 0            ; |game_top|hex_decoder:hex_dice1                                                                                                                                                                          ; hex_decoder                 ; work         ;
;    |hex_decoder:hex_dice2|                                   ; 3.5 (3.5)            ; 3.5 (3.5)                        ; 0.0 (0.0)                                         ; 0.0 (0.0)                        ; 0.0 (0.0)            ; 7 (7)               ; 0 (0)                     ; 0 (0)         ; 0                 ; 0     ; 0          ; 0    ; 0            ; |game_top|hex_decoder:hex_dice2                                                                                                                                                                          ; hex_decoder                 ; work         ;
;    |i2c_master:master_inst|                                  ; 102.3 (102.3)        ; 111.3 (111.3)                    ; 8.9 (8.9)                                         ; 0.0 (0.0)                        ; 0.0 (0.0)            ; 180 (180)           ; 129 (129)                 ; 0 (0)         ; 0                 ; 0     ; 0          ; 0    ; 0            ; |game_top|i2c_master:master_inst                                                                                                                                                                         ; i2c_master                  ; work         ;
;    |main_game_fsm:U_FSM|                                     ; 544.2 (534.8)        ; 554.7 (543.7)                    ; 12.6 (10.9)                                       ; 2.0 (2.0)                        ; 0.0 (0.0)            ; 873 (851)           ; 211 (211)                 ; 0 (0)         ; 0                 ; 0     ; 0          ; 0    ; 0            ; |game_top|main_game_fsm:U_FSM                                                                                                                                                                            ; main_game_fsm               ; work         ;
;       |chance_card_engine:U_CHANCE_ENGINE|                   ; 8.3 (8.3)            ; 9.5 (9.5)                        ; 1.2 (1.2)                                         ; 0.0 (0.0)                        ; 0.0 (0.0)            ; 18 (18)             ; 0 (0)                     ; 0 (0)         ; 0                 ; 0     ; 0          ; 0    ; 0            ; |game_top|main_game_fsm:U_FSM|chance_card_engine:U_CHANCE_ENGINE                                                                                                                                         ; chance_card_engine          ; work         ;
;       |price_calculator:U_PRICE_CALC|                        ; 1.0 (1.0)            ; 1.5 (1.5)                        ; 0.5 (0.5)                                         ; 0.0 (0.0)                        ; 0.0 (0.0)            ; 4 (4)               ; 0 (0)                     ; 0 (0)         ; 0                 ; 0     ; 0          ; 0    ; 0            ; |game_top|main_game_fsm:U_FSM|price_calculator:U_PRICE_CALC                                                                                                                                              ; price_calculator            ; work         ;
;    |memory_controller:U_MEM|                                 ; 28.8 (28.8)          ; 41.7 (41.7)                      ; 12.9 (12.9)                                       ; 0.0 (0.0)                        ; 0.0 (0.0)            ; 45 (45)             ; 58 (58)                   ; 0 (0)         ; 8192              ; 2     ; 0          ; 0    ; 0            ; |game_top|memory_controller:U_MEM                                                                                                                                                                        ; memory_controller           ; work         ;
;       |altsyncram:memory_array_rtl_0|                        ; 0.0 (0.0)            ; 0.0 (0.0)                        ; 0.0 (0.0)                                         ; 0.0 (0.0)                        ; 0.0 (0.0)            ; 0 (0)               ; 0 (0)                     ; 0 (0)         ; 4096              ; 1     ; 0          ; 0    ; 0            ; |game_top|memory_controller:U_MEM|altsyncram:memory_array_rtl_0                                                                                                                                          ; altsyncram                  ; work         ;
;          |altsyncram_e3k1:auto_generated|                    ; 0.0 (0.0)            ; 0.0 (0.0)                        ; 0.0 (0.0)                                         ; 0.0 (0.0)                        ; 0.0 (0.0)            ; 0 (0)               ; 0 (0)                     ; 0 (0)         ; 4096              ; 1     ; 0          ; 0    ; 0            ; |game_top|memory_controller:U_MEM|altsyncram:memory_array_rtl_0|altsyncram_e3k1:auto_generated                                                                                                           ; altsyncram_e3k1             ; work         ;
;       |altsyncram:memory_array_rtl_1|                        ; 0.0 (0.0)            ; 0.0 (0.0)                        ; 0.0 (0.0)                                         ; 0.0 (0.0)                        ; 0.0 (0.0)            ; 0 (0)               ; 0 (0)                     ; 0 (0)         ; 4096              ; 1     ; 0          ; 0    ; 0            ; |game_top|memory_controller:U_MEM|altsyncram:memory_array_rtl_1                                                                                                                                          ; altsyncram                  ; work         ;
;          |altsyncram_76k1:auto_generated|                    ; 0.0 (0.0)            ; 0.0 (0.0)                        ; 0.0 (0.0)                                         ; 0.0 (0.0)                        ; 0.0 (0.0)            ; 0 (0)               ; 0 (0)                     ; 0 (0)         ; 4096              ; 1     ; 0          ; 0    ; 0            ; |game_top|memory_controller:U_MEM|altsyncram:memory_array_rtl_1|altsyncram_76k1:auto_generated                                                                                                           ; altsyncram_76k1             ; work         ;
;    |monopoly_rng_core:U_RNG|                                 ; 19.5 (19.5)          ; 20.3 (20.3)                      ; 0.8 (0.8)                                         ; 0.0 (0.0)                        ; 0.0 (0.0)            ; 33 (33)             ; 39 (39)                   ; 0 (0)         ; 0                 ; 0     ; 1          ; 0    ; 0            ; |game_top|monopoly_rng_core:U_RNG                                                                                                                                                                        ; monopoly_rng_core           ; work         ;
;    |mpu6050_controller:mpu_ctrl_inst|                        ; 37.7 (37.7)          ; 55.6 (55.6)                      ; 18.1 (18.1)                                       ; 0.2 (0.2)                        ; 0.0 (0.0)            ; 39 (39)             ; 138 (138)                 ; 0 (0)         ; 0                 ; 0     ; 0          ; 0    ; 0            ; |game_top|mpu6050_controller:mpu_ctrl_inst                                                                                                                                                               ; mpu6050_controller          ; work         ;
;    |shake_detector:U_SHAKE|                                  ; 36.8 (36.8)          ; 37.7 (37.7)                      ; 1.7 (1.7)                                         ; 0.8 (0.8)                        ; 0.0 (0.0)            ; 87 (87)             ; 1 (1)                     ; 0 (0)         ; 0                 ; 0     ; 0          ; 0    ; 0            ; |game_top|shake_detector:U_SHAKE                                                                                                                                                                         ; shake_detector              ; work         ;
;    |vga_wrapper:VGA_DISPLAY|                                 ; 4074.2 (0.0)         ; 4193.3 (0.0)                     ; 127.5 (0.0)                                       ; 8.5 (0.0)                        ; 0.0 (0.0)            ; 6708 (0)            ; 1222 (0)                  ; 0 (0)         ; 0                 ; 0     ; 16         ; 0    ; 0            ; |game_top|vga_wrapper:VGA_DISPLAY                                                                                                                                                                        ; vga_wrapper                 ; work         ;
;       |vga:vga_inst|                                         ; 4074.2 (40.1)        ; 4193.3 (43.5)                    ; 127.5 (3.8)                                       ; 8.5 (0.4)                        ; 0.0 (0.0)            ; 6708 (59)           ; 1222 (27)                 ; 0 (0)         ; 0                 ; 0     ; 16         ; 0    ; 0            ; |game_top|vga_wrapper:VGA_DISPLAY|vga:vga_inst                                                                                                                                                           ; vga                         ; work         ;
;          |board_display:boardDisp|                           ; 3835.4 (10.7)        ; 3927.6 (10.7)                    ; 100.2 (0.0)                                       ; 8.1 (0.0)                        ; 0.0 (0.0)            ; 6387 (16)           ; 927 (0)                   ; 0 (0)         ; 0                 ; 0     ; 16         ; 0    ; 0            ; |game_top|vga_wrapper:VGA_DISPLAY|vga:vga_inst|board_display:boardDisp                                                                                                                                   ; board_display               ; work         ;
;             |board_boxes_dynamic:boxes_dynamic|              ; 913.6 (204.5)        ; 935.3 (212.0)                    ; 26.4 (7.8)                                        ; 4.6 (0.3)                        ; 0.0 (0.0)            ; 1661 (381)          ; 0 (0)                     ; 0 (0)         ; 0                 ; 0     ; 16         ; 0    ; 0            ; |game_top|vga_wrapper:VGA_DISPLAY|vga:vga_inst|board_display:boardDisp|board_boxes_dynamic:boxes_dynamic                                                                                                 ; board_boxes_dynamic         ; work         ;
;                |draw_dice:draw_dice_0|                       ; 12.5 (12.5)          ; 12.7 (12.7)                      ; 0.2 (0.2)                                         ; 0.0 (0.0)                        ; 0.0 (0.0)            ; 24 (24)             ; 0 (0)                     ; 0 (0)         ; 0                 ; 0     ; 0          ; 0    ; 0            ; |game_top|vga_wrapper:VGA_DISPLAY|vga:vga_inst|board_display:boardDisp|board_boxes_dynamic:boxes_dynamic|draw_dice:draw_dice_0                                                                           ; draw_dice                   ; work         ;
;                |draw_dice:draw_dice_1|                       ; 22.0 (22.0)          ; 22.2 (22.2)                      ; 0.2 (0.2)                                         ; 0.0 (0.0)                        ; 0.0 (0.0)            ; 36 (36)             ; 0 (0)                     ; 0 (0)         ; 0                 ; 0     ; 0          ; 0    ; 0            ; |game_top|vga_wrapper:VGA_DISPLAY|vga:vga_inst|board_display:boardDisp|board_boxes_dynamic:boxes_dynamic|draw_dice:draw_dice_1                                                                           ; draw_dice                   ; work         ;
;                |draw_pawn:draw_pawn_1|                       ; 143.7 (74.3)         ; 144.3 (75.3)                     ; 1.5 (1.5)                                         ; 0.9 (0.5)                        ; 0.0 (0.0)            ; 262 (143)           ; 0 (0)                     ; 0 (0)         ; 0                 ; 0     ; 4          ; 0    ; 0            ; |game_top|vga_wrapper:VGA_DISPLAY|vga:vga_inst|board_display:boardDisp|board_boxes_dynamic:boxes_dynamic|draw_pawn:draw_pawn_1                                                                           ; draw_pawn                   ; work         ;
;                   |draw_pawn_sprite:pawn_sprite|             ; 39.0 (39.0)          ; 39.0 (39.0)                      ; 0.0 (0.0)                                         ; 0.0 (0.0)                        ; 0.0 (0.0)            ; 66 (66)             ; 0 (0)                     ; 0 (0)         ; 0                 ; 0     ; 0          ; 0    ; 0            ; |game_top|vga_wrapper:VGA_DISPLAY|vga:vga_inst|board_display:boardDisp|board_boxes_dynamic:boxes_dynamic|draw_pawn:draw_pawn_1|draw_pawn_sprite:pawn_sprite                                              ; draw_pawn_sprite            ; work         ;
;                   |rectgen:pawn_rect|                        ; 30.5 (30.5)          ; 30.0 (30.0)                      ; 0.0 (0.0)                                         ; 0.5 (0.5)                        ; 0.0 (0.0)            ; 53 (53)             ; 0 (0)                     ; 0 (0)         ; 0                 ; 0     ; 0          ; 0    ; 0            ; |game_top|vga_wrapper:VGA_DISPLAY|vga:vga_inst|board_display:boardDisp|board_boxes_dynamic:boxes_dynamic|draw_pawn:draw_pawn_1|rectgen:pawn_rect                                                         ; rectgen                     ; work         ;
;                |draw_pawn:draw_pawn_2|                       ; 154.4 (80.0)         ; 160.0 (83.5)                     ; 7.6 (3.9)                                         ; 2.0 (0.4)                        ; 0.0 (0.0)            ; 281 (152)           ; 0 (0)                     ; 0 (0)         ; 0                 ; 0     ; 4          ; 0    ; 0            ; |game_top|vga_wrapper:VGA_DISPLAY|vga:vga_inst|board_display:boardDisp|board_boxes_dynamic:boxes_dynamic|draw_pawn:draw_pawn_2                                                                           ; draw_pawn                   ; work         ;
;                   |draw_pawn_sprite:pawn_sprite|             ; 43.4 (43.4)          ; 44.0 (44.0)                      ; 1.0 (1.0)                                         ; 0.4 (0.4)                        ; 0.0 (0.0)            ; 75 (75)             ; 0 (0)                     ; 0 (0)         ; 0                 ; 0     ; 0          ; 0    ; 0            ; |game_top|vga_wrapper:VGA_DISPLAY|vga:vga_inst|board_display:boardDisp|board_boxes_dynamic:boxes_dynamic|draw_pawn:draw_pawn_2|draw_pawn_sprite:pawn_sprite                                              ; draw_pawn_sprite            ; work         ;
;                   |rectgen:pawn_rect|                        ; 31.0 (31.0)          ; 32.5 (32.5)                      ; 2.7 (2.7)                                         ; 1.2 (1.2)                        ; 0.0 (0.0)            ; 54 (54)             ; 0 (0)                     ; 0 (0)         ; 0                 ; 0     ; 0          ; 0    ; 0            ; |game_top|vga_wrapper:VGA_DISPLAY|vga:vga_inst|board_display:boardDisp|board_boxes_dynamic:boxes_dynamic|draw_pawn:draw_pawn_2|rectgen:pawn_rect                                                         ; rectgen                     ; work         ;
;                |draw_pawn:draw_pawn_3|                       ; 155.3 (83.5)         ; 158.0 (85.3)                     ; 2.8 (1.8)                                         ; 0.1 (0.0)                        ; 0.0 (0.0)            ; 284 (161)           ; 0 (0)                     ; 0 (0)         ; 0                 ; 0     ; 4          ; 0    ; 0            ; |game_top|vga_wrapper:VGA_DISPLAY|vga:vga_inst|board_display:boardDisp|board_boxes_dynamic:boxes_dynamic|draw_pawn:draw_pawn_3                                                                           ; draw_pawn                   ; work         ;
;                   |draw_pawn_sprite:pawn_sprite|             ; 41.0 (41.0)          ; 42.5 (42.5)                      ; 1.5 (1.5)                                         ; 0.0 (0.0)                        ; 0.0 (0.0)            ; 70 (70)             ; 0 (0)                     ; 0 (0)         ; 0                 ; 0     ; 0          ; 0    ; 0            ; |game_top|vga_wrapper:VGA_DISPLAY|vga:vga_inst|board_display:boardDisp|board_boxes_dynamic:boxes_dynamic|draw_pawn:draw_pawn_3|draw_pawn_sprite:pawn_sprite                                              ; draw_pawn_sprite            ; work         ;
;                   |rectgen:pawn_rect|                        ; 30.3 (30.3)          ; 30.2 (30.2)                      ; 0.0 (0.0)                                         ; 0.1 (0.1)                        ; 0.0 (0.0)            ; 53 (53)             ; 0 (0)                     ; 0 (0)         ; 0                 ; 0     ; 0          ; 0    ; 0            ; |game_top|vga_wrapper:VGA_DISPLAY|vga:vga_inst|board_display:boardDisp|board_boxes_dynamic:boxes_dynamic|draw_pawn:draw_pawn_3|rectgen:pawn_rect                                                         ; rectgen                     ; work         ;
;                |draw_pawn:draw_pawn_4|                       ; 143.3 (73.8)         ; 145.8 (74.2)                     ; 3.5 (0.8)                                         ; 1.0 (0.5)                        ; 0.0 (0.0)            ; 256 (134)           ; 0 (0)                     ; 0 (0)         ; 0                 ; 0     ; 4          ; 0    ; 0            ; |game_top|vga_wrapper:VGA_DISPLAY|vga:vga_inst|board_display:boardDisp|board_boxes_dynamic:boxes_dynamic|draw_pawn:draw_pawn_4                                                                           ; draw_pawn                   ; work         ;
;                   |draw_pawn_sprite:pawn_sprite|             ; 39.0 (39.0)          ; 40.0 (40.0)                      ; 1.0 (1.0)                                         ; 0.0 (0.0)                        ; 0.0 (0.0)            ; 68 (68)             ; 0 (0)                     ; 0 (0)         ; 0                 ; 0     ; 0          ; 0    ; 0            ; |game_top|vga_wrapper:VGA_DISPLAY|vga:vga_inst|board_display:boardDisp|board_boxes_dynamic:boxes_dynamic|draw_pawn:draw_pawn_4|draw_pawn_sprite:pawn_sprite                                              ; draw_pawn_sprite            ; work         ;
;                   |rectgen:pawn_rect|                        ; 30.5 (30.5)          ; 31.7 (31.7)                      ; 1.7 (1.7)                                         ; 0.5 (0.5)                        ; 0.0 (0.0)            ; 54 (54)             ; 0 (0)                     ; 0 (0)         ; 0                 ; 0     ; 0          ; 0    ; 0            ; |game_top|vga_wrapper:VGA_DISPLAY|vga:vga_inst|board_display:boardDisp|board_boxes_dynamic:boxes_dynamic|draw_pawn:draw_pawn_4|rectgen:pawn_rect                                                         ; rectgen                     ; work         ;
;                |rectgen:tile_17|                             ; 0.5 (0.5)            ; 0.5 (0.5)                        ; 0.0 (0.0)                                         ; 0.0 (0.0)                        ; 0.0 (0.0)            ; 1 (1)               ; 0 (0)                     ; 0 (0)         ; 0                 ; 0     ; 0          ; 0    ; 0            ; |game_top|vga_wrapper:VGA_DISPLAY|vga:vga_inst|board_display:boardDisp|board_boxes_dynamic:boxes_dynamic|rectgen:tile_17                                                                                 ; rectgen                     ; work         ;
;                |rectgen:tile_18|                             ; 0.5 (0.5)            ; 0.5 (0.5)                        ; 0.0 (0.0)                                         ; 0.0 (0.0)                        ; 0.0 (0.0)            ; 3 (3)               ; 0 (0)                     ; 0 (0)         ; 0                 ; 0     ; 0          ; 0    ; 0            ; |game_top|vga_wrapper:VGA_DISPLAY|vga:vga_inst|board_display:boardDisp|board_boxes_dynamic:boxes_dynamic|rectgen:tile_18                                                                                 ; rectgen                     ; work         ;
;                |rectgen:tile_2|                              ; 0.5 (0.5)            ; 1.0 (1.0)                        ; 0.5 (0.5)                                         ; 0.0 (0.0)                        ; 0.0 (0.0)            ; 2 (2)               ; 0 (0)                     ; 0 (0)         ; 0                 ; 0     ; 0          ; 0    ; 0            ; |game_top|vga_wrapper:VGA_DISPLAY|vga:vga_inst|board_display:boardDisp|board_boxes_dynamic:boxes_dynamic|rectgen:tile_2                                                                                  ; rectgen                     ; work         ;
;                |rectgen:tile_22|                             ; 0.0 (0.0)            ; 0.5 (0.5)                        ; 0.5 (0.5)                                         ; 0.0 (0.0)                        ; 0.0 (0.0)            ; 1 (1)               ; 0 (0)                     ; 0 (0)         ; 0                 ; 0     ; 0          ; 0    ; 0            ; |game_top|vga_wrapper:VGA_DISPLAY|vga:vga_inst|board_display:boardDisp|board_boxes_dynamic:boxes_dynamic|rectgen:tile_22                                                                                 ; rectgen                     ; work         ;
;                |rectgen:tile_25|                             ; 1.5 (1.5)            ; 1.5 (1.5)                        ; 0.0 (0.0)                                         ; 0.0 (0.0)                        ; 0.0 (0.0)            ; 3 (3)               ; 0 (0)                     ; 0 (0)         ; 0                 ; 0     ; 0          ; 0    ; 0            ; |game_top|vga_wrapper:VGA_DISPLAY|vga:vga_inst|board_display:boardDisp|board_boxes_dynamic:boxes_dynamic|rectgen:tile_25                                                                                 ; rectgen                     ; work         ;
;                |rectgen:tile_26|                             ; 0.5 (0.5)            ; 0.5 (0.5)                        ; 0.0 (0.0)                                         ; 0.0 (0.0)                        ; 0.0 (0.0)            ; 1 (1)               ; 0 (0)                     ; 0 (0)         ; 0                 ; 0     ; 0          ; 0    ; 0            ; |game_top|vga_wrapper:VGA_DISPLAY|vga:vga_inst|board_display:boardDisp|board_boxes_dynamic:boxes_dynamic|rectgen:tile_26                                                                                 ; rectgen                     ; work         ;
;                |rectgen:tile_29|                             ; 2.1 (2.1)            ; 2.0 (2.0)                        ; 0.0 (0.0)                                         ; 0.1 (0.1)                        ; 0.0 (0.0)            ; 4 (4)               ; 0 (0)                     ; 0 (0)         ; 0                 ; 0     ; 0          ; 0    ; 0            ; |game_top|vga_wrapper:VGA_DISPLAY|vga:vga_inst|board_display:boardDisp|board_boxes_dynamic:boxes_dynamic|rectgen:tile_29                                                                                 ; rectgen                     ; work         ;
;                |rectgen:tile_30|                             ; 1.5 (1.5)            ; 1.5 (1.5)                        ; 0.0 (0.0)                                         ; 0.0 (0.0)                        ; 0.0 (0.0)            ; 3 (3)               ; 0 (0)                     ; 0 (0)         ; 0                 ; 0     ; 0          ; 0    ; 0            ; |game_top|vga_wrapper:VGA_DISPLAY|vga:vga_inst|board_display:boardDisp|board_boxes_dynamic:boxes_dynamic|rectgen:tile_30                                                                                 ; rectgen                     ; work         ;
;                |rectgen:vending_1|                           ; 3.2 (3.2)            ; 3.7 (3.7)                        ; 0.5 (0.5)                                         ; 0.0 (0.0)                        ; 0.0 (0.0)            ; 6 (6)               ; 0 (0)                     ; 0 (0)         ; 0                 ; 0     ; 0          ; 0    ; 0            ; |game_top|vga_wrapper:VGA_DISPLAY|vga:vga_inst|board_display:boardDisp|board_boxes_dynamic:boxes_dynamic|rectgen:vending_1                                                                               ; rectgen                     ; work         ;
;                |rectgen:vending_10|                          ; 2.2 (2.2)            ; 2.2 (2.2)                        ; 0.0 (0.0)                                         ; 0.0 (0.0)                        ; 0.0 (0.0)            ; 4 (4)               ; 0 (0)                     ; 0 (0)         ; 0                 ; 0     ; 0          ; 0    ; 0            ; |game_top|vga_wrapper:VGA_DISPLAY|vga:vga_inst|board_display:boardDisp|board_boxes_dynamic:boxes_dynamic|rectgen:vending_10                                                                              ; rectgen                     ; work         ;
;                |rectgen:vending_11|                          ; 2.5 (2.5)            ; 3.0 (3.0)                        ; 0.5 (0.5)                                         ; 0.0 (0.0)                        ; 0.0 (0.0)            ; 4 (4)               ; 0 (0)                     ; 0 (0)         ; 0                 ; 0     ; 0          ; 0    ; 0            ; |game_top|vga_wrapper:VGA_DISPLAY|vga:vga_inst|board_display:boardDisp|board_boxes_dynamic:boxes_dynamic|rectgen:vending_11                                                                              ; rectgen                     ; work         ;
;                |rectgen:vending_13|                          ; 2.5 (2.5)            ; 2.5 (2.5)                        ; 0.0 (0.0)                                         ; 0.0 (0.0)                        ; 0.0 (0.0)            ; 4 (4)               ; 0 (0)                     ; 0 (0)         ; 0                 ; 0     ; 0          ; 0    ; 0            ; |game_top|vga_wrapper:VGA_DISPLAY|vga:vga_inst|board_display:boardDisp|board_boxes_dynamic:boxes_dynamic|rectgen:vending_13                                                                              ; rectgen                     ; work         ;
;                |rectgen:vending_14|                          ; 2.0 (2.0)            ; 2.0 (2.0)                        ; 0.0 (0.0)                                         ; 0.0 (0.0)                        ; 0.0 (0.0)            ; 4 (4)               ; 0 (0)                     ; 0 (0)         ; 0                 ; 0     ; 0          ; 0    ; 0            ; |game_top|vga_wrapper:VGA_DISPLAY|vga:vga_inst|board_display:boardDisp|board_boxes_dynamic:boxes_dynamic|rectgen:vending_14                                                                              ; rectgen                     ; work         ;
;                |rectgen:vending_15|                          ; 2.0 (2.0)            ; 2.5 (2.5)                        ; 0.5 (0.5)                                         ; 0.0 (0.0)                        ; 0.0 (0.0)            ; 4 (4)               ; 0 (0)                     ; 0 (0)         ; 0                 ; 0     ; 0          ; 0    ; 0            ; |game_top|vga_wrapper:VGA_DISPLAY|vga:vga_inst|board_display:boardDisp|board_boxes_dynamic:boxes_dynamic|rectgen:vending_15                                                                              ; rectgen                     ; work         ;
;                |rectgen:vending_17|                          ; 1.7 (1.7)            ; 2.0 (2.0)                        ; 0.3 (0.3)                                         ; 0.0 (0.0)                        ; 0.0 (0.0)            ; 4 (4)               ; 0 (0)                     ; 0 (0)         ; 0                 ; 0     ; 0          ; 0    ; 0            ; |game_top|vga_wrapper:VGA_DISPLAY|vga:vga_inst|board_display:boardDisp|board_boxes_dynamic:boxes_dynamic|rectgen:vending_17                                                                              ; rectgen                     ; work         ;
;                |rectgen:vending_18|                          ; 2.0 (2.0)            ; 2.5 (2.5)                        ; 0.5 (0.5)                                         ; 0.0 (0.0)                        ; 0.0 (0.0)            ; 4 (4)               ; 0 (0)                     ; 0 (0)         ; 0                 ; 0     ; 0          ; 0    ; 0            ; |game_top|vga_wrapper:VGA_DISPLAY|vga:vga_inst|board_display:boardDisp|board_boxes_dynamic:boxes_dynamic|rectgen:vending_18                                                                              ; rectgen                     ; work         ;
;                |rectgen:vending_19|                          ; 2.2 (2.2)            ; 2.2 (2.2)                        ; 0.0 (0.0)                                         ; 0.0 (0.0)                        ; 0.0 (0.0)            ; 3 (3)               ; 0 (0)                     ; 0 (0)         ; 0                 ; 0     ; 0          ; 0    ; 0            ; |game_top|vga_wrapper:VGA_DISPLAY|vga:vga_inst|board_display:boardDisp|board_boxes_dynamic:boxes_dynamic|rectgen:vending_19                                                                              ; rectgen                     ; work         ;
;                |rectgen:vending_2|                           ; 3.7 (3.7)            ; 3.7 (3.7)                        ; 0.0 (0.0)                                         ; 0.0 (0.0)                        ; 0.0 (0.0)            ; 6 (6)               ; 0 (0)                     ; 0 (0)         ; 0                 ; 0     ; 0          ; 0    ; 0            ; |game_top|vga_wrapper:VGA_DISPLAY|vga:vga_inst|board_display:boardDisp|board_boxes_dynamic:boxes_dynamic|rectgen:vending_2                                                                               ; rectgen                     ; work         ;
;                |rectgen:vending_21|                          ; 2.7 (2.7)            ; 3.0 (3.0)                        ; 0.3 (0.3)                                         ; 0.0 (0.0)                        ; 0.0 (0.0)            ; 3 (3)               ; 0 (0)                     ; 0 (0)         ; 0                 ; 0     ; 0          ; 0    ; 0            ; |game_top|vga_wrapper:VGA_DISPLAY|vga:vga_inst|board_display:boardDisp|board_boxes_dynamic:boxes_dynamic|rectgen:vending_21                                                                              ; rectgen                     ; work         ;
;                |rectgen:vending_22|                          ; 3.5 (3.5)            ; 3.5 (3.5)                        ; 0.0 (0.0)                                         ; 0.0 (0.0)                        ; 0.0 (0.0)            ; 4 (4)               ; 0 (0)                     ; 0 (0)         ; 0                 ; 0     ; 0          ; 0    ; 0            ; |game_top|vga_wrapper:VGA_DISPLAY|vga:vga_inst|board_display:boardDisp|board_boxes_dynamic:boxes_dynamic|rectgen:vending_22                                                                              ; rectgen                     ; work         ;
;                |rectgen:vending_23|                          ; 6.2 (6.2)            ; 6.2 (6.2)                        ; 0.0 (0.0)                                         ; 0.0 (0.0)                        ; 0.0 (0.0)            ; 12 (12)             ; 0 (0)                     ; 0 (0)         ; 0                 ; 0     ; 0          ; 0    ; 0            ; |game_top|vga_wrapper:VGA_DISPLAY|vga:vga_inst|board_display:boardDisp|board_boxes_dynamic:boxes_dynamic|rectgen:vending_23                                                                              ; rectgen                     ; work         ;
;                |rectgen:vending_25|                          ; 1.8 (1.8)            ; 2.2 (2.2)                        ; 0.3 (0.3)                                         ; 0.0 (0.0)                        ; 0.0 (0.0)            ; 3 (3)               ; 0 (0)                     ; 0 (0)         ; 0                 ; 0     ; 0          ; 0    ; 0            ; |game_top|vga_wrapper:VGA_DISPLAY|vga:vga_inst|board_display:boardDisp|board_boxes_dynamic:boxes_dynamic|rectgen:vending_25                                                                              ; rectgen                     ; work         ;
;                |rectgen:vending_26|                          ; 5.4 (5.4)            ; 5.2 (5.2)                        ; 0.0 (0.0)                                         ; 0.2 (0.2)                        ; 0.0 (0.0)            ; 9 (9)               ; 0 (0)                     ; 0 (0)         ; 0                 ; 0     ; 0          ; 0    ; 0            ; |game_top|vga_wrapper:VGA_DISPLAY|vga:vga_inst|board_display:boardDisp|board_boxes_dynamic:boxes_dynamic|rectgen:vending_26                                                                              ; rectgen                     ; work         ;
;                |rectgen:vending_27|                          ; 1.3 (1.3)            ; 1.3 (1.3)                        ; 0.0 (0.0)                                         ; 0.0 (0.0)                        ; 0.0 (0.0)            ; 2 (2)               ; 0 (0)                     ; 0 (0)         ; 0                 ; 0     ; 0          ; 0    ; 0            ; |game_top|vga_wrapper:VGA_DISPLAY|vga:vga_inst|board_display:boardDisp|board_boxes_dynamic:boxes_dynamic|rectgen:vending_27                                                                              ; rectgen                     ; work         ;
;                |rectgen:vending_29|                          ; 1.3 (1.3)            ; 1.5 (1.5)                        ; 0.2 (0.2)                                         ; 0.0 (0.0)                        ; 0.0 (0.0)            ; 2 (2)               ; 0 (0)                     ; 0 (0)         ; 0                 ; 0     ; 0          ; 0    ; 0            ; |game_top|vga_wrapper:VGA_DISPLAY|vga:vga_inst|board_display:boardDisp|board_boxes_dynamic:boxes_dynamic|rectgen:vending_29                                                                              ; rectgen                     ; work         ;
;                |rectgen:vending_3|                           ; 2.4 (2.4)            ; 2.7 (2.7)                        ; 0.3 (0.3)                                         ; 0.1 (0.1)                        ; 0.0 (0.0)            ; 7 (7)               ; 0 (0)                     ; 0 (0)         ; 0                 ; 0     ; 0          ; 0    ; 0            ; |game_top|vga_wrapper:VGA_DISPLAY|vga:vga_inst|board_display:boardDisp|board_boxes_dynamic:boxes_dynamic|rectgen:vending_3                                                                               ; rectgen                     ; work         ;
;                |rectgen:vending_30|                          ; 1.5 (1.5)            ; 1.5 (1.5)                        ; 0.0 (0.0)                                         ; 0.0 (0.0)                        ; 0.0 (0.0)            ; 3 (3)               ; 0 (0)                     ; 0 (0)         ; 0                 ; 0     ; 0          ; 0    ; 0            ; |game_top|vga_wrapper:VGA_DISPLAY|vga:vga_inst|board_display:boardDisp|board_boxes_dynamic:boxes_dynamic|rectgen:vending_30                                                                              ; rectgen                     ; work         ;
;                |rectgen:vending_31|                          ; 5.5 (5.5)            ; 5.7 (5.7)                        ; 0.2 (0.2)                                         ; 0.0 (0.0)                        ; 0.0 (0.0)            ; 10 (10)             ; 0 (0)                     ; 0 (0)         ; 0                 ; 0     ; 0          ; 0    ; 0            ; |game_top|vga_wrapper:VGA_DISPLAY|vga:vga_inst|board_display:boardDisp|board_boxes_dynamic:boxes_dynamic|rectgen:vending_31                                                                              ; rectgen                     ; work         ;
;                |rectgen:vending_5|                           ; 2.2 (2.2)            ; 2.2 (2.2)                        ; 0.0 (0.0)                                         ; 0.0 (0.0)                        ; 0.0 (0.0)            ; 3 (3)               ; 0 (0)                     ; 0 (0)         ; 0                 ; 0     ; 0          ; 0    ; 0            ; |game_top|vga_wrapper:VGA_DISPLAY|vga:vga_inst|board_display:boardDisp|board_boxes_dynamic:boxes_dynamic|rectgen:vending_5                                                                               ; rectgen                     ; work         ;
;                |rectgen:vending_6|                           ; 3.3 (3.3)            ; 4.2 (4.2)                        ; 0.8 (0.8)                                         ; 0.0 (0.0)                        ; 0.0 (0.0)            ; 5 (5)               ; 0 (0)                     ; 0 (0)         ; 0                 ; 0     ; 0          ; 0    ; 0            ; |game_top|vga_wrapper:VGA_DISPLAY|vga:vga_inst|board_display:boardDisp|board_boxes_dynamic:boxes_dynamic|rectgen:vending_6                                                                               ; rectgen                     ; work         ;
;                |rectgen:vending_7|                           ; 2.5 (2.5)            ; 2.5 (2.5)                        ; 0.0 (0.0)                                         ; 0.0 (0.0)                        ; 0.0 (0.0)            ; 5 (5)               ; 0 (0)                     ; 0 (0)         ; 0                 ; 0     ; 0          ; 0    ; 0            ; |game_top|vga_wrapper:VGA_DISPLAY|vga:vga_inst|board_display:boardDisp|board_boxes_dynamic:boxes_dynamic|rectgen:vending_7                                                                               ; rectgen                     ; work         ;
;                |rectgen:vending_9|                           ; 4.5 (4.5)            ; 4.7 (4.7)                        ; 0.2 (0.2)                                         ; 0.0 (0.0)                        ; 0.0 (0.0)            ; 8 (8)               ; 0 (0)                     ; 0 (0)         ; 0                 ; 0     ; 0          ; 0    ; 0            ; |game_top|vga_wrapper:VGA_DISPLAY|vga:vga_inst|board_display:boardDisp|board_boxes_dynamic:boxes_dynamic|rectgen:vending_9                                                                               ; rectgen                     ; work         ;
;             |board_boxes_static:boxes_static|                ; 111.1 (34.4)         ; 120.2 (37.0)                     ; 9.5 (3.0)                                         ; 0.4 (0.4)                        ; 0.0 (0.0)            ; 206 (59)            ; 0 (0)                     ; 0 (0)         ; 0                 ; 0     ; 0          ; 0    ; 0            ; |game_top|vga_wrapper:VGA_DISPLAY|vga:vga_inst|board_display:boardDisp|board_boxes_static:boxes_static                                                                                                   ; board_boxes_static          ; work         ;
;                |rectgen:big_box_0|                           ; 2.5 (2.5)            ; 2.5 (2.5)                        ; 0.0 (0.0)                                         ; 0.0 (0.0)                        ; 0.0 (0.0)            ; 3 (3)               ; 0 (0)                     ; 0 (0)         ; 0                 ; 0     ; 0          ; 0    ; 0            ; |game_top|vga_wrapper:VGA_DISPLAY|vga:vga_inst|board_display:boardDisp|board_boxes_static:boxes_static|rectgen:big_box_0                                                                                 ; rectgen                     ; work         ;
;                |rectgen:big_box_1|                           ; 1.5 (1.5)            ; 1.5 (1.5)                        ; 0.0 (0.0)                                         ; 0.0 (0.0)                        ; 0.0 (0.0)            ; 2 (2)               ; 0 (0)                     ; 0 (0)         ; 0                 ; 0     ; 0          ; 0    ; 0            ; |game_top|vga_wrapper:VGA_DISPLAY|vga:vga_inst|board_display:boardDisp|board_boxes_static:boxes_static|rectgen:big_box_1                                                                                 ; rectgen                     ; work         ;
;                |rectgen:dice_0_box|                          ; 6.0 (6.0)            ; 6.0 (6.0)                        ; 0.0 (0.0)                                         ; 0.0 (0.0)                        ; 0.0 (0.0)            ; 9 (9)               ; 0 (0)                     ; 0 (0)         ; 0                 ; 0     ; 0          ; 0    ; 0            ; |game_top|vga_wrapper:VGA_DISPLAY|vga:vga_inst|board_display:boardDisp|board_boxes_static:boxes_static|rectgen:dice_0_box                                                                                ; rectgen                     ; work         ;
;                |rectgen:dice_1_box|                          ; 2.0 (2.0)            ; 3.0 (3.0)                        ; 1.0 (1.0)                                         ; 0.0 (0.0)                        ; 0.0 (0.0)            ; 6 (6)               ; 0 (0)                     ; 0 (0)         ; 0                 ; 0     ; 0          ; 0    ; 0            ; |game_top|vga_wrapper:VGA_DISPLAY|vga:vga_inst|board_display:boardDisp|board_boxes_static:boxes_static|rectgen:dice_1_box                                                                                ; rectgen                     ; work         ;
;                |rectgen:player_info_box|                     ; 6.0 (6.0)            ; 7.3 (7.3)                        ; 1.3 (1.3)                                         ; 0.0 (0.0)                        ; 0.0 (0.0)            ; 14 (14)             ; 0 (0)                     ; 0 (0)         ; 0                 ; 0     ; 0          ; 0    ; 0            ; |game_top|vga_wrapper:VGA_DISPLAY|vga:vga_inst|board_display:boardDisp|board_boxes_static:boxes_static|rectgen:player_info_box                                                                           ; rectgen                     ; work         ;
;                |rectgen:tile_0|                              ; 0.5 (0.5)            ; 0.5 (0.5)                        ; 0.0 (0.0)                                         ; 0.0 (0.0)                        ; 0.0 (0.0)            ; 1 (1)               ; 0 (0)                     ; 0 (0)         ; 0                 ; 0     ; 0          ; 0    ; 0            ; |game_top|vga_wrapper:VGA_DISPLAY|vga:vga_inst|board_display:boardDisp|board_boxes_static:boxes_static|rectgen:tile_0                                                                                    ; rectgen                     ; work         ;
;                |rectgen:tile_1|                              ; 2.8 (2.8)            ; 3.0 (3.0)                        ; 0.2 (0.2)                                         ; 0.0 (0.0)                        ; 0.0 (0.0)            ; 4 (4)               ; 0 (0)                     ; 0 (0)         ; 0                 ; 0     ; 0          ; 0    ; 0            ; |game_top|vga_wrapper:VGA_DISPLAY|vga:vga_inst|board_display:boardDisp|board_boxes_static:boxes_static|rectgen:tile_1                                                                                    ; rectgen                     ; work         ;
;                |rectgen:tile_10|                             ; 2.3 (2.3)            ; 2.5 (2.5)                        ; 0.2 (0.2)                                         ; 0.0 (0.0)                        ; 0.0 (0.0)            ; 5 (5)               ; 0 (0)                     ; 0 (0)         ; 0                 ; 0     ; 0          ; 0    ; 0            ; |game_top|vga_wrapper:VGA_DISPLAY|vga:vga_inst|board_display:boardDisp|board_boxes_static:boxes_static|rectgen:tile_10                                                                                   ; rectgen                     ; work         ;
;                |rectgen:tile_11|                             ; 1.5 (1.5)            ; 1.5 (1.5)                        ; 0.0 (0.0)                                         ; 0.0 (0.0)                        ; 0.0 (0.0)            ; 3 (3)               ; 0 (0)                     ; 0 (0)         ; 0                 ; 0     ; 0          ; 0    ; 0            ; |game_top|vga_wrapper:VGA_DISPLAY|vga:vga_inst|board_display:boardDisp|board_boxes_static:boxes_static|rectgen:tile_11                                                                                   ; rectgen                     ; work         ;
;                |rectgen:tile_12|                             ; 3.5 (3.5)            ; 4.0 (4.0)                        ; 0.5 (0.5)                                         ; 0.0 (0.0)                        ; 0.0 (0.0)            ; 5 (5)               ; 0 (0)                     ; 0 (0)         ; 0                 ; 0     ; 0          ; 0    ; 0            ; |game_top|vga_wrapper:VGA_DISPLAY|vga:vga_inst|board_display:boardDisp|board_boxes_static:boxes_static|rectgen:tile_12                                                                                   ; rectgen                     ; work         ;
;                |rectgen:tile_13|                             ; 2.5 (2.5)            ; 2.5 (2.5)                        ; 0.0 (0.0)                                         ; 0.0 (0.0)                        ; 0.0 (0.0)            ; 5 (5)               ; 0 (0)                     ; 0 (0)         ; 0                 ; 0     ; 0          ; 0    ; 0            ; |game_top|vga_wrapper:VGA_DISPLAY|vga:vga_inst|board_display:boardDisp|board_boxes_static:boxes_static|rectgen:tile_13                                                                                   ; rectgen                     ; work         ;
;                |rectgen:tile_14|                             ; 1.8 (1.8)            ; 2.0 (2.0)                        ; 0.2 (0.2)                                         ; 0.0 (0.0)                        ; 0.0 (0.0)            ; 4 (4)               ; 0 (0)                     ; 0 (0)         ; 0                 ; 0     ; 0          ; 0    ; 0            ; |game_top|vga_wrapper:VGA_DISPLAY|vga:vga_inst|board_display:boardDisp|board_boxes_static:boxes_static|rectgen:tile_14                                                                                   ; rectgen                     ; work         ;
;                |rectgen:tile_15|                             ; 1.0 (1.0)            ; 1.0 (1.0)                        ; 0.0 (0.0)                                         ; 0.0 (0.0)                        ; 0.0 (0.0)            ; 2 (2)               ; 0 (0)                     ; 0 (0)         ; 0                 ; 0     ; 0          ; 0    ; 0            ; |game_top|vga_wrapper:VGA_DISPLAY|vga:vga_inst|board_display:boardDisp|board_boxes_static:boxes_static|rectgen:tile_15                                                                                   ; rectgen                     ; work         ;
;                |rectgen:tile_17|                             ; 1.5 (1.5)            ; 1.5 (1.5)                        ; 0.0 (0.0)                                         ; 0.0 (0.0)                        ; 0.0 (0.0)            ; 3 (3)               ; 0 (0)                     ; 0 (0)         ; 0                 ; 0     ; 0          ; 0    ; 0            ; |game_top|vga_wrapper:VGA_DISPLAY|vga:vga_inst|board_display:boardDisp|board_boxes_static:boxes_static|rectgen:tile_17                                                                                   ; rectgen                     ; work         ;
;                |rectgen:tile_18|                             ; 1.0 (1.0)            ; 1.0 (1.0)                        ; 0.0 (0.0)                                         ; 0.0 (0.0)                        ; 0.0 (0.0)            ; 2 (2)               ; 0 (0)                     ; 0 (0)         ; 0                 ; 0     ; 0          ; 0    ; 0            ; |game_top|vga_wrapper:VGA_DISPLAY|vga:vga_inst|board_display:boardDisp|board_boxes_static:boxes_static|rectgen:tile_18                                                                                   ; rectgen                     ; work         ;
;                |rectgen:tile_19|                             ; 2.0 (2.0)            ; 2.0 (2.0)                        ; 0.0 (0.0)                                         ; 0.0 (0.0)                        ; 0.0 (0.0)            ; 3 (3)               ; 0 (0)                     ; 0 (0)         ; 0                 ; 0     ; 0          ; 0    ; 0            ; |game_top|vga_wrapper:VGA_DISPLAY|vga:vga_inst|board_display:boardDisp|board_boxes_static:boxes_static|rectgen:tile_19                                                                                   ; rectgen                     ; work         ;
;                |rectgen:tile_2|                              ; 2.0 (2.0)            ; 2.5 (2.5)                        ; 0.5 (0.5)                                         ; 0.0 (0.0)                        ; 0.0 (0.0)            ; 4 (4)               ; 0 (0)                     ; 0 (0)         ; 0                 ; 0     ; 0          ; 0    ; 0            ; |game_top|vga_wrapper:VGA_DISPLAY|vga:vga_inst|board_display:boardDisp|board_boxes_static:boxes_static|rectgen:tile_2                                                                                    ; rectgen                     ; work         ;
;                |rectgen:tile_21|                             ; 3.0 (3.0)            ; 3.0 (3.0)                        ; 0.0 (0.0)                                         ; 0.0 (0.0)                        ; 0.0 (0.0)            ; 5 (5)               ; 0 (0)                     ; 0 (0)         ; 0                 ; 0     ; 0          ; 0    ; 0            ; |game_top|vga_wrapper:VGA_DISPLAY|vga:vga_inst|board_display:boardDisp|board_boxes_static:boxes_static|rectgen:tile_21                                                                                   ; rectgen                     ; work         ;
;                |rectgen:tile_22|                             ; 2.0 (2.0)            ; 2.0 (2.0)                        ; 0.0 (0.0)                                         ; 0.0 (0.0)                        ; 0.0 (0.0)            ; 4 (4)               ; 0 (0)                     ; 0 (0)         ; 0                 ; 0     ; 0          ; 0    ; 0            ; |game_top|vga_wrapper:VGA_DISPLAY|vga:vga_inst|board_display:boardDisp|board_boxes_static:boxes_static|rectgen:tile_22                                                                                   ; rectgen                     ; work         ;
;                |rectgen:tile_23|                             ; 1.5 (1.5)            ; 2.0 (2.0)                        ; 0.5 (0.5)                                         ; 0.0 (0.0)                        ; 0.0 (0.0)            ; 3 (3)               ; 0 (0)                     ; 0 (0)         ; 0                 ; 0     ; 0          ; 0    ; 0            ; |game_top|vga_wrapper:VGA_DISPLAY|vga:vga_inst|board_display:boardDisp|board_boxes_static:boxes_static|rectgen:tile_23                                                                                   ; rectgen                     ; work         ;
;                |rectgen:tile_25|                             ; 1.0 (1.0)            ; 1.0 (1.0)                        ; 0.0 (0.0)                                         ; 0.0 (0.0)                        ; 0.0 (0.0)            ; 2 (2)               ; 0 (0)                     ; 0 (0)         ; 0                 ; 0     ; 0          ; 0    ; 0            ; |game_top|vga_wrapper:VGA_DISPLAY|vga:vga_inst|board_display:boardDisp|board_boxes_static:boxes_static|rectgen:tile_25                                                                                   ; rectgen                     ; work         ;
;                |rectgen:tile_26|                             ; 1.5 (1.5)            ; 2.0 (2.0)                        ; 0.5 (0.5)                                         ; 0.0 (0.0)                        ; 0.0 (0.0)            ; 3 (3)               ; 0 (0)                     ; 0 (0)         ; 0                 ; 0     ; 0          ; 0    ; 0            ; |game_top|vga_wrapper:VGA_DISPLAY|vga:vga_inst|board_display:boardDisp|board_boxes_static:boxes_static|rectgen:tile_26                                                                                   ; rectgen                     ; work         ;
;                |rectgen:tile_27|                             ; 1.5 (1.5)            ; 1.5 (1.5)                        ; 0.0 (0.0)                                         ; 0.0 (0.0)                        ; 0.0 (0.0)            ; 3 (3)               ; 0 (0)                     ; 0 (0)         ; 0                 ; 0     ; 0          ; 0    ; 0            ; |game_top|vga_wrapper:VGA_DISPLAY|vga:vga_inst|board_display:boardDisp|board_boxes_static:boxes_static|rectgen:tile_27                                                                                   ; rectgen                     ; work         ;
;                |rectgen:tile_28|                             ; 2.0 (2.0)            ; 3.0 (3.0)                        ; 1.0 (1.0)                                         ; 0.0 (0.0)                        ; 0.0 (0.0)            ; 6 (6)               ; 0 (0)                     ; 0 (0)         ; 0                 ; 0     ; 0          ; 0    ; 0            ; |game_top|vga_wrapper:VGA_DISPLAY|vga:vga_inst|board_display:boardDisp|board_boxes_static:boxes_static|rectgen:tile_28                                                                                   ; rectgen                     ; work         ;
;                |rectgen:tile_29|                             ; 2.0 (2.0)            ; 2.0 (2.0)                        ; 0.0 (0.0)                                         ; 0.0 (0.0)                        ; 0.0 (0.0)            ; 4 (4)               ; 0 (0)                     ; 0 (0)         ; 0                 ; 0     ; 0          ; 0    ; 0            ; |game_top|vga_wrapper:VGA_DISPLAY|vga:vga_inst|board_display:boardDisp|board_boxes_static:boxes_static|rectgen:tile_29                                                                                   ; rectgen                     ; work         ;
;                |rectgen:tile_3|                              ; 1.5 (1.5)            ; 2.0 (2.0)                        ; 0.5 (0.5)                                         ; 0.0 (0.0)                        ; 0.0 (0.0)            ; 3 (3)               ; 0 (0)                     ; 0 (0)         ; 0                 ; 0     ; 0          ; 0    ; 0            ; |game_top|vga_wrapper:VGA_DISPLAY|vga:vga_inst|board_display:boardDisp|board_boxes_static:boxes_static|rectgen:tile_3                                                                                    ; rectgen                     ; work         ;
;                |rectgen:tile_30|                             ; 1.5 (1.5)            ; 1.5 (1.5)                        ; 0.0 (0.0)                                         ; 0.0 (0.0)                        ; 0.0 (0.0)            ; 3 (3)               ; 0 (0)                     ; 0 (0)         ; 0                 ; 0     ; 0          ; 0    ; 0            ; |game_top|vga_wrapper:VGA_DISPLAY|vga:vga_inst|board_display:boardDisp|board_boxes_static:boxes_static|rectgen:tile_30                                                                                   ; rectgen                     ; work         ;
;                |rectgen:tile_31|                             ; 2.0 (2.0)            ; 2.0 (2.0)                        ; 0.0 (0.0)                                         ; 0.0 (0.0)                        ; 0.0 (0.0)            ; 5 (5)               ; 0 (0)                     ; 0 (0)         ; 0                 ; 0     ; 0          ; 0    ; 0            ; |game_top|vga_wrapper:VGA_DISPLAY|vga:vga_inst|board_display:boardDisp|board_boxes_static:boxes_static|rectgen:tile_31                                                                                   ; rectgen                     ; work         ;
;                |rectgen:tile_4|                              ; 4.7 (4.7)            ; 4.7 (4.7)                        ; 0.0 (0.0)                                         ; 0.0 (0.0)                        ; 0.0 (0.0)            ; 9 (9)               ; 0 (0)                     ; 0 (0)         ; 0                 ; 0     ; 0          ; 0    ; 0            ; |game_top|vga_wrapper:VGA_DISPLAY|vga:vga_inst|board_display:boardDisp|board_boxes_static:boxes_static|rectgen:tile_4                                                                                    ; rectgen                     ; work         ;
;                |rectgen:tile_5|                              ; 2.5 (2.5)            ; 2.5 (2.5)                        ; 0.0 (0.0)                                         ; 0.0 (0.0)                        ; 0.0 (0.0)            ; 5 (5)               ; 0 (0)                     ; 0 (0)         ; 0                 ; 0     ; 0          ; 0    ; 0            ; |game_top|vga_wrapper:VGA_DISPLAY|vga:vga_inst|board_display:boardDisp|board_boxes_static:boxes_static|rectgen:tile_5                                                                                    ; rectgen                     ; work         ;
;                |rectgen:tile_6|                              ; 2.5 (2.5)            ; 2.5 (2.5)                        ; 0.0 (0.0)                                         ; 0.0 (0.0)                        ; 0.0 (0.0)            ; 5 (5)               ; 0 (0)                     ; 0 (0)         ; 0                 ; 0     ; 0          ; 0    ; 0            ; |game_top|vga_wrapper:VGA_DISPLAY|vga:vga_inst|board_display:boardDisp|board_boxes_static:boxes_static|rectgen:tile_6                                                                                    ; rectgen                     ; work         ;
;                |rectgen:tile_7|                              ; 1.0 (1.0)            ; 1.5 (1.5)                        ; 0.5 (0.5)                                         ; 0.0 (0.0)                        ; 0.0 (0.0)            ; 2 (2)               ; 0 (0)                     ; 0 (0)         ; 0                 ; 0     ; 0          ; 0    ; 0            ; |game_top|vga_wrapper:VGA_DISPLAY|vga:vga_inst|board_display:boardDisp|board_boxes_static:boxes_static|rectgen:tile_7                                                                                    ; rectgen                     ; work         ;
;                |rectgen:tile_8|                              ; 2.8 (2.8)            ; 3.3 (3.3)                        ; 0.5 (0.5)                                         ; 0.0 (0.0)                        ; 0.0 (0.0)            ; 6 (6)               ; 0 (0)                     ; 0 (0)         ; 0                 ; 0     ; 0          ; 0    ; 0            ; |game_top|vga_wrapper:VGA_DISPLAY|vga:vga_inst|board_display:boardDisp|board_boxes_static:boxes_static|rectgen:tile_8                                                                                    ; rectgen                     ; work         ;
;                |rectgen:tile_8_visitor|                      ; 0.5 (0.5)            ; 0.5 (0.5)                        ; 0.0 (0.0)                                         ; 0.0 (0.0)                        ; 0.0 (0.0)            ; 1 (1)               ; 0 (0)                     ; 0 (0)         ; 0                 ; 0     ; 0          ; 0    ; 0            ; |game_top|vga_wrapper:VGA_DISPLAY|vga:vga_inst|board_display:boardDisp|board_boxes_static:boxes_static|rectgen:tile_8_visitor                                                                            ; rectgen                     ; work         ;
;                |rectgen:tile_9|                              ; 1.8 (1.8)            ; 1.8 (1.8)                        ; 0.0 (0.0)                                         ; 0.0 (0.0)                        ; 0.0 (0.0)            ; 3 (3)               ; 0 (0)                     ; 0 (0)         ; 0                 ; 0     ; 0          ; 0    ; 0            ; |game_top|vga_wrapper:VGA_DISPLAY|vga:vga_inst|board_display:boardDisp|board_boxes_static:boxes_static|rectgen:tile_9                                                                                    ; rectgen                     ; work         ;
;             |board_texts_dynamic:texts_dynamic|              ; 1797.6 (139.8)       ; 1841.2 (145.8)                   ; 43.6 (6.1)                                        ; 0.0 (0.0)                        ; 0.0 (0.0)            ; 2924 (204)          ; 927 (0)                   ; 0 (0)         ; 0                 ; 0     ; 0          ; 0    ; 0            ; |game_top|vga_wrapper:VGA_DISPLAY|vga:vga_inst|board_display:boardDisp|board_texts_dynamic:texts_dynamic                                                                                                 ; board_texts_dynamic         ; work         ;
;                |chance_card_text_rom_string:text_rom_string| ; 580.8 (580.8)        ; 580.8 (580.8)                    ; 0.0 (0.0)                                         ; 0.0 (0.0)                        ; 0.0 (0.0)            ; 927 (927)           ; 927 (927)                 ; 0 (0)         ; 0                 ; 0     ; 0          ; 0    ; 0            ; |game_top|vga_wrapper:VGA_DISPLAY|vga:vga_inst|board_display:boardDisp|board_texts_dynamic:texts_dynamic|chance_card_text_rom_string:text_rom_string                                                     ; chance_card_text_rom_string ; work         ;
;                |font_rom:fontROM_dynamic|                    ; 63.0 (63.0)          ; 63.0 (63.0)                      ; 0.0 (0.0)                                         ; 0.0 (0.0)                        ; 0.0 (0.0)            ; 67 (67)             ; 0 (0)                     ; 0 (0)         ; 0                 ; 0     ; 0          ; 0    ; 0            ; |game_top|vga_wrapper:VGA_DISPLAY|vga:vga_inst|board_display:boardDisp|board_texts_dynamic:texts_dynamic|font_rom:fontROM_dynamic                                                                        ; font_rom                    ; work         ;
;                |lpm_divide:Div0|                             ; 11.0 (0.0)           ; 11.0 (0.0)                       ; 0.0 (0.0)                                         ; 0.0 (0.0)                        ; 0.0 (0.0)            ; 24 (0)              ; 0 (0)                     ; 0 (0)         ; 0                 ; 0     ; 0          ; 0    ; 0            ; |game_top|vga_wrapper:VGA_DISPLAY|vga:vga_inst|board_display:boardDisp|board_texts_dynamic:texts_dynamic|lpm_divide:Div0                                                                                 ; lpm_divide                  ; work         ;
;                   |lpm_divide_8am:auto_generated|            ; 11.0 (0.0)           ; 11.0 (0.0)                       ; 0.0 (0.0)                                         ; 0.0 (0.0)                        ; 0.0 (0.0)            ; 24 (0)              ; 0 (0)                     ; 0 (0)         ; 0                 ; 0     ; 0          ; 0    ; 0            ; |game_top|vga_wrapper:VGA_DISPLAY|vga:vga_inst|board_display:boardDisp|board_texts_dynamic:texts_dynamic|lpm_divide:Div0|lpm_divide_8am:auto_generated                                                   ; lpm_divide_8am              ; work         ;
;                      |sign_div_unsign_ekh:divider|           ; 11.0 (0.0)           ; 11.0 (0.0)                       ; 0.0 (0.0)                                         ; 0.0 (0.0)                        ; 0.0 (0.0)            ; 24 (0)              ; 0 (0)                     ; 0 (0)         ; 0                 ; 0     ; 0          ; 0    ; 0            ; |game_top|vga_wrapper:VGA_DISPLAY|vga:vga_inst|board_display:boardDisp|board_texts_dynamic:texts_dynamic|lpm_divide:Div0|lpm_divide_8am:auto_generated|sign_div_unsign_ekh:divider                       ; sign_div_unsign_ekh         ; work         ;
;                         |alt_u_div_2te:divider|              ; 11.0 (11.0)          ; 11.0 (11.0)                      ; 0.0 (0.0)                                         ; 0.0 (0.0)                        ; 0.0 (0.0)            ; 24 (24)             ; 0 (0)                     ; 0 (0)         ; 0                 ; 0     ; 0          ; 0    ; 0            ; |game_top|vga_wrapper:VGA_DISPLAY|vga:vga_inst|board_display:boardDisp|board_texts_dynamic:texts_dynamic|lpm_divide:Div0|lpm_divide_8am:auto_generated|sign_div_unsign_ekh:divider|alt_u_div_2te:divider ; alt_u_div_2te               ; work         ;
;                |lpm_divide:Div1|                             ; 18.7 (0.0)           ; 19.0 (0.0)                       ; 0.3 (0.0)                                         ; 0.0 (0.0)                        ; 0.0 (0.0)            ; 36 (0)              ; 0 (0)                     ; 0 (0)         ; 0                 ; 0     ; 0          ; 0    ; 0            ; |game_top|vga_wrapper:VGA_DISPLAY|vga:vga_inst|board_display:boardDisp|board_texts_dynamic:texts_dynamic|lpm_divide:Div1                                                                                 ; lpm_divide                  ; work         ;
;                   |lpm_divide_4am:auto_generated|            ; 18.7 (0.0)           ; 19.0 (0.0)                       ; 0.3 (0.0)                                         ; 0.0 (0.0)                        ; 0.0 (0.0)            ; 36 (0)              ; 0 (0)                     ; 0 (0)         ; 0                 ; 0     ; 0          ; 0    ; 0            ; |game_top|vga_wrapper:VGA_DISPLAY|vga:vga_inst|board_display:boardDisp|board_texts_dynamic:texts_dynamic|lpm_divide:Div1|lpm_divide_4am:auto_generated                                                   ; lpm_divide_4am              ; work         ;
;                      |sign_div_unsign_akh:divider|           ; 18.7 (0.0)           ; 19.0 (0.0)                       ; 0.3 (0.0)                                         ; 0.0 (0.0)                        ; 0.0 (0.0)            ; 36 (0)              ; 0 (0)                     ; 0 (0)         ; 0                 ; 0     ; 0          ; 0    ; 0            ; |game_top|vga_wrapper:VGA_DISPLAY|vga:vga_inst|board_display:boardDisp|board_texts_dynamic:texts_dynamic|lpm_divide:Div1|lpm_divide_4am:auto_generated|sign_div_unsign_akh:divider                       ; sign_div_unsign_akh         ; work         ;
;                         |alt_u_div_qse:divider|              ; 18.7 (18.7)          ; 19.0 (19.0)                      ; 0.3 (0.3)                                         ; 0.0 (0.0)                        ; 0.0 (0.0)            ; 36 (36)             ; 0 (0)                     ; 0 (0)         ; 0                 ; 0     ; 0          ; 0    ; 0            ; |game_top|vga_wrapper:VGA_DISPLAY|vga:vga_inst|board_display:boardDisp|board_texts_dynamic:texts_dynamic|lpm_divide:Div1|lpm_divide_4am:auto_generated|sign_div_unsign_akh:divider|alt_u_div_qse:divider ; alt_u_div_qse               ; work         ;
;                |lpm_divide:Div2|                             ; 11.7 (0.0)           ; 12.0 (0.0)                       ; 0.3 (0.0)                                         ; 0.0 (0.0)                        ; 0.0 (0.0)            ; 24 (0)              ; 0 (0)                     ; 0 (0)         ; 0                 ; 0     ; 0          ; 0    ; 0            ; |game_top|vga_wrapper:VGA_DISPLAY|vga:vga_inst|board_display:boardDisp|board_texts_dynamic:texts_dynamic|lpm_divide:Div2                                                                                 ; lpm_divide                  ; work         ;
;                   |lpm_divide_8am:auto_generated|            ; 11.7 (0.0)           ; 12.0 (0.0)                       ; 0.3 (0.0)                                         ; 0.0 (0.0)                        ; 0.0 (0.0)            ; 24 (0)              ; 0 (0)                     ; 0 (0)         ; 0                 ; 0     ; 0          ; 0    ; 0            ; |game_top|vga_wrapper:VGA_DISPLAY|vga:vga_inst|board_display:boardDisp|board_texts_dynamic:texts_dynamic|lpm_divide:Div2|lpm_divide_8am:auto_generated                                                   ; lpm_divide_8am              ; work         ;
;                      |sign_div_unsign_ekh:divider|           ; 11.7 (0.0)           ; 12.0 (0.0)                       ; 0.3 (0.0)                                         ; 0.0 (0.0)                        ; 0.0 (0.0)            ; 24 (0)              ; 0 (0)                     ; 0 (0)         ; 0                 ; 0     ; 0          ; 0    ; 0            ; |game_top|vga_wrapper:VGA_DISPLAY|vga:vga_inst|board_display:boardDisp|board_texts_dynamic:texts_dynamic|lpm_divide:Div2|lpm_divide_8am:auto_generated|sign_div_unsign_ekh:divider                       ; sign_div_unsign_ekh         ; work         ;
;                         |alt_u_div_2te:divider|              ; 11.7 (11.7)          ; 12.0 (12.0)                      ; 0.3 (0.3)                                         ; 0.0 (0.0)                        ; 0.0 (0.0)            ; 24 (24)             ; 0 (0)                     ; 0 (0)         ; 0                 ; 0     ; 0          ; 0    ; 0            ; |game_top|vga_wrapper:VGA_DISPLAY|vga:vga_inst|board_display:boardDisp|board_texts_dynamic:texts_dynamic|lpm_divide:Div2|lpm_divide_8am:auto_generated|sign_div_unsign_ekh:divider|alt_u_div_2te:divider ; alt_u_div_2te               ; work         ;
;                |lpm_divide:Div3|                             ; 18.7 (0.0)           ; 19.0 (0.0)                       ; 0.3 (0.0)                                         ; 0.0 (0.0)                        ; 0.0 (0.0)            ; 36 (0)              ; 0 (0)                     ; 0 (0)         ; 0                 ; 0     ; 0          ; 0    ; 0            ; |game_top|vga_wrapper:VGA_DISPLAY|vga:vga_inst|board_display:boardDisp|board_texts_dynamic:texts_dynamic|lpm_divide:Div3                                                                                 ; lpm_divide                  ; work         ;
;                   |lpm_divide_4am:auto_generated|            ; 18.7 (0.0)           ; 19.0 (0.0)                       ; 0.3 (0.0)                                         ; 0.0 (0.0)                        ; 0.0 (0.0)            ; 36 (0)              ; 0 (0)                     ; 0 (0)         ; 0                 ; 0     ; 0          ; 0    ; 0            ; |game_top|vga_wrapper:VGA_DISPLAY|vga:vga_inst|board_display:boardDisp|board_texts_dynamic:texts_dynamic|lpm_divide:Div3|lpm_divide_4am:auto_generated                                                   ; lpm_divide_4am              ; work         ;
;                      |sign_div_unsign_akh:divider|           ; 18.7 (0.0)           ; 19.0 (0.0)                       ; 0.3 (0.0)                                         ; 0.0 (0.0)                        ; 0.0 (0.0)            ; 36 (0)              ; 0 (0)                     ; 0 (0)         ; 0                 ; 0     ; 0          ; 0    ; 0            ; |game_top|vga_wrapper:VGA_DISPLAY|vga:vga_inst|board_display:boardDisp|board_texts_dynamic:texts_dynamic|lpm_divide:Div3|lpm_divide_4am:auto_generated|sign_div_unsign_akh:divider                       ; sign_div_unsign_akh         ; work         ;
;                         |alt_u_div_qse:divider|              ; 18.7 (18.7)          ; 19.0 (19.0)                      ; 0.3 (0.3)                                         ; 0.0 (0.0)                        ; 0.0 (0.0)            ; 36 (36)             ; 0 (0)                     ; 0 (0)         ; 0                 ; 0     ; 0          ; 0    ; 0            ; |game_top|vga_wrapper:VGA_DISPLAY|vga:vga_inst|board_display:boardDisp|board_texts_dynamic:texts_dynamic|lpm_divide:Div3|lpm_divide_4am:auto_generated|sign_div_unsign_akh:divider|alt_u_div_qse:divider ; alt_u_div_qse               ; work         ;
;                |lpm_divide:Div4|                             ; 11.2 (0.0)           ; 11.2 (0.0)                       ; 0.0 (0.0)                                         ; 0.0 (0.0)                        ; 0.0 (0.0)            ; 24 (0)              ; 0 (0)                     ; 0 (0)         ; 0                 ; 0     ; 0          ; 0    ; 0            ; |game_top|vga_wrapper:VGA_DISPLAY|vga:vga_inst|board_display:boardDisp|board_texts_dynamic:texts_dynamic|lpm_divide:Div4                                                                                 ; lpm_divide                  ; work         ;
;                   |lpm_divide_8am:auto_generated|            ; 11.2 (0.0)           ; 11.2 (0.0)                       ; 0.0 (0.0)                                         ; 0.0 (0.0)                        ; 0.0 (0.0)            ; 24 (0)              ; 0 (0)                     ; 0 (0)         ; 0                 ; 0     ; 0          ; 0    ; 0            ; |game_top|vga_wrapper:VGA_DISPLAY|vga:vga_inst|board_display:boardDisp|board_texts_dynamic:texts_dynamic|lpm_divide:Div4|lpm_divide_8am:auto_generated                                                   ; lpm_divide_8am              ; work         ;
;                      |sign_div_unsign_ekh:divider|           ; 11.2 (0.0)           ; 11.2 (0.0)                       ; 0.0 (0.0)                                         ; 0.0 (0.0)                        ; 0.0 (0.0)            ; 24 (0)              ; 0 (0)                     ; 0 (0)         ; 0                 ; 0     ; 0          ; 0    ; 0            ; |game_top|vga_wrapper:VGA_DISPLAY|vga:vga_inst|board_display:boardDisp|board_texts_dynamic:texts_dynamic|lpm_divide:Div4|lpm_divide_8am:auto_generated|sign_div_unsign_ekh:divider                       ; sign_div_unsign_ekh         ; work         ;
;                         |alt_u_div_2te:divider|              ; 11.2 (11.2)          ; 11.2 (11.2)                      ; 0.0 (0.0)                                         ; 0.0 (0.0)                        ; 0.0 (0.0)            ; 24 (24)             ; 0 (0)                     ; 0 (0)         ; 0                 ; 0     ; 0          ; 0    ; 0            ; |game_top|vga_wrapper:VGA_DISPLAY|vga:vga_inst|board_display:boardDisp|board_texts_dynamic:texts_dynamic|lpm_divide:Div4|lpm_divide_8am:auto_generated|sign_div_unsign_ekh:divider|alt_u_div_2te:divider ; alt_u_div_2te               ; work         ;
;                |lpm_divide:Div5|                             ; 19.2 (0.0)           ; 19.2 (0.0)                       ; 0.0 (0.0)                                         ; 0.0 (0.0)                        ; 0.0 (0.0)            ; 36 (0)              ; 0 (0)                     ; 0 (0)         ; 0                 ; 0     ; 0          ; 0    ; 0            ; |game_top|vga_wrapper:VGA_DISPLAY|vga:vga_inst|board_display:boardDisp|board_texts_dynamic:texts_dynamic|lpm_divide:Div5                                                                                 ; lpm_divide                  ; work         ;
;                   |lpm_divide_4am:auto_generated|            ; 19.2 (0.0)           ; 19.2 (0.0)                       ; 0.0 (0.0)                                         ; 0.0 (0.0)                        ; 0.0 (0.0)            ; 36 (0)              ; 0 (0)                     ; 0 (0)         ; 0                 ; 0     ; 0          ; 0    ; 0            ; |game_top|vga_wrapper:VGA_DISPLAY|vga:vga_inst|board_display:boardDisp|board_texts_dynamic:texts_dynamic|lpm_divide:Div5|lpm_divide_4am:auto_generated                                                   ; lpm_divide_4am              ; work         ;
;                      |sign_div_unsign_akh:divider|           ; 19.2 (0.0)           ; 19.2 (0.0)                       ; 0.0 (0.0)                                         ; 0.0 (0.0)                        ; 0.0 (0.0)            ; 36 (0)              ; 0 (0)                     ; 0 (0)         ; 0                 ; 0     ; 0          ; 0    ; 0            ; |game_top|vga_wrapper:VGA_DISPLAY|vga:vga_inst|board_display:boardDisp|board_texts_dynamic:texts_dynamic|lpm_divide:Div5|lpm_divide_4am:auto_generated|sign_div_unsign_akh:divider                       ; sign_div_unsign_akh         ; work         ;
;                         |alt_u_div_qse:divider|              ; 19.2 (19.2)          ; 19.2 (19.2)                      ; 0.0 (0.0)                                         ; 0.0 (0.0)                        ; 0.0 (0.0)            ; 36 (36)             ; 0 (0)                     ; 0 (0)         ; 0                 ; 0     ; 0          ; 0    ; 0            ; |game_top|vga_wrapper:VGA_DISPLAY|vga:vga_inst|board_display:boardDisp|board_texts_dynamic:texts_dynamic|lpm_divide:Div5|lpm_divide_4am:auto_generated|sign_div_unsign_akh:divider|alt_u_div_qse:divider ; alt_u_div_qse               ; work         ;
;                |lpm_divide:Div6|                             ; 10.7 (0.0)           ; 11.8 (0.0)                       ; 1.2 (0.0)                                         ; 0.0 (0.0)                        ; 0.0 (0.0)            ; 24 (0)              ; 0 (0)                     ; 0 (0)         ; 0                 ; 0     ; 0          ; 0    ; 0            ; |game_top|vga_wrapper:VGA_DISPLAY|vga:vga_inst|board_display:boardDisp|board_texts_dynamic:texts_dynamic|lpm_divide:Div6                                                                                 ; lpm_divide                  ; work         ;
;                   |lpm_divide_8am:auto_generated|            ; 10.7 (0.0)           ; 11.8 (0.0)                       ; 1.2 (0.0)                                         ; 0.0 (0.0)                        ; 0.0 (0.0)            ; 24 (0)              ; 0 (0)                     ; 0 (0)         ; 0                 ; 0     ; 0          ; 0    ; 0            ; |game_top|vga_wrapper:VGA_DISPLAY|vga:vga_inst|board_display:boardDisp|board_texts_dynamic:texts_dynamic|lpm_divide:Div6|lpm_divide_8am:auto_generated                                                   ; lpm_divide_8am              ; work         ;
;                      |sign_div_unsign_ekh:divider|           ; 10.7 (0.0)           ; 11.8 (0.0)                       ; 1.2 (0.0)                                         ; 0.0 (0.0)                        ; 0.0 (0.0)            ; 24 (0)              ; 0 (0)                     ; 0 (0)         ; 0                 ; 0     ; 0          ; 0    ; 0            ; |game_top|vga_wrapper:VGA_DISPLAY|vga:vga_inst|board_display:boardDisp|board_texts_dynamic:texts_dynamic|lpm_divide:Div6|lpm_divide_8am:auto_generated|sign_div_unsign_ekh:divider                       ; sign_div_unsign_ekh         ; work         ;
;                         |alt_u_div_2te:divider|              ; 10.7 (10.7)          ; 11.8 (11.8)                      ; 1.2 (1.2)                                         ; 0.0 (0.0)                        ; 0.0 (0.0)            ; 24 (24)             ; 0 (0)                     ; 0 (0)         ; 0                 ; 0     ; 0          ; 0    ; 0            ; |game_top|vga_wrapper:VGA_DISPLAY|vga:vga_inst|board_display:boardDisp|board_texts_dynamic:texts_dynamic|lpm_divide:Div6|lpm_divide_8am:auto_generated|sign_div_unsign_ekh:divider|alt_u_div_2te:divider ; alt_u_div_2te               ; work         ;
;                |lpm_divide:Div7|                             ; 19.2 (0.0)           ; 19.5 (0.0)                       ; 0.3 (0.0)                                         ; 0.0 (0.0)                        ; 0.0 (0.0)            ; 36 (0)              ; 0 (0)                     ; 0 (0)         ; 0                 ; 0     ; 0          ; 0    ; 0            ; |game_top|vga_wrapper:VGA_DISPLAY|vga:vga_inst|board_display:boardDisp|board_texts_dynamic:texts_dynamic|lpm_divide:Div7                                                                                 ; lpm_divide                  ; work         ;
;                   |lpm_divide_4am:auto_generated|            ; 19.2 (0.0)           ; 19.5 (0.0)                       ; 0.3 (0.0)                                         ; 0.0 (0.0)                        ; 0.0 (0.0)            ; 36 (0)              ; 0 (0)                     ; 0 (0)         ; 0                 ; 0     ; 0          ; 0    ; 0            ; |game_top|vga_wrapper:VGA_DISPLAY|vga:vga_inst|board_display:boardDisp|board_texts_dynamic:texts_dynamic|lpm_divide:Div7|lpm_divide_4am:auto_generated                                                   ; lpm_divide_4am              ; work         ;
;                      |sign_div_unsign_akh:divider|           ; 19.2 (0.0)           ; 19.5 (0.0)                       ; 0.3 (0.0)                                         ; 0.0 (0.0)                        ; 0.0 (0.0)            ; 36 (0)              ; 0 (0)                     ; 0 (0)         ; 0                 ; 0     ; 0          ; 0    ; 0            ; |game_top|vga_wrapper:VGA_DISPLAY|vga:vga_inst|board_display:boardDisp|board_texts_dynamic:texts_dynamic|lpm_divide:Div7|lpm_divide_4am:auto_generated|sign_div_unsign_akh:divider                       ; sign_div_unsign_akh         ; work         ;
;                         |alt_u_div_qse:divider|              ; 19.2 (19.2)          ; 19.5 (19.5)                      ; 0.3 (0.3)                                         ; 0.0 (0.0)                        ; 0.0 (0.0)            ; 36 (36)             ; 0 (0)                     ; 0 (0)         ; 0                 ; 0     ; 0          ; 0    ; 0            ; |game_top|vga_wrapper:VGA_DISPLAY|vga:vga_inst|board_display:boardDisp|board_texts_dynamic:texts_dynamic|lpm_divide:Div7|lpm_divide_4am:auto_generated|sign_div_unsign_akh:divider|alt_u_div_qse:divider ; alt_u_div_qse               ; work         ;
;                |lpm_divide:Div8|                             ; 44.3 (0.0)           ; 44.8 (0.0)                       ; 0.5 (0.0)                                         ; 0.0 (0.0)                        ; 0.0 (0.0)            ; 91 (0)              ; 0 (0)                     ; 0 (0)         ; 0                 ; 0     ; 0          ; 0    ; 0            ; |game_top|vga_wrapper:VGA_DISPLAY|vga:vga_inst|board_display:boardDisp|board_texts_dynamic:texts_dynamic|lpm_divide:Div8                                                                                 ; lpm_divide                  ; work         ;
;                   |lpm_divide_nbm:auto_generated|            ; 44.3 (0.0)           ; 44.8 (0.0)                       ; 0.5 (0.0)                                         ; 0.0 (0.0)                        ; 0.0 (0.0)            ; 91 (0)              ; 0 (0)                     ; 0 (0)         ; 0                 ; 0     ; 0          ; 0    ; 0            ; |game_top|vga_wrapper:VGA_DISPLAY|vga:vga_inst|board_display:boardDisp|board_texts_dynamic:texts_dynamic|lpm_divide:Div8|lpm_divide_nbm:auto_generated                                                   ; lpm_divide_nbm              ; work         ;
;                      |sign_div_unsign_tlh:divider|           ; 44.3 (0.0)           ; 44.8 (0.0)                       ; 0.5 (0.0)                                         ; 0.0 (0.0)                        ; 0.0 (0.0)            ; 91 (0)              ; 0 (0)                     ; 0 (0)         ; 0                 ; 0     ; 0          ; 0    ; 0            ; |game_top|vga_wrapper:VGA_DISPLAY|vga:vga_inst|board_display:boardDisp|board_texts_dynamic:texts_dynamic|lpm_divide:Div8|lpm_divide_nbm:auto_generated|sign_div_unsign_tlh:divider                       ; sign_div_unsign_tlh         ; work         ;
;                         |alt_u_div_00f:divider|              ; 44.3 (44.3)          ; 44.8 (44.8)                      ; 0.5 (0.5)                                         ; 0.0 (0.0)                        ; 0.0 (0.0)            ; 91 (91)             ; 0 (0)                     ; 0 (0)         ; 0                 ; 0     ; 0          ; 0    ; 0            ; |game_top|vga_wrapper:VGA_DISPLAY|vga:vga_inst|board_display:boardDisp|board_texts_dynamic:texts_dynamic|lpm_divide:Div8|lpm_divide_nbm:auto_generated|sign_div_unsign_tlh:divider|alt_u_div_00f:divider ; alt_u_div_00f               ; work         ;
;                |lpm_divide:Div9|                             ; 19.0 (0.0)           ; 19.5 (0.0)                       ; 0.5 (0.0)                                         ; 0.0 (0.0)                        ; 0.0 (0.0)            ; 36 (0)              ; 0 (0)                     ; 0 (0)         ; 0                 ; 0     ; 0          ; 0    ; 0            ; |game_top|vga_wrapper:VGA_DISPLAY|vga:vga_inst|board_display:boardDisp|board_texts_dynamic:texts_dynamic|lpm_divide:Div9                                                                                 ; lpm_divide                  ; work         ;
;                   |lpm_divide_4am:auto_generated|            ; 19.0 (0.0)           ; 19.5 (0.0)                       ; 0.5 (0.0)                                         ; 0.0 (0.0)                        ; 0.0 (0.0)            ; 36 (0)              ; 0 (0)                     ; 0 (0)         ; 0                 ; 0     ; 0          ; 0    ; 0            ; |game_top|vga_wrapper:VGA_DISPLAY|vga:vga_inst|board_display:boardDisp|board_texts_dynamic:texts_dynamic|lpm_divide:Div9|lpm_divide_4am:auto_generated                                                   ; lpm_divide_4am              ; work         ;
;                      |sign_div_unsign_akh:divider|           ; 19.0 (0.0)           ; 19.5 (0.0)                       ; 0.5 (0.0)                                         ; 0.0 (0.0)                        ; 0.0 (0.0)            ; 36 (0)              ; 0 (0)                     ; 0 (0)         ; 0                 ; 0     ; 0          ; 0    ; 0            ; |game_top|vga_wrapper:VGA_DISPLAY|vga:vga_inst|board_display:boardDisp|board_texts_dynamic:texts_dynamic|lpm_divide:Div9|lpm_divide_4am:auto_generated|sign_div_unsign_akh:divider                       ; sign_div_unsign_akh         ; work         ;
;                         |alt_u_div_qse:divider|              ; 19.0 (19.0)          ; 19.5 (19.5)                      ; 0.5 (0.5)                                         ; 0.0 (0.0)                        ; 0.0 (0.0)            ; 36 (36)             ; 0 (0)                     ; 0 (0)         ; 0                 ; 0     ; 0          ; 0    ; 0            ; |game_top|vga_wrapper:VGA_DISPLAY|vga:vga_inst|board_display:boardDisp|board_texts_dynamic:texts_dynamic|lpm_divide:Div9|lpm_divide_4am:auto_generated|sign_div_unsign_akh:divider|alt_u_div_qse:divider ; alt_u_div_qse               ; work         ;
;                |lpm_divide:Mod0|                             ; 18.0 (0.0)           ; 18.0 (0.0)                       ; 0.0 (0.0)                                         ; 0.0 (0.0)                        ; 0.0 (0.0)            ; 39 (0)              ; 0 (0)                     ; 0 (0)         ; 0                 ; 0     ; 0          ; 0    ; 0            ; |game_top|vga_wrapper:VGA_DISPLAY|vga:vga_inst|board_display:boardDisp|board_texts_dynamic:texts_dynamic|lpm_divide:Mod0                                                                                 ; lpm_divide                  ; work         ;
;                   |lpm_divide_b2m:auto_generated|            ; 18.0 (0.0)           ; 18.0 (0.0)                       ; 0.0 (0.0)                                         ; 0.0 (0.0)                        ; 0.0 (0.0)            ; 39 (0)              ; 0 (0)                     ; 0 (0)         ; 0                 ; 0     ; 0          ; 0    ; 0            ; |game_top|vga_wrapper:VGA_DISPLAY|vga:vga_inst|board_display:boardDisp|board_texts_dynamic:texts_dynamic|lpm_divide:Mod0|lpm_divide_b2m:auto_generated                                                   ; lpm_divide_b2m              ; work         ;
;                      |sign_div_unsign_ekh:divider|           ; 18.0 (0.0)           ; 18.0 (0.0)                       ; 0.0 (0.0)                                         ; 0.0 (0.0)                        ; 0.0 (0.0)            ; 39 (0)              ; 0 (0)                     ; 0 (0)         ; 0                 ; 0     ; 0          ; 0    ; 0            ; |game_top|vga_wrapper:VGA_DISPLAY|vga:vga_inst|board_display:boardDisp|board_texts_dynamic:texts_dynamic|lpm_divide:Mod0|lpm_divide_b2m:auto_generated|sign_div_unsign_ekh:divider                       ; sign_div_unsign_ekh         ; work         ;
;                         |alt_u_div_2te:divider|              ; 18.0 (18.0)          ; 18.0 (18.0)                      ; 0.0 (0.0)                                         ; 0.0 (0.0)                        ; 0.0 (0.0)            ; 39 (39)             ; 0 (0)                     ; 0 (0)         ; 0                 ; 0     ; 0          ; 0    ; 0            ; |game_top|vga_wrapper:VGA_DISPLAY|vga:vga_inst|board_display:boardDisp|board_texts_dynamic:texts_dynamic|lpm_divide:Mod0|lpm_divide_b2m:auto_generated|sign_div_unsign_ekh:divider|alt_u_div_2te:divider ; alt_u_div_2te               ; work         ;
;                |lpm_divide:Mod1|                             ; 24.2 (0.0)           ; 24.3 (0.0)                       ; 0.2 (0.0)                                         ; 0.0 (0.0)                        ; 0.0 (0.0)            ; 49 (0)              ; 0 (0)                     ; 0 (0)         ; 0                 ; 0     ; 0          ; 0    ; 0            ; |game_top|vga_wrapper:VGA_DISPLAY|vga:vga_inst|board_display:boardDisp|board_texts_dynamic:texts_dynamic|lpm_divide:Mod1                                                                                 ; lpm_divide                  ; work         ;
;                   |lpm_divide_82m:auto_generated|            ; 24.2 (0.0)           ; 24.3 (0.0)                       ; 0.2 (0.0)                                         ; 0.0 (0.0)                        ; 0.0 (0.0)            ; 49 (0)              ; 0 (0)                     ; 0 (0)         ; 0                 ; 0     ; 0          ; 0    ; 0            ; |game_top|vga_wrapper:VGA_DISPLAY|vga:vga_inst|board_display:boardDisp|board_texts_dynamic:texts_dynamic|lpm_divide:Mod1|lpm_divide_82m:auto_generated                                                   ; lpm_divide_82m              ; work         ;
;                      |sign_div_unsign_bkh:divider|           ; 24.2 (0.0)           ; 24.3 (0.0)                       ; 0.2 (0.0)                                         ; 0.0 (0.0)                        ; 0.0 (0.0)            ; 49 (0)              ; 0 (0)                     ; 0 (0)         ; 0                 ; 0     ; 0          ; 0    ; 0            ; |game_top|vga_wrapper:VGA_DISPLAY|vga:vga_inst|board_display:boardDisp|board_texts_dynamic:texts_dynamic|lpm_divide:Mod1|lpm_divide_82m:auto_generated|sign_div_unsign_bkh:divider                       ; sign_div_unsign_bkh         ; work         ;
;                         |alt_u_div_sse:divider|              ; 24.2 (24.2)          ; 24.3 (24.3)                      ; 0.2 (0.2)                                         ; 0.0 (0.0)                        ; 0.0 (0.0)            ; 49 (49)             ; 0 (0)                     ; 0 (0)         ; 0                 ; 0     ; 0          ; 0    ; 0            ; |game_top|vga_wrapper:VGA_DISPLAY|vga:vga_inst|board_display:boardDisp|board_texts_dynamic:texts_dynamic|lpm_divide:Mod1|lpm_divide_82m:auto_generated|sign_div_unsign_bkh:divider|alt_u_div_sse:divider ; alt_u_div_sse               ; work         ;
;                |lpm_divide:Mod2|                             ; 19.0 (0.0)           ; 19.0 (0.0)                       ; 0.0 (0.0)                                         ; 0.0 (0.0)                        ; 0.0 (0.0)            ; 39 (0)              ; 0 (0)                     ; 0 (0)         ; 0                 ; 0     ; 0          ; 0    ; 0            ; |game_top|vga_wrapper:VGA_DISPLAY|vga:vga_inst|board_display:boardDisp|board_texts_dynamic:texts_dynamic|lpm_divide:Mod2                                                                                 ; lpm_divide                  ; work         ;
;                   |lpm_divide_b2m:auto_generated|            ; 19.0 (0.0)           ; 19.0 (0.0)                       ; 0.0 (0.0)                                         ; 0.0 (0.0)                        ; 0.0 (0.0)            ; 39 (0)              ; 0 (0)                     ; 0 (0)         ; 0                 ; 0     ; 0          ; 0    ; 0            ; |game_top|vga_wrapper:VGA_DISPLAY|vga:vga_inst|board_display:boardDisp|board_texts_dynamic:texts_dynamic|lpm_divide:Mod2|lpm_divide_b2m:auto_generated                                                   ; lpm_divide_b2m              ; work         ;
;                      |sign_div_unsign_ekh:divider|           ; 19.0 (0.0)           ; 19.0 (0.0)                       ; 0.0 (0.0)                                         ; 0.0 (0.0)                        ; 0.0 (0.0)            ; 39 (0)              ; 0 (0)                     ; 0 (0)         ; 0                 ; 0     ; 0          ; 0    ; 0            ; |game_top|vga_wrapper:VGA_DISPLAY|vga:vga_inst|board_display:boardDisp|board_texts_dynamic:texts_dynamic|lpm_divide:Mod2|lpm_divide_b2m:auto_generated|sign_div_unsign_ekh:divider                       ; sign_div_unsign_ekh         ; work         ;
;                         |alt_u_div_2te:divider|              ; 19.0 (19.0)          ; 19.0 (19.0)                      ; 0.0 (0.0)                                         ; 0.0 (0.0)                        ; 0.0 (0.0)            ; 39 (39)             ; 0 (0)                     ; 0 (0)         ; 0                 ; 0     ; 0          ; 0    ; 0            ; |game_top|vga_wrapper:VGA_DISPLAY|vga:vga_inst|board_display:boardDisp|board_texts_dynamic:texts_dynamic|lpm_divide:Mod2|lpm_divide_b2m:auto_generated|sign_div_unsign_ekh:divider|alt_u_div_2te:divider ; alt_u_div_2te               ; work         ;
;                |lpm_divide:Mod3|                             ; 24.2 (0.0)           ; 24.2 (0.0)                       ; 0.0 (0.0)                                         ; 0.0 (0.0)                        ; 0.0 (0.0)            ; 49 (0)              ; 0 (0)                     ; 0 (0)         ; 0                 ; 0     ; 0          ; 0    ; 0            ; |game_top|vga_wrapper:VGA_DISPLAY|vga:vga_inst|board_display:boardDisp|board_texts_dynamic:texts_dynamic|lpm_divide:Mod3                                                                                 ; lpm_divide                  ; work         ;
;                   |lpm_divide_82m:auto_generated|            ; 24.2 (0.0)           ; 24.2 (0.0)                       ; 0.0 (0.0)                                         ; 0.0 (0.0)                        ; 0.0 (0.0)            ; 49 (0)              ; 0 (0)                     ; 0 (0)         ; 0                 ; 0     ; 0          ; 0    ; 0            ; |game_top|vga_wrapper:VGA_DISPLAY|vga:vga_inst|board_display:boardDisp|board_texts_dynamic:texts_dynamic|lpm_divide:Mod3|lpm_divide_82m:auto_generated                                                   ; lpm_divide_82m              ; work         ;
;                      |sign_div_unsign_bkh:divider|           ; 24.2 (0.0)           ; 24.2 (0.0)                       ; 0.0 (0.0)                                         ; 0.0 (0.0)                        ; 0.0 (0.0)            ; 49 (0)              ; 0 (0)                     ; 0 (0)         ; 0                 ; 0     ; 0          ; 0    ; 0            ; |game_top|vga_wrapper:VGA_DISPLAY|vga:vga_inst|board_display:boardDisp|board_texts_dynamic:texts_dynamic|lpm_divide:Mod3|lpm_divide_82m:auto_generated|sign_div_unsign_bkh:divider                       ; sign_div_unsign_bkh         ; work         ;
;                         |alt_u_div_sse:divider|              ; 24.2 (24.2)          ; 24.2 (24.2)                      ; 0.0 (0.0)                                         ; 0.0 (0.0)                        ; 0.0 (0.0)            ; 49 (49)             ; 0 (0)                     ; 0 (0)         ; 0                 ; 0     ; 0          ; 0    ; 0            ; |game_top|vga_wrapper:VGA_DISPLAY|vga:vga_inst|board_display:boardDisp|board_texts_dynamic:texts_dynamic|lpm_divide:Mod3|lpm_divide_82m:auto_generated|sign_div_unsign_bkh:divider|alt_u_div_sse:divider ; alt_u_div_sse               ; work         ;
;                |lpm_divide:Mod4|                             ; 18.7 (0.0)           ; 19.0 (0.0)                       ; 0.3 (0.0)                                         ; 0.0 (0.0)                        ; 0.0 (0.0)            ; 39 (0)              ; 0 (0)                     ; 0 (0)         ; 0                 ; 0     ; 0          ; 0    ; 0            ; |game_top|vga_wrapper:VGA_DISPLAY|vga:vga_inst|board_display:boardDisp|board_texts_dynamic:texts_dynamic|lpm_divide:Mod4                                                                                 ; lpm_divide                  ; work         ;
;                   |lpm_divide_b2m:auto_generated|            ; 18.7 (0.0)           ; 19.0 (0.0)                       ; 0.3 (0.0)                                         ; 0.0 (0.0)                        ; 0.0 (0.0)            ; 39 (0)              ; 0 (0)                     ; 0 (0)         ; 0                 ; 0     ; 0          ; 0    ; 0            ; |game_top|vga_wrapper:VGA_DISPLAY|vga:vga_inst|board_display:boardDisp|board_texts_dynamic:texts_dynamic|lpm_divide:Mod4|lpm_divide_b2m:auto_generated                                                   ; lpm_divide_b2m              ; work         ;
;                      |sign_div_unsign_ekh:divider|           ; 18.7 (0.0)           ; 19.0 (0.0)                       ; 0.3 (0.0)                                         ; 0.0 (0.0)                        ; 0.0 (0.0)            ; 39 (0)              ; 0 (0)                     ; 0 (0)         ; 0                 ; 0     ; 0          ; 0    ; 0            ; |game_top|vga_wrapper:VGA_DISPLAY|vga:vga_inst|board_display:boardDisp|board_texts_dynamic:texts_dynamic|lpm_divide:Mod4|lpm_divide_b2m:auto_generated|sign_div_unsign_ekh:divider                       ; sign_div_unsign_ekh         ; work         ;
;                         |alt_u_div_2te:divider|              ; 18.7 (18.7)          ; 19.0 (19.0)                      ; 0.3 (0.3)                                         ; 0.0 (0.0)                        ; 0.0 (0.0)            ; 39 (39)             ; 0 (0)                     ; 0 (0)         ; 0                 ; 0     ; 0          ; 0    ; 0            ; |game_top|vga_wrapper:VGA_DISPLAY|vga:vga_inst|board_display:boardDisp|board_texts_dynamic:texts_dynamic|lpm_divide:Mod4|lpm_divide_b2m:auto_generated|sign_div_unsign_ekh:divider|alt_u_div_2te:divider ; alt_u_div_2te               ; work         ;
;                |lpm_divide:Mod5|                             ; 23.3 (0.0)           ; 24.5 (0.0)                       ; 1.2 (0.0)                                         ; 0.0 (0.0)                        ; 0.0 (0.0)            ; 49 (0)              ; 0 (0)                     ; 0 (0)         ; 0                 ; 0     ; 0          ; 0    ; 0            ; |game_top|vga_wrapper:VGA_DISPLAY|vga:vga_inst|board_display:boardDisp|board_texts_dynamic:texts_dynamic|lpm_divide:Mod5                                                                                 ; lpm_divide                  ; work         ;
;                   |lpm_divide_82m:auto_generated|            ; 23.3 (0.0)           ; 24.5 (0.0)                       ; 1.2 (0.0)                                         ; 0.0 (0.0)                        ; 0.0 (0.0)            ; 49 (0)              ; 0 (0)                     ; 0 (0)         ; 0                 ; 0     ; 0          ; 0    ; 0            ; |game_top|vga_wrapper:VGA_DISPLAY|vga:vga_inst|board_display:boardDisp|board_texts_dynamic:texts_dynamic|lpm_divide:Mod5|lpm_divide_82m:auto_generated                                                   ; lpm_divide_82m              ; work         ;
;                      |sign_div_unsign_bkh:divider|           ; 23.3 (0.0)           ; 24.5 (0.0)                       ; 1.2 (0.0)                                         ; 0.0 (0.0)                        ; 0.0 (0.0)            ; 49 (0)              ; 0 (0)                     ; 0 (0)         ; 0                 ; 0     ; 0          ; 0    ; 0            ; |game_top|vga_wrapper:VGA_DISPLAY|vga:vga_inst|board_display:boardDisp|board_texts_dynamic:texts_dynamic|lpm_divide:Mod5|lpm_divide_82m:auto_generated|sign_div_unsign_bkh:divider                       ; sign_div_unsign_bkh         ; work         ;
;                         |alt_u_div_sse:divider|              ; 23.3 (23.3)          ; 24.5 (24.5)                      ; 1.2 (1.2)                                         ; 0.0 (0.0)                        ; 0.0 (0.0)            ; 49 (49)             ; 0 (0)                     ; 0 (0)         ; 0                 ; 0     ; 0          ; 0    ; 0            ; |game_top|vga_wrapper:VGA_DISPLAY|vga:vga_inst|board_display:boardDisp|board_texts_dynamic:texts_dynamic|lpm_divide:Mod5|lpm_divide_82m:auto_generated|sign_div_unsign_bkh:divider|alt_u_div_sse:divider ; alt_u_div_sse               ; work         ;
;                |lpm_divide:Mod6|                             ; 18.2 (0.0)           ; 19.0 (0.0)                       ; 0.8 (0.0)                                         ; 0.0 (0.0)                        ; 0.0 (0.0)            ; 39 (0)              ; 0 (0)                     ; 0 (0)         ; 0                 ; 0     ; 0          ; 0    ; 0            ; |game_top|vga_wrapper:VGA_DISPLAY|vga:vga_inst|board_display:boardDisp|board_texts_dynamic:texts_dynamic|lpm_divide:Mod6                                                                                 ; lpm_divide                  ; work         ;
;                   |lpm_divide_b2m:auto_generated|            ; 18.2 (0.0)           ; 19.0 (0.0)                       ; 0.8 (0.0)                                         ; 0.0 (0.0)                        ; 0.0 (0.0)            ; 39 (0)              ; 0 (0)                     ; 0 (0)         ; 0                 ; 0     ; 0          ; 0    ; 0            ; |game_top|vga_wrapper:VGA_DISPLAY|vga:vga_inst|board_display:boardDisp|board_texts_dynamic:texts_dynamic|lpm_divide:Mod6|lpm_divide_b2m:auto_generated                                                   ; lpm_divide_b2m              ; work         ;
;                      |sign_div_unsign_ekh:divider|           ; 18.2 (0.0)           ; 19.0 (0.0)                       ; 0.8 (0.0)                                         ; 0.0 (0.0)                        ; 0.0 (0.0)            ; 39 (0)              ; 0 (0)                     ; 0 (0)         ; 0                 ; 0     ; 0          ; 0    ; 0            ; |game_top|vga_wrapper:VGA_DISPLAY|vga:vga_inst|board_display:boardDisp|board_texts_dynamic:texts_dynamic|lpm_divide:Mod6|lpm_divide_b2m:auto_generated|sign_div_unsign_ekh:divider                       ; sign_div_unsign_ekh         ; work         ;
;                         |alt_u_div_2te:divider|              ; 18.2 (18.2)          ; 19.0 (19.0)                      ; 0.8 (0.8)                                         ; 0.0 (0.0)                        ; 0.0 (0.0)            ; 39 (39)             ; 0 (0)                     ; 0 (0)         ; 0                 ; 0     ; 0          ; 0    ; 0            ; |game_top|vga_wrapper:VGA_DISPLAY|vga:vga_inst|board_display:boardDisp|board_texts_dynamic:texts_dynamic|lpm_divide:Mod6|lpm_divide_b2m:auto_generated|sign_div_unsign_ekh:divider|alt_u_div_2te:divider ; alt_u_div_2te               ; work         ;
;                |lpm_divide:Mod7|                             ; 23.5 (0.0)           ; 23.5 (0.0)                       ; 0.0 (0.0)                                         ; 0.0 (0.0)                        ; 0.0 (0.0)            ; 49 (0)              ; 0 (0)                     ; 0 (0)         ; 0                 ; 0     ; 0          ; 0    ; 0            ; |game_top|vga_wrapper:VGA_DISPLAY|vga:vga_inst|board_display:boardDisp|board_texts_dynamic:texts_dynamic|lpm_divide:Mod7                                                                                 ; lpm_divide                  ; work         ;
;                   |lpm_divide_82m:auto_generated|            ; 23.5 (0.0)           ; 23.5 (0.0)                       ; 0.0 (0.0)                                         ; 0.0 (0.0)                        ; 0.0 (0.0)            ; 49 (0)              ; 0 (0)                     ; 0 (0)         ; 0                 ; 0     ; 0          ; 0    ; 0            ; |game_top|vga_wrapper:VGA_DISPLAY|vga:vga_inst|board_display:boardDisp|board_texts_dynamic:texts_dynamic|lpm_divide:Mod7|lpm_divide_82m:auto_generated                                                   ; lpm_divide_82m              ; work         ;
;                      |sign_div_unsign_bkh:divider|           ; 23.5 (0.0)           ; 23.5 (0.0)                       ; 0.0 (0.0)                                         ; 0.0 (0.0)                        ; 0.0 (0.0)            ; 49 (0)              ; 0 (0)                     ; 0 (0)         ; 0                 ; 0     ; 0          ; 0    ; 0            ; |game_top|vga_wrapper:VGA_DISPLAY|vga:vga_inst|board_display:boardDisp|board_texts_dynamic:texts_dynamic|lpm_divide:Mod7|lpm_divide_82m:auto_generated|sign_div_unsign_bkh:divider                       ; sign_div_unsign_bkh         ; work         ;
;                         |alt_u_div_sse:divider|              ; 23.5 (23.5)          ; 23.5 (23.5)                      ; 0.0 (0.0)                                         ; 0.0 (0.0)                        ; 0.0 (0.0)            ; 49 (49)             ; 0 (0)                     ; 0 (0)         ; 0                 ; 0     ; 0          ; 0    ; 0            ; |game_top|vga_wrapper:VGA_DISPLAY|vga:vga_inst|board_display:boardDisp|board_texts_dynamic:texts_dynamic|lpm_divide:Mod7|lpm_divide_82m:auto_generated|sign_div_unsign_bkh:divider|alt_u_div_sse:divider ; alt_u_div_sse               ; work         ;
;                |lpm_divide:Mod8|                             ; 54.2 (0.0)           ; 55.0 (0.0)                       ; 0.8 (0.0)                                         ; 0.0 (0.0)                        ; 0.0 (0.0)            ; 110 (0)             ; 0 (0)                     ; 0 (0)         ; 0                 ; 0     ; 0          ; 0    ; 0            ; |game_top|vga_wrapper:VGA_DISPLAY|vga:vga_inst|board_display:boardDisp|board_texts_dynamic:texts_dynamic|lpm_divide:Mod8                                                                                 ; lpm_divide                  ; work         ;
;                   |lpm_divide_q3m:auto_generated|            ; 54.2 (0.0)           ; 55.0 (0.0)                       ; 0.8 (0.0)                                         ; 0.0 (0.0)                        ; 0.0 (0.0)            ; 110 (0)             ; 0 (0)                     ; 0 (0)         ; 0                 ; 0     ; 0          ; 0    ; 0            ; |game_top|vga_wrapper:VGA_DISPLAY|vga:vga_inst|board_display:boardDisp|board_texts_dynamic:texts_dynamic|lpm_divide:Mod8|lpm_divide_q3m:auto_generated                                                   ; lpm_divide_q3m              ; work         ;
;                      |sign_div_unsign_tlh:divider|           ; 54.2 (0.0)           ; 55.0 (0.0)                       ; 0.8 (0.0)                                         ; 0.0 (0.0)                        ; 0.0 (0.0)            ; 110 (0)             ; 0 (0)                     ; 0 (0)         ; 0                 ; 0     ; 0          ; 0    ; 0            ; |game_top|vga_wrapper:VGA_DISPLAY|vga:vga_inst|board_display:boardDisp|board_texts_dynamic:texts_dynamic|lpm_divide:Mod8|lpm_divide_q3m:auto_generated|sign_div_unsign_tlh:divider                       ; sign_div_unsign_tlh         ; work         ;
;                         |alt_u_div_00f:divider|              ; 54.2 (54.2)          ; 55.0 (55.0)                      ; 0.8 (0.8)                                         ; 0.0 (0.0)                        ; 0.0 (0.0)            ; 110 (110)           ; 0 (0)                     ; 0 (0)         ; 0                 ; 0     ; 0          ; 0    ; 0            ; |game_top|vga_wrapper:VGA_DISPLAY|vga:vga_inst|board_display:boardDisp|board_texts_dynamic:texts_dynamic|lpm_divide:Mod8|lpm_divide_q3m:auto_generated|sign_div_unsign_tlh:divider|alt_u_div_00f:divider ; alt_u_div_00f               ; work         ;
;                |lpm_divide:Mod9|                             ; 33.5 (0.0)           ; 33.5 (0.0)                       ; 0.0 (0.0)                                         ; 0.0 (0.0)                        ; 0.0 (0.0)            ; 67 (0)              ; 0 (0)                     ; 0 (0)         ; 0                 ; 0     ; 0          ; 0    ; 0            ; |game_top|vga_wrapper:VGA_DISPLAY|vga:vga_inst|board_display:boardDisp|board_texts_dynamic:texts_dynamic|lpm_divide:Mod9                                                                                 ; lpm_divide                  ; work         ;
;                   |lpm_divide_n3m:auto_generated|            ; 33.5 (0.0)           ; 33.5 (0.0)                       ; 0.0 (0.0)                                         ; 0.0 (0.0)                        ; 0.0 (0.0)            ; 67 (0)              ; 0 (0)                     ; 0 (0)         ; 0                 ; 0     ; 0          ; 0    ; 0            ; |game_top|vga_wrapper:VGA_DISPLAY|vga:vga_inst|board_display:boardDisp|board_texts_dynamic:texts_dynamic|lpm_divide:Mod9|lpm_divide_n3m:auto_generated                                                   ; lpm_divide_n3m              ; work         ;
;                      |sign_div_unsign_qlh:divider|           ; 33.5 (0.0)           ; 33.5 (0.0)                       ; 0.0 (0.0)                                         ; 0.0 (0.0)                        ; 0.0 (0.0)            ; 67 (0)              ; 0 (0)                     ; 0 (0)         ; 0                 ; 0     ; 0          ; 0    ; 0            ; |game_top|vga_wrapper:VGA_DISPLAY|vga:vga_inst|board_display:boardDisp|board_texts_dynamic:texts_dynamic|lpm_divide:Mod9|lpm_divide_n3m:auto_generated|sign_div_unsign_qlh:divider                       ; sign_div_unsign_qlh         ; work         ;
;                         |alt_u_div_qve:divider|              ; 33.5 (33.5)          ; 33.5 (33.5)                      ; 0.0 (0.0)                                         ; 0.0 (0.0)                        ; 0.0 (0.0)            ; 67 (67)             ; 0 (0)                     ; 0 (0)         ; 0                 ; 0     ; 0          ; 0    ; 0            ; |game_top|vga_wrapper:VGA_DISPLAY|vga:vga_inst|board_display:boardDisp|board_texts_dynamic:texts_dynamic|lpm_divide:Mod9|lpm_divide_n3m:auto_generated|sign_div_unsign_qlh:divider|alt_u_div_qve:divider ; alt_u_div_qve               ; work         ;
;                |text_display:chance_line_0|                  ; 4.0 (4.0)            ; 4.0 (4.0)                        ; 0.0 (0.0)                                         ; 0.0 (0.0)                        ; 0.0 (0.0)            ; 8 (8)               ; 0 (0)                     ; 0 (0)         ; 0                 ; 0     ; 0          ; 0    ; 0            ; |game_top|vga_wrapper:VGA_DISPLAY|vga:vga_inst|board_display:boardDisp|board_texts_dynamic:texts_dynamic|text_display:chance_line_0                                                                      ; text_display                ; work         ;
;                |text_display:chance_line_1|                  ; 4.3 (4.3)            ; 4.8 (4.8)                        ; 0.5 (0.5)                                         ; 0.0 (0.0)                        ; 0.0 (0.0)            ; 8 (8)               ; 0 (0)                     ; 0 (0)         ; 0                 ; 0     ; 0          ; 0    ; 0            ; |game_top|vga_wrapper:VGA_DISPLAY|vga:vga_inst|board_display:boardDisp|board_texts_dynamic:texts_dynamic|text_display:chance_line_1                                                                      ; text_display                ; work         ;
;                |text_display:chance_line_2|                  ; 48.0 (48.0)          ; 52.5 (52.5)                      ; 4.5 (4.5)                                         ; 0.0 (0.0)                        ; 0.0 (0.0)            ; 59 (59)             ; 0 (0)                     ; 0 (0)         ; 0                 ; 0     ; 0          ; 0    ; 0            ; |game_top|vga_wrapper:VGA_DISPLAY|vga:vga_inst|board_display:boardDisp|board_texts_dynamic:texts_dynamic|text_display:chance_line_2                                                                      ; text_display                ; work         ;
;                |text_display:chance_line_3|                  ; 95.3 (95.3)          ; 102.7 (102.7)                    ; 7.4 (7.4)                                         ; 0.0 (0.0)                        ; 0.0 (0.0)            ; 150 (150)           ; 0 (0)                     ; 0 (0)         ; 0                 ; 0     ; 0          ; 0    ; 0            ; |game_top|vga_wrapper:VGA_DISPLAY|vga:vga_inst|board_display:boardDisp|board_texts_dynamic:texts_dynamic|text_display:chance_line_3                                                                      ; text_display                ; work         ;
;                |text_display:chance_line_4|                  ; 78.5 (78.5)          ; 92.3 (92.3)                      ; 13.8 (13.8)                                       ; 0.0 (0.0)                        ; 0.0 (0.0)            ; 106 (106)           ; 0 (0)                     ; 0 (0)         ; 0                 ; 0     ; 0          ; 0    ; 0            ; |game_top|vga_wrapper:VGA_DISPLAY|vga:vga_inst|board_display:boardDisp|board_texts_dynamic:texts_dynamic|text_display:chance_line_4                                                                      ; text_display                ; work         ;
;                |text_display:chance_line_5|                  ; 75.3 (75.3)          ; 85.2 (85.2)                      ; 9.8 (9.8)                                         ; 0.0 (0.0)                        ; 0.0 (0.0)            ; 107 (107)           ; 0 (0)                     ; 0 (0)         ; 0                 ; 0     ; 0          ; 0    ; 0            ; |game_top|vga_wrapper:VGA_DISPLAY|vga:vga_inst|board_display:boardDisp|board_texts_dynamic:texts_dynamic|text_display:chance_line_5                                                                      ; text_display                ; work         ;
;                |text_display:cmd_prompt_line_0|              ; 29.7 (29.7)          ; 31.5 (31.5)                      ; 1.8 (1.8)                                         ; 0.0 (0.0)                        ; 0.0 (0.0)            ; 33 (33)             ; 0 (0)                     ; 0 (0)         ; 0                 ; 0     ; 0          ; 0    ; 0            ; |game_top|vga_wrapper:VGA_DISPLAY|vga:vga_inst|board_display:boardDisp|board_texts_dynamic:texts_dynamic|text_display:cmd_prompt_line_0                                                                  ; text_display                ; work         ;
;                |text_display:cmd_prompt_line_1|              ; 24.2 (24.2)          ; 24.2 (24.2)                      ; 0.0 (0.0)                                         ; 0.0 (0.0)                        ; 0.0 (0.0)            ; 28 (28)             ; 0 (0)                     ; 0 (0)         ; 0                 ; 0     ; 0          ; 0    ; 0            ; |game_top|vga_wrapper:VGA_DISPLAY|vga:vga_inst|board_display:boardDisp|board_texts_dynamic:texts_dynamic|text_display:cmd_prompt_line_1                                                                  ; text_display                ; work         ;
;                |text_display:cmd_prompt_line_2|              ; 136.2 (136.2)        ; 136.2 (136.2)                    ; 0.0 (0.0)                                         ; 0.0 (0.0)                        ; 0.0 (0.0)            ; 212 (212)           ; 0 (0)                     ; 0 (0)         ; 0                 ; 0     ; 0          ; 0    ; 0            ; |game_top|vga_wrapper:VGA_DISPLAY|vga:vga_inst|board_display:boardDisp|board_texts_dynamic:texts_dynamic|text_display:cmd_prompt_line_2                                                                  ; text_display                ; work         ;
;                |text_display:debug_icon|                     ; 6.0 (6.0)            ; 6.0 (6.0)                        ; 0.0 (0.0)                                         ; 0.0 (0.0)                        ; 0.0 (0.0)            ; 11 (11)             ; 0 (0)                     ; 0 (0)         ; 0                 ; 0     ; 0          ; 0    ; 0            ; |game_top|vga_wrapper:VGA_DISPLAY|vga:vga_inst|board_display:boardDisp|board_texts_dynamic:texts_dynamic|text_display:debug_icon                                                                         ; text_display                ; work         ;
;                |text_display:player_info_line_0|             ; 15.5 (15.5)          ; 17.2 (17.2)                      ; 1.7 (1.7)                                         ; 0.0 (0.0)                        ; 0.0 (0.0)            ; 28 (28)             ; 0 (0)                     ; 0 (0)         ; 0                 ; 0     ; 0          ; 0    ; 0            ; |game_top|vga_wrapper:VGA_DISPLAY|vga:vga_inst|board_display:boardDisp|board_texts_dynamic:texts_dynamic|text_display:player_info_line_0                                                                 ; text_display                ; work         ;
;                |text_display:player_info_line_1|             ; 14.2 (14.2)          ; 15.0 (15.0)                      ; 0.8 (0.8)                                         ; 0.0 (0.0)                        ; 0.0 (0.0)            ; 25 (25)             ; 0 (0)                     ; 0 (0)         ; 0                 ; 0     ; 0          ; 0    ; 0            ; |game_top|vga_wrapper:VGA_DISPLAY|vga:vga_inst|board_display:boardDisp|board_texts_dynamic:texts_dynamic|text_display:player_info_line_1                                                                 ; text_display                ; work         ;
;                |text_display:player_info_line_2|             ; 12.7 (12.7)          ; 14.2 (14.2)                      ; 1.5 (1.5)                                         ; 0.0 (0.0)                        ; 0.0 (0.0)            ; 23 (23)             ; 0 (0)                     ; 0 (0)         ; 0                 ; 0     ; 0          ; 0    ; 0            ; |game_top|vga_wrapper:VGA_DISPLAY|vga:vga_inst|board_display:boardDisp|board_texts_dynamic:texts_dynamic|text_display:player_info_line_2                                                                 ; text_display                ; work         ;
;                |text_display:player_info_line_3|             ; 18.5 (18.5)          ; 18.8 (18.8)                      ; 0.3 (0.3)                                         ; 0.0 (0.0)                        ; 0.0 (0.0)            ; 32 (32)             ; 0 (0)                     ; 0 (0)         ; 0                 ; 0     ; 0          ; 0    ; 0            ; |game_top|vga_wrapper:VGA_DISPLAY|vga:vga_inst|board_display:boardDisp|board_texts_dynamic:texts_dynamic|text_display:player_info_line_3                                                                 ; text_display                ; work         ;
;             |board_texts_static:texts_static|                ; 1002.0 (563.8)       ; 1020.2 (577.5)                   ; 21.2 (16.0)                                       ; 3.0 (2.3)                        ; 0.0 (0.0)            ; 1580 (839)          ; 0 (0)                     ; 0 (0)         ; 0                 ; 0     ; 0          ; 0    ; 0            ; |game_top|vga_wrapper:VGA_DISPLAY|vga:vga_inst|board_display:boardDisp|board_texts_static:texts_static                                                                                                   ; board_texts_static          ; work         ;
;                |font_rom:fontROM_static|                     ; 61.0 (61.0)          ; 61.5 (61.5)                      ; 0.5 (0.5)                                         ; 0.0 (0.0)                        ; 0.0 (0.0)            ; 64 (64)             ; 0 (0)                     ; 0 (0)         ; 0                 ; 0     ; 0          ; 0    ; 0            ; |game_top|vga_wrapper:VGA_DISPLAY|vga:vga_inst|board_display:boardDisp|board_texts_static:texts_static|font_rom:fontROM_static                                                                           ; font_rom                    ; work         ;
;                |text_display:credits_line_0|                 ; 5.5 (5.5)            ; 5.5 (5.5)                        ; 0.0 (0.0)                                         ; 0.0 (0.0)                        ; 0.0 (0.0)            ; 8 (8)               ; 0 (0)                     ; 0 (0)         ; 0                 ; 0     ; 0          ; 0    ; 0            ; |game_top|vga_wrapper:VGA_DISPLAY|vga:vga_inst|board_display:boardDisp|board_texts_static:texts_static|text_display:credits_line_0                                                                       ; text_display                ; work         ;
;                |text_display:credits_line_1|                 ; 2.0 (2.0)            ; 2.0 (2.0)                        ; 0.0 (0.0)                                         ; 0.0 (0.0)                        ; 0.0 (0.0)            ; 5 (5)               ; 0 (0)                     ; 0 (0)         ; 0                 ; 0     ; 0          ; 0    ; 0            ; |game_top|vga_wrapper:VGA_DISPLAY|vga:vga_inst|board_display:boardDisp|board_texts_static:texts_static|text_display:credits_line_1                                                                       ; text_display                ; work         ;
;                |text_display:credits_line_2|                 ; 7.5 (7.5)            ; 7.5 (7.5)                        ; 0.0 (0.0)                                         ; 0.0 (0.0)                        ; 0.0 (0.0)            ; 13 (13)             ; 0 (0)                     ; 0 (0)         ; 0                 ; 0     ; 0          ; 0    ; 0            ; |game_top|vga_wrapper:VGA_DISPLAY|vga:vga_inst|board_display:boardDisp|board_texts_static:texts_static|text_display:credits_line_2                                                                       ; text_display                ; work         ;
;                |text_display:credits_line_3|                 ; 5.5 (5.5)            ; 5.5 (5.5)                        ; 0.0 (0.0)                                         ; 0.0 (0.0)                        ; 0.0 (0.0)            ; 10 (10)             ; 0 (0)                     ; 0 (0)         ; 0                 ; 0     ; 0          ; 0    ; 0            ; |game_top|vga_wrapper:VGA_DISPLAY|vga:vga_inst|board_display:boardDisp|board_texts_static:texts_static|text_display:credits_line_3                                                                       ; text_display                ; work         ;
;                |text_display:credits_line_4|                 ; 4.5 (4.5)            ; 5.5 (5.5)                        ; 1.0 (1.0)                                         ; 0.0 (0.0)                        ; 0.0 (0.0)            ; 11 (11)             ; 0 (0)                     ; 0 (0)         ; 0                 ; 0     ; 0          ; 0    ; 0            ; |game_top|vga_wrapper:VGA_DISPLAY|vga:vga_inst|board_display:boardDisp|board_texts_static:texts_static|text_display:credits_line_4                                                                       ; text_display                ; work         ;
;                |text_display:credits_line_5|                 ; 4.0 (4.0)            ; 4.0 (4.0)                        ; 0.0 (0.0)                                         ; 0.0 (0.0)                        ; 0.0 (0.0)            ; 8 (8)               ; 0 (0)                     ; 0 (0)         ; 0                 ; 0     ; 0          ; 0    ; 0            ; |game_top|vga_wrapper:VGA_DISPLAY|vga:vga_inst|board_display:boardDisp|board_texts_static:texts_static|text_display:credits_line_5                                                                       ; text_display                ; work         ;
;                |text_display:credits_line_6|                 ; 10.5 (10.5)          ; 11.5 (11.5)                      ; 1.0 (1.0)                                         ; 0.0 (0.0)                        ; 0.0 (0.0)            ; 23 (23)             ; 0 (0)                     ; 0 (0)         ; 0                 ; 0     ; 0          ; 0    ; 0            ; |game_top|vga_wrapper:VGA_DISPLAY|vga:vga_inst|board_display:boardDisp|board_texts_static:texts_static|text_display:credits_line_6                                                                       ; text_display                ; work         ;
;                |text_display:input_info_line_0|              ; 7.0 (7.0)            ; 7.0 (7.0)                        ; 0.0 (0.0)                                         ; 0.0 (0.0)                        ; 0.0 (0.0)            ; 12 (12)             ; 0 (0)                     ; 0 (0)         ; 0                 ; 0     ; 0          ; 0    ; 0            ; |game_top|vga_wrapper:VGA_DISPLAY|vga:vga_inst|board_display:boardDisp|board_texts_static:texts_static|text_display:input_info_line_0                                                                    ; text_display                ; work         ;
;                |text_display:input_info_line_1|              ; 1.0 (1.0)            ; 1.0 (1.0)                        ; 0.0 (0.0)                                         ; 0.0 (0.0)                        ; 0.0 (0.0)            ; 1 (1)               ; 0 (0)                     ; 0 (0)         ; 0                 ; 0     ; 0          ; 0    ; 0            ; |game_top|vga_wrapper:VGA_DISPLAY|vga:vga_inst|board_display:boardDisp|board_texts_static:texts_static|text_display:input_info_line_1                                                                    ; text_display                ; work         ;
;                |text_display:input_info_line_10|             ; 6.5 (6.5)            ; 6.5 (6.5)                        ; 0.0 (0.0)                                         ; 0.0 (0.0)                        ; 0.0 (0.0)            ; 12 (12)             ; 0 (0)                     ; 0 (0)         ; 0                 ; 0     ; 0          ; 0    ; 0            ; |game_top|vga_wrapper:VGA_DISPLAY|vga:vga_inst|board_display:boardDisp|board_texts_static:texts_static|text_display:input_info_line_10                                                                   ; text_display                ; work         ;
;                |text_display:input_info_line_2|              ; 4.5 (4.5)            ; 4.5 (4.5)                        ; 0.0 (0.0)                                         ; 0.0 (0.0)                        ; 0.0 (0.0)            ; 9 (9)               ; 0 (0)                     ; 0 (0)         ; 0                 ; 0     ; 0          ; 0    ; 0            ; |game_top|vga_wrapper:VGA_DISPLAY|vga:vga_inst|board_display:boardDisp|board_texts_static:texts_static|text_display:input_info_line_2                                                                    ; text_display                ; work         ;
;                |text_display:input_info_line_3|              ; 5.5 (5.5)            ; 6.0 (6.0)                        ; 0.5 (0.5)                                         ; 0.0 (0.0)                        ; 0.0 (0.0)            ; 12 (12)             ; 0 (0)                     ; 0 (0)         ; 0                 ; 0     ; 0          ; 0    ; 0            ; |game_top|vga_wrapper:VGA_DISPLAY|vga:vga_inst|board_display:boardDisp|board_texts_static:texts_static|text_display:input_info_line_3                                                                    ; text_display                ; work         ;
;                |text_display:input_info_line_4|              ; 5.5 (5.5)            ; 6.0 (6.0)                        ; 0.5 (0.5)                                         ; 0.0 (0.0)                        ; 0.0 (0.0)            ; 10 (10)             ; 0 (0)                     ; 0 (0)         ; 0                 ; 0     ; 0          ; 0    ; 0            ; |game_top|vga_wrapper:VGA_DISPLAY|vga:vga_inst|board_display:boardDisp|board_texts_static:texts_static|text_display:input_info_line_4                                                                    ; text_display                ; work         ;
;                |text_display:input_info_line_5|              ; 4.0 (4.0)            ; 4.0 (4.0)                        ; 0.0 (0.0)                                         ; 0.0 (0.0)                        ; 0.0 (0.0)            ; 9 (9)               ; 0 (0)                     ; 0 (0)         ; 0                 ; 0     ; 0          ; 0    ; 0            ; |game_top|vga_wrapper:VGA_DISPLAY|vga:vga_inst|board_display:boardDisp|board_texts_static:texts_static|text_display:input_info_line_5                                                                    ; text_display                ; work         ;
;                |text_display:input_info_line_6|              ; 6.5 (6.5)            ; 6.5 (6.5)                        ; 0.0 (0.0)                                         ; 0.0 (0.0)                        ; 0.0 (0.0)            ; 12 (12)             ; 0 (0)                     ; 0 (0)         ; 0                 ; 0     ; 0          ; 0    ; 0            ; |game_top|vga_wrapper:VGA_DISPLAY|vga:vga_inst|board_display:boardDisp|board_texts_static:texts_static|text_display:input_info_line_6                                                                    ; text_display                ; work         ;
;                |text_display:input_info_line_7|              ; 3.5 (3.5)            ; 3.5 (3.5)                        ; 0.0 (0.0)                                         ; 0.0 (0.0)                        ; 0.0 (0.0)            ; 7 (7)               ; 0 (0)                     ; 0 (0)         ; 0                 ; 0     ; 0          ; 0    ; 0            ; |game_top|vga_wrapper:VGA_DISPLAY|vga:vga_inst|board_display:boardDisp|board_texts_static:texts_static|text_display:input_info_line_7                                                                    ; text_display                ; work         ;
;                |text_display:input_info_line_8|              ; 4.5 (4.5)            ; 5.0 (5.0)                        ; 0.5 (0.5)                                         ; 0.0 (0.0)                        ; 0.0 (0.0)            ; 9 (9)               ; 0 (0)                     ; 0 (0)         ; 0                 ; 0     ; 0          ; 0    ; 0            ; |game_top|vga_wrapper:VGA_DISPLAY|vga:vga_inst|board_display:boardDisp|board_texts_static:texts_static|text_display:input_info_line_8                                                                    ; text_display                ; work         ;
;                |text_display:input_info_line_9|              ; 4.5 (4.5)            ; 4.5 (4.5)                        ; 0.0 (0.0)                                         ; 0.0 (0.0)                        ; 0.0 (0.0)            ; 9 (9)               ; 0 (0)                     ; 0 (0)         ; 0                 ; 0     ; 0          ; 0    ; 0            ; |game_top|vga_wrapper:VGA_DISPLAY|vga:vga_inst|board_display:boardDisp|board_texts_static:texts_static|text_display:input_info_line_9                                                                    ; text_display                ; work         ;
;                |text_display:player_info_line_names|         ; 5.0 (5.0)            ; 5.5 (5.5)                        ; 0.5 (0.5)                                         ; 0.0 (0.0)                        ; 0.0 (0.0)            ; 10 (10)             ; 0 (0)                     ; 0 (0)         ; 0                 ; 0     ; 0          ; 0    ; 0            ; |game_top|vga_wrapper:VGA_DISPLAY|vga:vga_inst|board_display:boardDisp|board_texts_static:texts_static|text_display:player_info_line_names                                                               ; text_display                ; work         ;
;                |text_display:project_name_line_0|            ; 9.0 (9.0)            ; 9.0 (9.0)                        ; 0.0 (0.0)                                         ; 0.0 (0.0)                        ; 0.0 (0.0)            ; 11 (11)             ; 0 (0)                     ; 0 (0)         ; 0                 ; 0     ; 0          ; 0    ; 0            ; |game_top|vga_wrapper:VGA_DISPLAY|vga:vga_inst|board_display:boardDisp|board_texts_static:texts_static|text_display:project_name_line_0                                                                  ; text_display                ; work         ;
;                |text_display:project_name_line_1|            ; 19.7 (19.7)          ; 19.9 (19.9)                      ; 0.2 (0.2)                                         ; 0.0 (0.0)                        ; 0.0 (0.0)            ; 29 (29)             ; 0 (0)                     ; 0 (0)         ; 0                 ; 0     ; 0          ; 0    ; 0            ; |game_top|vga_wrapper:VGA_DISPLAY|vga:vga_inst|board_display:boardDisp|board_texts_static:texts_static|text_display:project_name_line_1                                                                  ; text_display                ; work         ;
;                |text_display:tile_0_text_0|                  ; 8.0 (8.0)            ; 8.5 (8.5)                        ; 0.5 (0.5)                                         ; 0.0 (0.0)                        ; 0.0 (0.0)            ; 15 (15)             ; 0 (0)                     ; 0 (0)         ; 0                 ; 0     ; 0          ; 0    ; 0            ; |game_top|vga_wrapper:VGA_DISPLAY|vga:vga_inst|board_display:boardDisp|board_texts_static:texts_static|text_display:tile_0_text_0                                                                        ; text_display                ; work         ;
;                |text_display:tile_0_text_1|                  ; 3.0 (3.0)            ; 3.0 (3.0)                        ; 0.0 (0.0)                                         ; 0.0 (0.0)                        ; 0.0 (0.0)            ; 4 (4)               ; 0 (0)                     ; 0 (0)         ; 0                 ; 0     ; 0          ; 0    ; 0            ; |game_top|vga_wrapper:VGA_DISPLAY|vga:vga_inst|board_display:boardDisp|board_texts_static:texts_static|text_display:tile_0_text_1                                                                        ; text_display                ; work         ;
;                |text_display:tile_0_text_2|                  ; 1.0 (1.0)            ; 1.0 (1.0)                        ; 0.0 (0.0)                                         ; 0.0 (0.0)                        ; 0.0 (0.0)            ; 1 (1)               ; 0 (0)                     ; 0 (0)         ; 0                 ; 0     ; 0          ; 0    ; 0            ; |game_top|vga_wrapper:VGA_DISPLAY|vga:vga_inst|board_display:boardDisp|board_texts_static:texts_static|text_display:tile_0_text_2                                                                        ; text_display                ; work         ;
;                |text_display:tile_10_text_0|                 ; 0.5 (0.5)            ; 0.5 (0.5)                        ; 0.0 (0.0)                                         ; 0.0 (0.0)                        ; 0.0 (0.0)            ; 1 (1)               ; 0 (0)                     ; 0 (0)         ; 0                 ; 0     ; 0          ; 0    ; 0            ; |game_top|vga_wrapper:VGA_DISPLAY|vga:vga_inst|board_display:boardDisp|board_texts_static:texts_static|text_display:tile_10_text_0                                                                       ; text_display                ; work         ;
;                |text_display:tile_10_text_1|                 ; 2.0 (2.0)            ; 2.0 (2.0)                        ; 0.0 (0.0)                                         ; 0.0 (0.0)                        ; 0.0 (0.0)            ; 3 (3)               ; 0 (0)                     ; 0 (0)         ; 0                 ; 0     ; 0          ; 0    ; 0            ; |game_top|vga_wrapper:VGA_DISPLAY|vga:vga_inst|board_display:boardDisp|board_texts_static:texts_static|text_display:tile_10_text_1                                                                       ; text_display                ; work         ;
;                |text_display:tile_10_text_2|                 ; 0.5 (0.5)            ; 0.5 (0.5)                        ; 0.0 (0.0)                                         ; 0.0 (0.0)                        ; 0.0 (0.0)            ; 1 (1)               ; 0 (0)                     ; 0 (0)         ; 0                 ; 0     ; 0          ; 0    ; 0            ; |game_top|vga_wrapper:VGA_DISPLAY|vga:vga_inst|board_display:boardDisp|board_texts_static:texts_static|text_display:tile_10_text_2                                                                       ; text_display                ; work         ;
;                |text_display:tile_11_text_0|                 ; 1.0 (1.0)            ; 1.0 (1.0)                        ; 0.0 (0.0)                                         ; 0.0 (0.0)                        ; 0.0 (0.0)            ; 2 (2)               ; 0 (0)                     ; 0 (0)         ; 0                 ; 0     ; 0          ; 0    ; 0            ; |game_top|vga_wrapper:VGA_DISPLAY|vga:vga_inst|board_display:boardDisp|board_texts_static:texts_static|text_display:tile_11_text_0                                                                       ; text_display                ; work         ;
;                |text_display:tile_11_text_1|                 ; 1.5 (1.5)            ; 1.5 (1.5)                        ; 0.0 (0.0)                                         ; 0.0 (0.0)                        ; 0.0 (0.0)            ; 2 (2)               ; 0 (0)                     ; 0 (0)         ; 0                 ; 0     ; 0          ; 0    ; 0            ; |game_top|vga_wrapper:VGA_DISPLAY|vga:vga_inst|board_display:boardDisp|board_texts_static:texts_static|text_display:tile_11_text_1                                                                       ; text_display                ; work         ;
;                |text_display:tile_11_text_2|                 ; 0.5 (0.5)            ; 0.5 (0.5)                        ; 0.0 (0.0)                                         ; 0.0 (0.0)                        ; 0.0 (0.0)            ; 1 (1)               ; 0 (0)                     ; 0 (0)         ; 0                 ; 0     ; 0          ; 0    ; 0            ; |game_top|vga_wrapper:VGA_DISPLAY|vga:vga_inst|board_display:boardDisp|board_texts_static:texts_static|text_display:tile_11_text_2                                                                       ; text_display                ; work         ;
;                |text_display:tile_12_text_0|                 ; 1.5 (1.5)            ; 1.5 (1.5)                        ; 0.0 (0.0)                                         ; 0.0 (0.0)                        ; 0.0 (0.0)            ; 2 (2)               ; 0 (0)                     ; 0 (0)         ; 0                 ; 0     ; 0          ; 0    ; 0            ; |game_top|vga_wrapper:VGA_DISPLAY|vga:vga_inst|board_display:boardDisp|board_texts_static:texts_static|text_display:tile_12_text_0                                                                       ; text_display                ; work         ;
;                |text_display:tile_12_text_1|                 ; 1.0 (1.0)            ; 1.0 (1.0)                        ; 0.0 (0.0)                                         ; 0.0 (0.0)                        ; 0.0 (0.0)            ; 2 (2)               ; 0 (0)                     ; 0 (0)         ; 0                 ; 0     ; 0          ; 0    ; 0            ; |game_top|vga_wrapper:VGA_DISPLAY|vga:vga_inst|board_display:boardDisp|board_texts_static:texts_static|text_display:tile_12_text_1                                                                       ; text_display                ; work         ;
;                |text_display:tile_12_text_2|                 ; 1.5 (1.5)            ; 1.5 (1.5)                        ; 0.0 (0.0)                                         ; 0.0 (0.0)                        ; 0.0 (0.0)            ; 2 (2)               ; 0 (0)                     ; 0 (0)         ; 0                 ; 0     ; 0          ; 0    ; 0            ; |game_top|vga_wrapper:VGA_DISPLAY|vga:vga_inst|board_display:boardDisp|board_texts_static:texts_static|text_display:tile_12_text_2                                                                       ; text_display                ; work         ;
;                |text_display:tile_13_text_0|                 ; 1.5 (1.5)            ; 1.5 (1.5)                        ; 0.0 (0.0)                                         ; 0.0 (0.0)                        ; 0.0 (0.0)            ; 2 (2)               ; 0 (0)                     ; 0 (0)         ; 0                 ; 0     ; 0          ; 0    ; 0            ; |game_top|vga_wrapper:VGA_DISPLAY|vga:vga_inst|board_display:boardDisp|board_texts_static:texts_static|text_display:tile_13_text_0                                                                       ; text_display                ; work         ;
;                |text_display:tile_13_text_1|                 ; 1.0 (1.0)            ; 1.0 (1.0)                        ; 0.0 (0.0)                                         ; 0.0 (0.0)                        ; 0.0 (0.0)            ; 2 (2)               ; 0 (0)                     ; 0 (0)         ; 0                 ; 0     ; 0          ; 0    ; 0            ; |game_top|vga_wrapper:VGA_DISPLAY|vga:vga_inst|board_display:boardDisp|board_texts_static:texts_static|text_display:tile_13_text_1                                                                       ; text_display                ; work         ;
;                |text_display:tile_13_text_2|                 ; 1.0 (1.0)            ; 1.5 (1.5)                        ; 0.5 (0.5)                                         ; 0.0 (0.0)                        ; 0.0 (0.0)            ; 2 (2)               ; 0 (0)                     ; 0 (0)         ; 0                 ; 0     ; 0          ; 0    ; 0            ; |game_top|vga_wrapper:VGA_DISPLAY|vga:vga_inst|board_display:boardDisp|board_texts_static:texts_static|text_display:tile_13_text_2                                                                       ; text_display                ; work         ;
;                |text_display:tile_14_text_0|                 ; 0.5 (0.5)            ; 0.5 (0.5)                        ; 0.0 (0.0)                                         ; 0.0 (0.0)                        ; 0.0 (0.0)            ; 1 (1)               ; 0 (0)                     ; 0 (0)         ; 0                 ; 0     ; 0          ; 0    ; 0            ; |game_top|vga_wrapper:VGA_DISPLAY|vga:vga_inst|board_display:boardDisp|board_texts_static:texts_static|text_display:tile_14_text_0                                                                       ; text_display                ; work         ;
;                |text_display:tile_14_text_1|                 ; 0.5 (0.5)            ; 0.5 (0.5)                        ; 0.0 (0.0)                                         ; 0.0 (0.0)                        ; 0.0 (0.0)            ; 2 (2)               ; 0 (0)                     ; 0 (0)         ; 0                 ; 0     ; 0          ; 0    ; 0            ; |game_top|vga_wrapper:VGA_DISPLAY|vga:vga_inst|board_display:boardDisp|board_texts_static:texts_static|text_display:tile_14_text_1                                                                       ; text_display                ; work         ;
;                |text_display:tile_14_text_2|                 ; 1.0 (1.0)            ; 1.0 (1.0)                        ; 0.0 (0.0)                                         ; 0.0 (0.0)                        ; 0.0 (0.0)            ; 3 (3)               ; 0 (0)                     ; 0 (0)         ; 0                 ; 0     ; 0          ; 0    ; 0            ; |game_top|vga_wrapper:VGA_DISPLAY|vga:vga_inst|board_display:boardDisp|board_texts_static:texts_static|text_display:tile_14_text_2                                                                       ; text_display                ; work         ;
;                |text_display:tile_15_text_0|                 ; 0.5 (0.5)            ; 1.0 (1.0)                        ; 0.5 (0.5)                                         ; 0.0 (0.0)                        ; 0.0 (0.0)            ; 2 (2)               ; 0 (0)                     ; 0 (0)         ; 0                 ; 0     ; 0          ; 0    ; 0            ; |game_top|vga_wrapper:VGA_DISPLAY|vga:vga_inst|board_display:boardDisp|board_texts_static:texts_static|text_display:tile_15_text_0                                                                       ; text_display                ; work         ;
;                |text_display:tile_15_text_1|                 ; 6.5 (6.5)            ; 6.5 (6.5)                        ; 0.0 (0.0)                                         ; 0.0 (0.0)                        ; 0.0 (0.0)            ; 11 (11)             ; 0 (0)                     ; 0 (0)         ; 0                 ; 0     ; 0          ; 0    ; 0            ; |game_top|vga_wrapper:VGA_DISPLAY|vga:vga_inst|board_display:boardDisp|board_texts_static:texts_static|text_display:tile_15_text_1                                                                       ; text_display                ; work         ;
;                |text_display:tile_15_text_2|                 ; 6.0 (6.0)            ; 6.5 (6.5)                        ; 0.5 (0.5)                                         ; 0.0 (0.0)                        ; 0.0 (0.0)            ; 13 (13)             ; 0 (0)                     ; 0 (0)         ; 0                 ; 0     ; 0          ; 0    ; 0            ; |game_top|vga_wrapper:VGA_DISPLAY|vga:vga_inst|board_display:boardDisp|board_texts_static:texts_static|text_display:tile_15_text_2                                                                       ; text_display                ; work         ;
;                |text_display:tile_16_text_0|                 ; 2.5 (2.5)            ; 3.0 (3.0)                        ; 0.5 (0.5)                                         ; 0.0 (0.0)                        ; 0.0 (0.0)            ; 5 (5)               ; 0 (0)                     ; 0 (0)         ; 0                 ; 0     ; 0          ; 0    ; 0            ; |game_top|vga_wrapper:VGA_DISPLAY|vga:vga_inst|board_display:boardDisp|board_texts_static:texts_static|text_display:tile_16_text_0                                                                       ; text_display                ; work         ;
;                |text_display:tile_16_text_1|                 ; 1.0 (1.0)            ; 1.5 (1.5)                        ; 0.5 (0.5)                                         ; 0.0 (0.0)                        ; 0.0 (0.0)            ; 2 (2)               ; 0 (0)                     ; 0 (0)         ; 0                 ; 0     ; 0          ; 0    ; 0            ; |game_top|vga_wrapper:VGA_DISPLAY|vga:vga_inst|board_display:boardDisp|board_texts_static:texts_static|text_display:tile_16_text_1                                                                       ; text_display                ; work         ;
;                |text_display:tile_16_text_2|                 ; 6.5 (6.5)            ; 6.5 (6.5)                        ; 0.0 (0.0)                                         ; 0.0 (0.0)                        ; 0.0 (0.0)            ; 11 (11)             ; 0 (0)                     ; 0 (0)         ; 0                 ; 0     ; 0          ; 0    ; 0            ; |game_top|vga_wrapper:VGA_DISPLAY|vga:vga_inst|board_display:boardDisp|board_texts_static:texts_static|text_display:tile_16_text_2                                                                       ; text_display                ; work         ;
;                |text_display:tile_17_text_0|                 ; 0.5 (0.5)            ; 0.5 (0.5)                        ; 0.0 (0.0)                                         ; 0.0 (0.0)                        ; 0.0 (0.0)            ; 1 (1)               ; 0 (0)                     ; 0 (0)         ; 0                 ; 0     ; 0          ; 0    ; 0            ; |game_top|vga_wrapper:VGA_DISPLAY|vga:vga_inst|board_display:boardDisp|board_texts_static:texts_static|text_display:tile_17_text_0                                                                       ; text_display                ; work         ;
;                |text_display:tile_17_text_1|                 ; 6.0 (6.0)            ; 6.0 (6.0)                        ; 0.0 (0.0)                                         ; 0.0 (0.0)                        ; 0.0 (0.0)            ; 11 (11)             ; 0 (0)                     ; 0 (0)         ; 0                 ; 0     ; 0          ; 0    ; 0            ; |game_top|vga_wrapper:VGA_DISPLAY|vga:vga_inst|board_display:boardDisp|board_texts_static:texts_static|text_display:tile_17_text_1                                                                       ; text_display                ; work         ;
;                |text_display:tile_18_text_0|                 ; 0.5 (0.5)            ; 0.5 (0.5)                        ; 0.0 (0.0)                                         ; 0.0 (0.0)                        ; 0.0 (0.0)            ; 1 (1)               ; 0 (0)                     ; 0 (0)         ; 0                 ; 0     ; 0          ; 0    ; 0            ; |game_top|vga_wrapper:VGA_DISPLAY|vga:vga_inst|board_display:boardDisp|board_texts_static:texts_static|text_display:tile_18_text_0                                                                       ; text_display                ; work         ;
;                |text_display:tile_18_text_1|                 ; 6.0 (6.0)            ; 6.5 (6.5)                        ; 0.5 (0.5)                                         ; 0.0 (0.0)                        ; 0.0 (0.0)            ; 11 (11)             ; 0 (0)                     ; 0 (0)         ; 0                 ; 0     ; 0          ; 0    ; 0            ; |game_top|vga_wrapper:VGA_DISPLAY|vga:vga_inst|board_display:boardDisp|board_texts_static:texts_static|text_display:tile_18_text_1                                                                       ; text_display                ; work         ;
;                |text_display:tile_19_text_0|                 ; 0.5 (0.5)            ; 0.5 (0.5)                        ; 0.0 (0.0)                                         ; 0.0 (0.0)                        ; 0.0 (0.0)            ; 1 (1)               ; 0 (0)                     ; 0 (0)         ; 0                 ; 0     ; 0          ; 0    ; 0            ; |game_top|vga_wrapper:VGA_DISPLAY|vga:vga_inst|board_display:boardDisp|board_texts_static:texts_static|text_display:tile_19_text_0                                                                       ; text_display                ; work         ;
;                |text_display:tile_19_text_1|                 ; 6.5 (6.5)            ; 6.5 (6.5)                        ; 0.0 (0.0)                                         ; 0.0 (0.0)                        ; 0.0 (0.0)            ; 11 (11)             ; 0 (0)                     ; 0 (0)         ; 0                 ; 0     ; 0          ; 0    ; 0            ; |game_top|vga_wrapper:VGA_DISPLAY|vga:vga_inst|board_display:boardDisp|board_texts_static:texts_static|text_display:tile_19_text_1                                                                       ; text_display                ; work         ;
;                |text_display:tile_1_text_0|                  ; 8.5 (8.5)            ; 9.0 (9.0)                        ; 0.5 (0.5)                                         ; 0.0 (0.0)                        ; 0.0 (0.0)            ; 14 (14)             ; 0 (0)                     ; 0 (0)         ; 0                 ; 0     ; 0          ; 0    ; 0            ; |game_top|vga_wrapper:VGA_DISPLAY|vga:vga_inst|board_display:boardDisp|board_texts_static:texts_static|text_display:tile_1_text_0                                                                        ; text_display                ; work         ;
;                |text_display:tile_1_text_1|                  ; 5.5 (5.5)            ; 5.5 (5.5)                        ; 0.0 (0.0)                                         ; 0.0 (0.0)                        ; 0.0 (0.0)            ; 10 (10)             ; 0 (0)                     ; 0 (0)         ; 0                 ; 0     ; 0          ; 0    ; 0            ; |game_top|vga_wrapper:VGA_DISPLAY|vga:vga_inst|board_display:boardDisp|board_texts_static:texts_static|text_display:tile_1_text_1                                                                        ; text_display                ; work         ;
;                |text_display:tile_20_text_0|                 ; 4.5 (4.5)            ; 4.5 (4.5)                        ; 0.0 (0.0)                                         ; 0.0 (0.0)                        ; 0.0 (0.0)            ; 9 (9)               ; 0 (0)                     ; 0 (0)         ; 0                 ; 0     ; 0          ; 0    ; 0            ; |game_top|vga_wrapper:VGA_DISPLAY|vga:vga_inst|board_display:boardDisp|board_texts_static:texts_static|text_display:tile_20_text_0                                                                       ; text_display                ; work         ;
;                |text_display:tile_20_text_1|                 ; 6.5 (6.5)            ; 6.5 (6.5)                        ; 0.0 (0.0)                                         ; 0.0 (0.0)                        ; 0.0 (0.0)            ; 11 (11)             ; 0 (0)                     ; 0 (0)         ; 0                 ; 0     ; 0          ; 0    ; 0            ; |game_top|vga_wrapper:VGA_DISPLAY|vga:vga_inst|board_display:boardDisp|board_texts_static:texts_static|text_display:tile_20_text_1                                                                       ; text_display                ; work         ;
;                |text_display:tile_21_text_0|                 ; 2.0 (2.0)            ; 2.0 (2.0)                        ; 0.0 (0.0)                                         ; 0.0 (0.0)                        ; 0.0 (0.0)            ; 4 (4)               ; 0 (0)                     ; 0 (0)         ; 0                 ; 0     ; 0          ; 0    ; 0            ; |game_top|vga_wrapper:VGA_DISPLAY|vga:vga_inst|board_display:boardDisp|board_texts_static:texts_static|text_display:tile_21_text_0                                                                       ; text_display                ; work         ;
;                |text_display:tile_21_text_1|                 ; 6.0 (6.0)            ; 6.0 (6.0)                        ; 0.0 (0.0)                                         ; 0.0 (0.0)                        ; 0.0 (0.0)            ; 11 (11)             ; 0 (0)                     ; 0 (0)         ; 0                 ; 0     ; 0          ; 0    ; 0            ; |game_top|vga_wrapper:VGA_DISPLAY|vga:vga_inst|board_display:boardDisp|board_texts_static:texts_static|text_display:tile_21_text_1                                                                       ; text_display                ; work         ;
;                |text_display:tile_21_text_2|                 ; 6.5 (6.5)            ; 6.5 (6.5)                        ; 0.0 (0.0)                                         ; 0.0 (0.0)                        ; 0.0 (0.0)            ; 12 (12)             ; 0 (0)                     ; 0 (0)         ; 0                 ; 0     ; 0          ; 0    ; 0            ; |game_top|vga_wrapper:VGA_DISPLAY|vga:vga_inst|board_display:boardDisp|board_texts_static:texts_static|text_display:tile_21_text_2                                                                       ; text_display                ; work         ;
;                |text_display:tile_22_text_0|                 ; 2.5 (2.5)            ; 2.5 (2.5)                        ; 0.0 (0.0)                                         ; 0.0 (0.0)                        ; 0.0 (0.0)            ; 4 (4)               ; 0 (0)                     ; 0 (0)         ; 0                 ; 0     ; 0          ; 0    ; 0            ; |game_top|vga_wrapper:VGA_DISPLAY|vga:vga_inst|board_display:boardDisp|board_texts_static:texts_static|text_display:tile_22_text_0                                                                       ; text_display                ; work         ;
;                |text_display:tile_22_text_1|                 ; 5.0 (5.0)            ; 5.0 (5.0)                        ; 0.0 (0.0)                                         ; 0.0 (0.0)                        ; 0.0 (0.0)            ; 9 (9)               ; 0 (0)                     ; 0 (0)         ; 0                 ; 0     ; 0          ; 0    ; 0            ; |game_top|vga_wrapper:VGA_DISPLAY|vga:vga_inst|board_display:boardDisp|board_texts_static:texts_static|text_display:tile_22_text_1                                                                       ; text_display                ; work         ;
;                |text_display:tile_23_text_0|                 ; 1.5 (1.5)            ; 1.5 (1.5)                        ; 0.0 (0.0)                                         ; 0.0 (0.0)                        ; 0.0 (0.0)            ; 2 (2)               ; 0 (0)                     ; 0 (0)         ; 0                 ; 0     ; 0          ; 0    ; 0            ; |game_top|vga_wrapper:VGA_DISPLAY|vga:vga_inst|board_display:boardDisp|board_texts_static:texts_static|text_display:tile_23_text_0                                                                       ; text_display                ; work         ;
;                |text_display:tile_23_text_1|                 ; 5.0 (5.0)            ; 5.0 (5.0)                        ; 0.0 (0.0)                                         ; 0.0 (0.0)                        ; 0.0 (0.0)            ; 10 (10)             ; 0 (0)                     ; 0 (0)         ; 0                 ; 0     ; 0          ; 0    ; 0            ; |game_top|vga_wrapper:VGA_DISPLAY|vga:vga_inst|board_display:boardDisp|board_texts_static:texts_static|text_display:tile_23_text_1                                                                       ; text_display                ; work         ;
;                |text_display:tile_23_text_2|                 ; 6.5 (6.5)            ; 6.5 (6.5)                        ; 0.0 (0.0)                                         ; 0.0 (0.0)                        ; 0.0 (0.0)            ; 12 (12)             ; 0 (0)                     ; 0 (0)         ; 0                 ; 0     ; 0          ; 0    ; 0            ; |game_top|vga_wrapper:VGA_DISPLAY|vga:vga_inst|board_display:boardDisp|board_texts_static:texts_static|text_display:tile_23_text_2                                                                       ; text_display                ; work         ;
;                |text_display:tile_24_text_0|                 ; 2.5 (2.5)            ; 2.5 (2.5)                        ; 0.0 (0.0)                                         ; 0.0 (0.0)                        ; 0.0 (0.0)            ; 3 (3)               ; 0 (0)                     ; 0 (0)         ; 0                 ; 0     ; 0          ; 0    ; 0            ; |game_top|vga_wrapper:VGA_DISPLAY|vga:vga_inst|board_display:boardDisp|board_texts_static:texts_static|text_display:tile_24_text_0                                                                       ; text_display                ; work         ;
;                |text_display:tile_24_text_1|                 ; 2.0 (2.0)            ; 2.0 (2.0)                        ; 0.0 (0.0)                                         ; 0.0 (0.0)                        ; 0.0 (0.0)            ; 3 (3)               ; 0 (0)                     ; 0 (0)         ; 0                 ; 0     ; 0          ; 0    ; 0            ; |game_top|vga_wrapper:VGA_DISPLAY|vga:vga_inst|board_display:boardDisp|board_texts_static:texts_static|text_display:tile_24_text_1                                                                       ; text_display                ; work         ;
;                |text_display:tile_24_text_2|                 ; 7.5 (7.5)            ; 7.5 (7.5)                        ; 0.0 (0.0)                                         ; 0.0 (0.0)                        ; 0.0 (0.0)            ; 14 (14)             ; 0 (0)                     ; 0 (0)         ; 0                 ; 0     ; 0          ; 0    ; 0            ; |game_top|vga_wrapper:VGA_DISPLAY|vga:vga_inst|board_display:boardDisp|board_texts_static:texts_static|text_display:tile_24_text_2                                                                       ; text_display                ; work         ;
;                |text_display:tile_25_text_0|                 ; 0.0 (0.0)            ; 0.5 (0.5)                        ; 0.5 (0.5)                                         ; 0.0 (0.0)                        ; 0.0 (0.0)            ; 1 (1)               ; 0 (0)                     ; 0 (0)         ; 0                 ; 0     ; 0          ; 0    ; 0            ; |game_top|vga_wrapper:VGA_DISPLAY|vga:vga_inst|board_display:boardDisp|board_texts_static:texts_static|text_display:tile_25_text_0                                                                       ; text_display                ; work         ;
;                |text_display:tile_25_text_1|                 ; 2.5 (2.5)            ; 2.5 (2.5)                        ; 0.0 (0.0)                                         ; 0.0 (0.0)                        ; 0.0 (0.0)            ; 3 (3)               ; 0 (0)                     ; 0 (0)         ; 0                 ; 0     ; 0          ; 0    ; 0            ; |game_top|vga_wrapper:VGA_DISPLAY|vga:vga_inst|board_display:boardDisp|board_texts_static:texts_static|text_display:tile_25_text_1                                                                       ; text_display                ; work         ;
;                |text_display:tile_25_text_2|                 ; 2.5 (2.5)            ; 2.5 (2.5)                        ; 0.0 (0.0)                                         ; 0.0 (0.0)                        ; 0.0 (0.0)            ; 4 (4)               ; 0 (0)                     ; 0 (0)         ; 0                 ; 0     ; 0          ; 0    ; 0            ; |game_top|vga_wrapper:VGA_DISPLAY|vga:vga_inst|board_display:boardDisp|board_texts_static:texts_static|text_display:tile_25_text_2                                                                       ; text_display                ; work         ;
;                |text_display:tile_26_text_0|                 ; 0.0 (0.0)            ; 0.0 (0.0)                        ; 0.0 (0.0)                                         ; 0.0 (0.0)                        ; 0.0 (0.0)            ; 1 (1)               ; 0 (0)                     ; 0 (0)         ; 0                 ; 0     ; 0          ; 0    ; 0            ; |game_top|vga_wrapper:VGA_DISPLAY|vga:vga_inst|board_display:boardDisp|board_texts_static:texts_static|text_display:tile_26_text_0                                                                       ; text_display                ; work         ;
;                |text_display:tile_26_text_1|                 ; 0.5 (0.5)            ; 0.5 (0.5)                        ; 0.0 (0.0)                                         ; 0.0 (0.0)                        ; 0.0 (0.0)            ; 1 (1)               ; 0 (0)                     ; 0 (0)         ; 0                 ; 0     ; 0          ; 0    ; 0            ; |game_top|vga_wrapper:VGA_DISPLAY|vga:vga_inst|board_display:boardDisp|board_texts_static:texts_static|text_display:tile_26_text_1                                                                       ; text_display                ; work         ;
;                |text_display:tile_27_text_0|                 ; 0.5 (0.5)            ; 0.5 (0.5)                        ; 0.0 (0.0)                                         ; 0.0 (0.0)                        ; 0.0 (0.0)            ; 1 (1)               ; 0 (0)                     ; 0 (0)         ; 0                 ; 0     ; 0          ; 0    ; 0            ; |game_top|vga_wrapper:VGA_DISPLAY|vga:vga_inst|board_display:boardDisp|board_texts_static:texts_static|text_display:tile_27_text_0                                                                       ; text_display                ; work         ;
;                |text_display:tile_27_text_1|                 ; 0.5 (0.5)            ; 0.5 (0.5)                        ; 0.0 (0.0)                                         ; 0.0 (0.0)                        ; 0.0 (0.0)            ; 1 (1)               ; 0 (0)                     ; 0 (0)         ; 0                 ; 0     ; 0          ; 0    ; 0            ; |game_top|vga_wrapper:VGA_DISPLAY|vga:vga_inst|board_display:boardDisp|board_texts_static:texts_static|text_display:tile_27_text_1                                                                       ; text_display                ; work         ;
;                |text_display:tile_28_text_0|                 ; 0.5 (0.5)            ; 0.5 (0.5)                        ; 0.0 (0.0)                                         ; 0.0 (0.0)                        ; 0.0 (0.0)            ; 1 (1)               ; 0 (0)                     ; 0 (0)         ; 0                 ; 0     ; 0          ; 0    ; 0            ; |game_top|vga_wrapper:VGA_DISPLAY|vga:vga_inst|board_display:boardDisp|board_texts_static:texts_static|text_display:tile_28_text_0                                                                       ; text_display                ; work         ;
;                |text_display:tile_28_text_1|                 ; 2.0 (2.0)            ; 2.0 (2.0)                        ; 0.0 (0.0)                                         ; 0.0 (0.0)                        ; 0.0 (0.0)            ; 3 (3)               ; 0 (0)                     ; 0 (0)         ; 0                 ; 0     ; 0          ; 0    ; 0            ; |game_top|vga_wrapper:VGA_DISPLAY|vga:vga_inst|board_display:boardDisp|board_texts_static:texts_static|text_display:tile_28_text_1                                                                       ; text_display                ; work         ;
;                |text_display:tile_28_text_2|                 ; 2.5 (2.5)            ; 2.5 (2.5)                        ; 0.0 (0.0)                                         ; 0.0 (0.0)                        ; 0.0 (0.0)            ; 3 (3)               ; 0 (0)                     ; 0 (0)         ; 0                 ; 0     ; 0          ; 0    ; 0            ; |game_top|vga_wrapper:VGA_DISPLAY|vga:vga_inst|board_display:boardDisp|board_texts_static:texts_static|text_display:tile_28_text_2                                                                       ; text_display                ; work         ;
;                |text_display:tile_29_text_0|                 ; 1.0 (1.0)            ; 1.0 (1.0)                        ; 0.0 (0.0)                                         ; 0.0 (0.0)                        ; 0.0 (0.0)            ; 2 (2)               ; 0 (0)                     ; 0 (0)         ; 0                 ; 0     ; 0          ; 0    ; 0            ; |game_top|vga_wrapper:VGA_DISPLAY|vga:vga_inst|board_display:boardDisp|board_texts_static:texts_static|text_display:tile_29_text_0                                                                       ; text_display                ; work         ;
;                |text_display:tile_29_text_1|                 ; 0.5 (0.5)            ; 0.5 (0.5)                        ; 0.0 (0.0)                                         ; 0.0 (0.0)                        ; 0.0 (0.0)            ; 1 (1)               ; 0 (0)                     ; 0 (0)         ; 0                 ; 0     ; 0          ; 0    ; 0            ; |game_top|vga_wrapper:VGA_DISPLAY|vga:vga_inst|board_display:boardDisp|board_texts_static:texts_static|text_display:tile_29_text_1                                                                       ; text_display                ; work         ;
;                |text_display:tile_29_text_2|                 ; 8.0 (8.0)            ; 8.0 (8.0)                        ; 0.0 (0.0)                                         ; 0.0 (0.0)                        ; 0.0 (0.0)            ; 15 (15)             ; 0 (0)                     ; 0 (0)         ; 0                 ; 0     ; 0          ; 0    ; 0            ; |game_top|vga_wrapper:VGA_DISPLAY|vga:vga_inst|board_display:boardDisp|board_texts_static:texts_static|text_display:tile_29_text_2                                                                       ; text_display                ; work         ;
;                |text_display:tile_2_text_0|                  ; 1.0 (1.0)            ; 1.0 (1.0)                        ; 0.0 (0.0)                                         ; 0.0 (0.0)                        ; 0.0 (0.0)            ; 2 (2)               ; 0 (0)                     ; 0 (0)         ; 0                 ; 0     ; 0          ; 0    ; 0            ; |game_top|vga_wrapper:VGA_DISPLAY|vga:vga_inst|board_display:boardDisp|board_texts_static:texts_static|text_display:tile_2_text_0                                                                        ; text_display                ; work         ;
;                |text_display:tile_2_text_1|                  ; 4.0 (4.0)            ; 4.0 (4.0)                        ; 0.0 (0.0)                                         ; 0.0 (0.0)                        ; 0.0 (0.0)            ; 8 (8)               ; 0 (0)                     ; 0 (0)         ; 0                 ; 0     ; 0          ; 0    ; 0            ; |game_top|vga_wrapper:VGA_DISPLAY|vga:vga_inst|board_display:boardDisp|board_texts_static:texts_static|text_display:tile_2_text_1                                                                        ; text_display                ; work         ;
;                |text_display:tile_30_text_0|                 ; 0.5 (0.5)            ; 0.5 (0.5)                        ; 0.0 (0.0)                                         ; 0.0 (0.0)                        ; 0.0 (0.0)            ; 2 (2)               ; 0 (0)                     ; 0 (0)         ; 0                 ; 0     ; 0          ; 0    ; 0            ; |game_top|vga_wrapper:VGA_DISPLAY|vga:vga_inst|board_display:boardDisp|board_texts_static:texts_static|text_display:tile_30_text_0                                                                       ; text_display                ; work         ;
;                |text_display:tile_30_text_1|                 ; 1.5 (1.5)            ; 1.5 (1.5)                        ; 0.0 (0.0)                                         ; 0.0 (0.0)                        ; 0.0 (0.0)            ; 2 (2)               ; 0 (0)                     ; 0 (0)         ; 0                 ; 0     ; 0          ; 0    ; 0            ; |game_top|vga_wrapper:VGA_DISPLAY|vga:vga_inst|board_display:boardDisp|board_texts_static:texts_static|text_display:tile_30_text_1                                                                       ; text_display                ; work         ;
;                |text_display:tile_30_text_2|                 ; 6.5 (6.5)            ; 6.5 (6.5)                        ; 0.0 (0.0)                                         ; 0.0 (0.0)                        ; 0.0 (0.0)            ; 12 (12)             ; 0 (0)                     ; 0 (0)         ; 0                 ; 0     ; 0          ; 0    ; 0            ; |game_top|vga_wrapper:VGA_DISPLAY|vga:vga_inst|board_display:boardDisp|board_texts_static:texts_static|text_display:tile_30_text_2                                                                       ; text_display                ; work         ;
;                |text_display:tile_31_text_0|                 ; 8.5 (8.5)            ; 8.5 (8.5)                        ; 0.0 (0.0)                                         ; 0.0 (0.0)                        ; 0.0 (0.0)            ; 14 (14)             ; 0 (0)                     ; 0 (0)         ; 0                 ; 0     ; 0          ; 0    ; 0            ; |game_top|vga_wrapper:VGA_DISPLAY|vga:vga_inst|board_display:boardDisp|board_texts_static:texts_static|text_display:tile_31_text_0                                                                       ; text_display                ; work         ;
;                |text_display:tile_31_text_1|                 ; 9.0 (9.0)            ; 9.0 (9.0)                        ; 0.0 (0.0)                                         ; 0.0 (0.0)                        ; 0.0 (0.0)            ; 15 (15)             ; 0 (0)                     ; 0 (0)         ; 0                 ; 0     ; 0          ; 0    ; 0            ; |game_top|vga_wrapper:VGA_DISPLAY|vga:vga_inst|board_display:boardDisp|board_texts_static:texts_static|text_display:tile_31_text_1                                                                       ; text_display                ; work         ;
;                |text_display:tile_3_text_0|                  ; 4.5 (4.5)            ; 4.5 (4.5)                        ; 0.0 (0.0)                                         ; 0.0 (0.0)                        ; 0.0 (0.0)            ; 9 (9)               ; 0 (0)                     ; 0 (0)         ; 0                 ; 0     ; 0          ; 0    ; 0            ; |game_top|vga_wrapper:VGA_DISPLAY|vga:vga_inst|board_display:boardDisp|board_texts_static:texts_static|text_display:tile_3_text_0                                                                        ; text_display                ; work         ;
;                |text_display:tile_3_text_1|                  ; 6.0 (6.0)            ; 6.0 (6.0)                        ; 0.0 (0.0)                                         ; 0.0 (0.0)                        ; 0.0 (0.0)            ; 11 (11)             ; 0 (0)                     ; 0 (0)         ; 0                 ; 0     ; 0          ; 0    ; 0            ; |game_top|vga_wrapper:VGA_DISPLAY|vga:vga_inst|board_display:boardDisp|board_texts_static:texts_static|text_display:tile_3_text_1                                                                        ; text_display                ; work         ;
;                |text_display:tile_4_text_0|                  ; 4.0 (4.0)            ; 4.0 (4.0)                        ; 0.0 (0.0)                                         ; 0.0 (0.0)                        ; 0.0 (0.0)            ; 8 (8)               ; 0 (0)                     ; 0 (0)         ; 0                 ; 0     ; 0          ; 0    ; 0            ; |game_top|vga_wrapper:VGA_DISPLAY|vga:vga_inst|board_display:boardDisp|board_texts_static:texts_static|text_display:tile_4_text_0                                                                        ; text_display                ; work         ;
;                |text_display:tile_4_text_1|                  ; 0.5 (0.5)            ; 0.5 (0.5)                        ; 0.0 (0.0)                                         ; 0.0 (0.0)                        ; 0.0 (0.0)            ; 1 (1)               ; 0 (0)                     ; 0 (0)         ; 0                 ; 0     ; 0          ; 0    ; 0            ; |game_top|vga_wrapper:VGA_DISPLAY|vga:vga_inst|board_display:boardDisp|board_texts_static:texts_static|text_display:tile_4_text_1                                                                        ; text_display                ; work         ;
;                |text_display:tile_5_text_0|                  ; 5.0 (5.0)            ; 5.0 (5.0)                        ; 0.0 (0.0)                                         ; 0.0 (0.0)                        ; 0.0 (0.0)            ; 10 (10)             ; 0 (0)                     ; 0 (0)         ; 0                 ; 0     ; 0          ; 0    ; 0            ; |game_top|vga_wrapper:VGA_DISPLAY|vga:vga_inst|board_display:boardDisp|board_texts_static:texts_static|text_display:tile_5_text_0                                                                        ; text_display                ; work         ;
;                |text_display:tile_5_text_1|                  ; 0.5 (0.5)            ; 0.5 (0.5)                        ; 0.0 (0.0)                                         ; 0.0 (0.0)                        ; 0.0 (0.0)            ; 1 (1)               ; 0 (0)                     ; 0 (0)         ; 0                 ; 0     ; 0          ; 0    ; 0            ; |game_top|vga_wrapper:VGA_DISPLAY|vga:vga_inst|board_display:boardDisp|board_texts_static:texts_static|text_display:tile_5_text_1                                                                        ; text_display                ; work         ;
;                |text_display:tile_6_text_0|                  ; 5.5 (5.5)            ; 5.5 (5.5)                        ; 0.0 (0.0)                                         ; 0.0 (0.0)                        ; 0.0 (0.0)            ; 10 (10)             ; 0 (0)                     ; 0 (0)         ; 0                 ; 0     ; 0          ; 0    ; 0            ; |game_top|vga_wrapper:VGA_DISPLAY|vga:vga_inst|board_display:boardDisp|board_texts_static:texts_static|text_display:tile_6_text_0                                                                        ; text_display                ; work         ;
;                |text_display:tile_6_text_1|                  ; 0.5 (0.5)            ; 0.5 (0.5)                        ; 0.0 (0.0)                                         ; 0.0 (0.0)                        ; 0.0 (0.0)            ; 1 (1)               ; 0 (0)                     ; 0 (0)         ; 0                 ; 0     ; 0          ; 0    ; 0            ; |game_top|vga_wrapper:VGA_DISPLAY|vga:vga_inst|board_display:boardDisp|board_texts_static:texts_static|text_display:tile_6_text_1                                                                        ; text_display                ; work         ;
;                |text_display:tile_7_text_0|                  ; 4.5 (4.5)            ; 4.5 (4.5)                        ; 0.0 (0.0)                                         ; 0.0 (0.0)                        ; 0.0 (0.0)            ; 9 (9)               ; 0 (0)                     ; 0 (0)         ; 0                 ; 0     ; 0          ; 0    ; 0            ; |game_top|vga_wrapper:VGA_DISPLAY|vga:vga_inst|board_display:boardDisp|board_texts_static:texts_static|text_display:tile_7_text_0                                                                        ; text_display                ; work         ;
;                |text_display:tile_7_text_1|                  ; 1.5 (1.5)            ; 1.5 (1.5)                        ; 0.0 (0.0)                                         ; 0.0 (0.0)                        ; 0.0 (0.0)            ; 3 (3)               ; 0 (0)                     ; 0 (0)         ; 0                 ; 0     ; 0          ; 0    ; 0            ; |game_top|vga_wrapper:VGA_DISPLAY|vga:vga_inst|board_display:boardDisp|board_texts_static:texts_static|text_display:tile_7_text_1                                                                        ; text_display                ; work         ;
;                |text_display:tile_8_text_0|                  ; 5.7 (5.7)            ; 6.0 (6.0)                        ; 0.5 (0.5)                                         ; 0.2 (0.2)                        ; 0.0 (0.0)            ; 11 (11)             ; 0 (0)                     ; 0 (0)         ; 0                 ; 0     ; 0          ; 0    ; 0            ; |game_top|vga_wrapper:VGA_DISPLAY|vga:vga_inst|board_display:boardDisp|board_texts_static:texts_static|text_display:tile_8_text_0                                                                        ; text_display                ; work         ;
;                |text_display:tile_8_text_1|                  ; 0.6 (0.6)            ; 0.5 (0.5)                        ; 0.0 (0.0)                                         ; 0.1 (0.1)                        ; 0.0 (0.0)            ; 1 (1)               ; 0 (0)                     ; 0 (0)         ; 0                 ; 0     ; 0          ; 0    ; 0            ; |game_top|vga_wrapper:VGA_DISPLAY|vga:vga_inst|board_display:boardDisp|board_texts_static:texts_static|text_display:tile_8_text_1                                                                        ; text_display                ; work         ;
;                |text_display:tile_8_text_2|                  ; 4.0 (4.0)            ; 4.0 (4.0)                        ; 0.0 (0.0)                                         ; 0.0 (0.0)                        ; 0.0 (0.0)            ; 7 (7)               ; 0 (0)                     ; 0 (0)         ; 0                 ; 0     ; 0          ; 0    ; 0            ; |game_top|vga_wrapper:VGA_DISPLAY|vga:vga_inst|board_display:boardDisp|board_texts_static:texts_static|text_display:tile_8_text_2                                                                        ; text_display                ; work         ;
;                |text_display:tile_8_text_3|                  ; 3.0 (3.0)            ; 2.8 (2.8)                        ; 0.0 (0.0)                                         ; 0.2 (0.2)                        ; 0.0 (0.0)            ; 5 (5)               ; 0 (0)                     ; 0 (0)         ; 0                 ; 0     ; 0          ; 0    ; 0            ; |game_top|vga_wrapper:VGA_DISPLAY|vga:vga_inst|board_display:boardDisp|board_texts_static:texts_static|text_display:tile_8_text_3                                                                        ; text_display                ; work         ;
;                |text_display:tile_9_text_0|                  ; 4.0 (4.0)            ; 4.0 (4.0)                        ; 0.0 (0.0)                                         ; 0.0 (0.0)                        ; 0.0 (0.0)            ; 8 (8)               ; 0 (0)                     ; 0 (0)         ; 0                 ; 0     ; 0          ; 0    ; 0            ; |game_top|vga_wrapper:VGA_DISPLAY|vga:vga_inst|board_display:boardDisp|board_texts_static:texts_static|text_display:tile_9_text_0                                                                        ; text_display                ; work         ;
;                |text_display:tile_9_text_1|                  ; 1.1 (1.1)            ; 1.0 (1.0)                        ; 0.0 (0.0)                                         ; 0.1 (0.1)                        ; 0.0 (0.0)            ; 2 (2)               ; 0 (0)                     ; 0 (0)         ; 0                 ; 0     ; 0          ; 0    ; 0            ; |game_top|vga_wrapper:VGA_DISPLAY|vga:vga_inst|board_display:boardDisp|board_texts_static:texts_static|text_display:tile_9_text_1                                                                        ; text_display                ; work         ;
;                |text_display:tile_9_text_2|                  ; 1.2 (1.2)            ; 1.0 (1.0)                        ; 0.0 (0.0)                                         ; 0.2 (0.2)                        ; 0.0 (0.0)            ; 2 (2)               ; 0 (0)                     ; 0 (0)         ; 0                 ; 0     ; 0          ; 0    ; 0            ; |game_top|vga_wrapper:VGA_DISPLAY|vga:vga_inst|board_display:boardDisp|board_texts_static:texts_static|text_display:tile_9_text_2                                                                        ; text_display                ; work         ;
;          |vgaController:vgaCont|                             ; 16.7 (16.7)          ; 18.1 (18.1)                      ; 1.4 (1.4)                                         ; 0.0 (0.0)                        ; 0.0 (0.0)            ; 29 (29)             ; 26 (26)                   ; 0 (0)         ; 0                 ; 0     ; 0          ; 0    ; 0            ; |game_top|vga_wrapper:VGA_DISPLAY|vga:vga_inst|vgaController:vgaCont                                                                                                                                     ; vgaController               ; work         ;
;          |vga_memory_sweeper:sweeper_inst|                   ; 182.1 (182.1)        ; 204.1 (204.1)                    ; 22.0 (22.0)                                       ; 0.0 (0.0)                        ; 0.0 (0.0)            ; 233 (233)           ; 242 (242)                 ; 0 (0)         ; 0                 ; 0     ; 0          ; 0    ; 0            ; |game_top|vga_wrapper:VGA_DISPLAY|vga:vga_inst|vga_memory_sweeper:sweeper_inst                                                                                                                           ; vga_memory_sweeper          ; work         ;
;          |vga_pll:pll_inst|                                  ; 0.0 (0.0)            ; 0.0 (0.0)                        ; 0.0 (0.0)                                         ; 0.0 (0.0)                        ; 0.0 (0.0)            ; 0 (0)               ; 0 (0)                     ; 0 (0)         ; 0                 ; 0     ; 0          ; 0    ; 0            ; |game_top|vga_wrapper:VGA_DISPLAY|vga:vga_inst|vga_pll:pll_inst                                                                                                                                          ; vga_pll                     ; vga_pll      ;
;             |vga_pll_0002:vga_pll_inst|                      ; 0.0 (0.0)            ; 0.0 (0.0)                        ; 0.0 (0.0)                                         ; 0.0 (0.0)                        ; 0.0 (0.0)            ; 0 (0)               ; 0 (0)                     ; 0 (0)         ; 0                 ; 0     ; 0          ; 0    ; 0            ; |game_top|vga_wrapper:VGA_DISPLAY|vga:vga_inst|vga_pll:pll_inst|vga_pll_0002:vga_pll_inst                                                                                                                ; vga_pll_0002                ; vga_pll      ;
;                |altera_pll:altera_pll_i|                     ; 0.0 (0.0)            ; 0.0 (0.0)                        ; 0.0 (0.0)                                         ; 0.0 (0.0)                        ; 0.0 (0.0)            ; 0 (0)               ; 0 (0)                     ; 0 (0)         ; 0                 ; 0     ; 0          ; 0    ; 0            ; |game_top|vga_wrapper:VGA_DISPLAY|vga:vga_inst|vga_pll:pll_inst|vga_pll_0002:vga_pll_inst|altera_pll:altera_pll_i                                                                                        ; altera_pll                  ; work         ;
+--------------------------------------------------------------+----------------------+----------------------------------+---------------------------------------------------+----------------------------------+----------------------+---------------------+---------------------------+---------------+-------------------+-------+------------+------+--------------+----------------------------------------------------------------------------------------------------------------------------------------------------------------------------------------------------------+-----------------------------+--------------+
Note: For table entries with two numbers listed, the numbers in parentheses indicate the number of resources of the given type used by the specific entity alone. The numbers listed outside of parentheses indicate the total resources of the given type used by the specific entity and all of its sub-entities in the hierarchy.


+----------------------------------------------------------------------------------------------------------------------------+
; Delay Chain Summary                                                                                                        ;
+-------------+----------+----+------+------+----+------+-------+--------+------------------------+--------------------------+
; Name        ; Pin Type ; D1 ; D3_0 ; D3_1 ; D4 ; D5   ; D5 OE ; D5 OCT ; T11 (Postamble Gating) ; T11 (Postamble Ungating) ;
+-------------+----------+----+------+------+----+------+-------+--------+------------------------+--------------------------+
; KEY[3]      ; Input    ; -- ; --   ; --   ; -- ; --   ; --    ; --     ; --                     ; --                       ;
; SW[1]       ; Input    ; -- ; --   ; --   ; -- ; --   ; --    ; --     ; --                     ; --                       ;
; VGA_CLK     ; Output   ; -- ; --   ; --   ; -- ; (0)  ; (31)  ; --     ; --                     ; --                       ;
; VGA_HS      ; Output   ; -- ; --   ; --   ; -- ; (0)  ; (31)  ; --     ; --                     ; --                       ;
; VGA_VS      ; Output   ; -- ; --   ; --   ; -- ; (0)  ; (31)  ; --     ; --                     ; --                       ;
; VGA_SYNC_N  ; Output   ; -- ; --   ; --   ; -- ; (0)  ; (31)  ; --     ; --                     ; --                       ;
; VGA_BLANK_N ; Output   ; -- ; --   ; --   ; -- ; (0)  ; (31)  ; --     ; --                     ; --                       ;
; VGA_R[0]    ; Output   ; -- ; --   ; --   ; -- ; (0)  ; (31)  ; --     ; --                     ; --                       ;
; VGA_R[1]    ; Output   ; -- ; --   ; --   ; -- ; (0)  ; (31)  ; --     ; --                     ; --                       ;
; VGA_R[2]    ; Output   ; -- ; --   ; --   ; -- ; (0)  ; (31)  ; --     ; --                     ; --                       ;
; VGA_R[3]    ; Output   ; -- ; --   ; --   ; -- ; (0)  ; (31)  ; --     ; --                     ; --                       ;
; VGA_R[4]    ; Output   ; -- ; --   ; --   ; -- ; (0)  ; (31)  ; --     ; --                     ; --                       ;
; VGA_R[5]    ; Output   ; -- ; --   ; --   ; -- ; (0)  ; (31)  ; --     ; --                     ; --                       ;
; VGA_R[6]    ; Output   ; -- ; --   ; --   ; -- ; (0)  ; (31)  ; --     ; --                     ; --                       ;
; VGA_R[7]    ; Output   ; -- ; --   ; --   ; -- ; (0)  ; (31)  ; --     ; --                     ; --                       ;
; VGA_G[0]    ; Output   ; -- ; --   ; --   ; -- ; (0)  ; (31)  ; --     ; --                     ; --                       ;
; VGA_G[1]    ; Output   ; -- ; --   ; --   ; -- ; (0)  ; (31)  ; --     ; --                     ; --                       ;
; VGA_G[2]    ; Output   ; -- ; --   ; --   ; -- ; (0)  ; (31)  ; --     ; --                     ; --                       ;
; VGA_G[3]    ; Output   ; -- ; --   ; --   ; -- ; (0)  ; (31)  ; --     ; --                     ; --                       ;
; VGA_G[4]    ; Output   ; -- ; --   ; --   ; -- ; (0)  ; (31)  ; --     ; --                     ; --                       ;
; VGA_G[5]    ; Output   ; -- ; --   ; --   ; -- ; (0)  ; (31)  ; --     ; --                     ; --                       ;
; VGA_G[6]    ; Output   ; -- ; --   ; --   ; -- ; (0)  ; (31)  ; --     ; --                     ; --                       ;
; VGA_G[7]    ; Output   ; -- ; --   ; --   ; -- ; (0)  ; (31)  ; --     ; --                     ; --                       ;
; VGA_B[0]    ; Output   ; -- ; --   ; --   ; -- ; (0)  ; (31)  ; --     ; --                     ; --                       ;
; VGA_B[1]    ; Output   ; -- ; --   ; --   ; -- ; (0)  ; (31)  ; --     ; --                     ; --                       ;
; VGA_B[2]    ; Output   ; -- ; --   ; --   ; -- ; (0)  ; (31)  ; --     ; --                     ; --                       ;
; VGA_B[3]    ; Output   ; -- ; --   ; --   ; -- ; (0)  ; (31)  ; --     ; --                     ; --                       ;
; VGA_B[4]    ; Output   ; -- ; --   ; --   ; -- ; (0)  ; (31)  ; --     ; --                     ; --                       ;
; VGA_B[5]    ; Output   ; -- ; --   ; --   ; -- ; (0)  ; (31)  ; --     ; --                     ; --                       ;
; VGA_B[6]    ; Output   ; -- ; --   ; --   ; -- ; (0)  ; (31)  ; --     ; --                     ; --                       ;
; VGA_B[7]    ; Output   ; -- ; --   ; --   ; -- ; (0)  ; (31)  ; --     ; --                     ; --                       ;
; HEX0[0]     ; Output   ; -- ; --   ; --   ; -- ; (0)  ; (31)  ; --     ; --                     ; --                       ;
; HEX0[1]     ; Output   ; -- ; --   ; --   ; -- ; (0)  ; (31)  ; --     ; --                     ; --                       ;
; HEX0[2]     ; Output   ; -- ; --   ; --   ; -- ; (0)  ; (31)  ; --     ; --                     ; --                       ;
; HEX0[3]     ; Output   ; -- ; --   ; --   ; -- ; (0)  ; (31)  ; --     ; --                     ; --                       ;
; HEX0[4]     ; Output   ; -- ; --   ; --   ; -- ; (0)  ; (31)  ; --     ; --                     ; --                       ;
; HEX0[5]     ; Output   ; -- ; --   ; --   ; -- ; (0)  ; (31)  ; --     ; --                     ; --                       ;
; HEX0[6]     ; Output   ; -- ; --   ; --   ; -- ; (0)  ; (31)  ; --     ; --                     ; --                       ;
; HEX1[0]     ; Output   ; -- ; --   ; --   ; -- ; (0)  ; (31)  ; --     ; --                     ; --                       ;
; HEX1[1]     ; Output   ; -- ; --   ; --   ; -- ; (0)  ; (31)  ; --     ; --                     ; --                       ;
; HEX1[2]     ; Output   ; -- ; --   ; --   ; -- ; (0)  ; (31)  ; --     ; --                     ; --                       ;
; HEX1[3]     ; Output   ; -- ; --   ; --   ; -- ; (0)  ; (31)  ; --     ; --                     ; --                       ;
; HEX1[4]     ; Output   ; -- ; --   ; --   ; -- ; (0)  ; (31)  ; --     ; --                     ; --                       ;
; HEX1[5]     ; Output   ; -- ; --   ; --   ; -- ; (0)  ; (31)  ; --     ; --                     ; --                       ;
; HEX1[6]     ; Output   ; -- ; --   ; --   ; -- ; (0)  ; (31)  ; --     ; --                     ; --                       ;
; HEX2[0]     ; Output   ; -- ; --   ; --   ; -- ; (0)  ; (31)  ; --     ; --                     ; --                       ;
; HEX2[1]     ; Output   ; -- ; --   ; --   ; -- ; (0)  ; (31)  ; --     ; --                     ; --                       ;
; HEX2[2]     ; Output   ; -- ; --   ; --   ; -- ; (0)  ; (31)  ; --     ; --                     ; --                       ;
; HEX2[3]     ; Output   ; -- ; --   ; --   ; -- ; (0)  ; (31)  ; --     ; --                     ; --                       ;
; HEX2[4]     ; Output   ; -- ; --   ; --   ; -- ; (0)  ; (31)  ; --     ; --                     ; --                       ;
; HEX2[5]     ; Output   ; -- ; --   ; --   ; -- ; (0)  ; (31)  ; --     ; --                     ; --                       ;
; HEX2[6]     ; Output   ; -- ; --   ; --   ; -- ; (0)  ; (31)  ; --     ; --                     ; --                       ;
; HEX3[0]     ; Output   ; -- ; --   ; --   ; -- ; (0)  ; (31)  ; --     ; --                     ; --                       ;
; HEX3[1]     ; Output   ; -- ; --   ; --   ; -- ; (0)  ; (31)  ; --     ; --                     ; --                       ;
; HEX3[2]     ; Output   ; -- ; --   ; --   ; -- ; (0)  ; (31)  ; --     ; --                     ; --                       ;
; HEX3[3]     ; Output   ; -- ; --   ; --   ; -- ; (0)  ; (31)  ; --     ; --                     ; --                       ;
; HEX3[4]     ; Output   ; -- ; --   ; --   ; -- ; (0)  ; (31)  ; --     ; --                     ; --                       ;
; HEX3[5]     ; Output   ; -- ; --   ; --   ; -- ; (0)  ; (31)  ; --     ; --                     ; --                       ;
; HEX3[6]     ; Output   ; -- ; --   ; --   ; -- ; (0)  ; (31)  ; --     ; --                     ; --                       ;
; GPIO_0[0]   ; Bidir    ; -- ; --   ; --   ; -- ; (0)  ; (31)  ; --     ; --                     ; --                       ;
; GPIO_0[1]   ; Bidir    ; -- ; (0)  ; --   ; -- ; (0)  ; (31)  ; --     ; --                     ; --                       ;
; CLOCK_50    ; Input    ; -- ; (0)  ; --   ; -- ; --   ; --    ; --     ; --                     ; --                       ;
; SW[0]       ; Input    ; -- ; (0)  ; --   ; -- ; --   ; --    ; --     ; --                     ; --                       ;
; SW[9]       ; Input    ; -- ; --   ; (0)  ; -- ; --   ; --    ; --     ; --                     ; --                       ;
; SW[4]       ; Input    ; -- ; --   ; (0)  ; -- ; --   ; --    ; --     ; --                     ; --                       ;
; SW[5]       ; Input    ; -- ; --   ; (0)  ; -- ; --   ; --    ; --     ; --                     ; --                       ;
; SW[6]       ; Input    ; -- ; (0)  ; --   ; -- ; --   ; --    ; --     ; --                     ; --                       ;
; SW[7]       ; Input    ; -- ; (0)  ; --   ; -- ; --   ; --    ; --     ; --                     ; --                       ;
; SW[8]       ; Input    ; -- ; --   ; (0)  ; -- ; --   ; --    ; --     ; --                     ; --                       ;
; SW[2]       ; Input    ; -- ; --   ; (0)  ; -- ; --   ; --    ; --     ; --                     ; --                       ;
; SW[3]       ; Input    ; -- ; (0)  ; --   ; -- ; --   ; --    ; --     ; --                     ; --                       ;
; KEY[0]      ; Input    ; -- ; (0)  ; --   ; -- ; --   ; --    ; --     ; --                     ; --                       ;
; KEY[2]      ; Input    ; -- ; --   ; (0)  ; -- ; --   ; --    ; --     ; --                     ; --                       ;
; KEY[1]      ; Input    ; -- ; (0)  ; --   ; -- ; --   ; --    ; --     ; --                     ; --                       ;
+-------------+----------+----+------+------+----+------+-------+--------+------------------------+--------------------------+


+-----------------------------------------------------------------------------------------------------------------------------------------------------------------------------+
; Pad To Core Delay Chain Fanout                                                                                                                                              ;
+-----------------------------------------------------------------------------------------------------------------------------------------------+-------------------+---------+
; Source Pin / Fanout                                                                                                                           ; Pad To Core Index ; Setting ;
+-----------------------------------------------------------------------------------------------------------------------------------------------+-------------------+---------+
; KEY[3]                                                                                                                                        ;                   ;         ;
; SW[1]                                                                                                                                         ;                   ;         ;
; GPIO_0[0]                                                                                                                                     ;                   ;         ;
; GPIO_0[1]                                                                                                                                     ;                   ;         ;
;      - i2c_master:master_inst|sda_curr[0]~feeder                                                                                              ; 0                 ; 0       ;
; CLOCK_50                                                                                                                                      ;                   ;         ;
; SW[0]                                                                                                                                         ;                   ;         ;
;      - main_game_fsm:U_FSM|dice_1[0]                                                                                                          ; 0                 ; 0       ;
;      - main_game_fsm:U_FSM|dice_1[1]                                                                                                          ; 0                 ; 0       ;
;      - main_game_fsm:U_FSM|dice_1[2]                                                                                                          ; 0                 ; 0       ;
;      - main_game_fsm:U_FSM|drawn_card_id[0]                                                                                                   ; 0                 ; 0       ;
;      - main_game_fsm:U_FSM|drawn_card_id[1]                                                                                                   ; 0                 ; 0       ;
;      - main_game_fsm:U_FSM|drawn_card_id[3]                                                                                                   ; 0                 ; 0       ;
;      - main_game_fsm:U_FSM|drawn_card_id[2]                                                                                                   ; 0                 ; 0       ;
;      - main_game_fsm:U_FSM|drawn_card_id[4]                                                                                                   ; 0                 ; 0       ;
;      - main_game_fsm:U_FSM|mem_req                                                                                                            ; 0                 ; 0       ;
;      - main_game_fsm:U_FSM|mem_we                                                                                                             ; 0                 ; 0       ;
;      - main_game_fsm:U_FSM|rng_req_card                                                                                                       ; 0                 ; 0       ;
;      - main_game_fsm:U_FSM|rng_req_dice                                                                                                       ; 0                 ; 0       ;
;      - main_game_fsm:U_FSM|dice_1[3]                                                                                                          ; 0                 ; 0       ;
;      - main_game_fsm:U_FSM|current_state.WAIT_DICE_1                                                                                          ; 0                 ; 0       ;
;      - main_game_fsm:U_FSM|current_state.WAIT_DICE_2                                                                                          ; 0                 ; 0       ;
;      - main_game_fsm:U_FSM|current_state.WAIT_CHANCE_CARD                                                                                     ; 0                 ; 0       ;
;      - main_game_fsm:U_FSM|current_state.WRITE_MAKEUP_WAIT                                                                                    ; 0                 ; 0       ;
;      - main_game_fsm:U_FSM|current_state.WRITE_CARD_WAIT                                                                                      ; 0                 ; 0       ;
;      - main_game_fsm:U_FSM|current_state.WAIT_GAME_OVER_MBX_1                                                                                 ; 0                 ; 0       ;
;      - main_game_fsm:U_FSM|player_pos[4]                                                                                                      ; 0                 ; 0       ;
;      - main_game_fsm:U_FSM|player_pos[3]                                                                                                      ; 0                 ; 0       ;
;      - main_game_fsm:U_FSM|player_pos[2]                                                                                                      ; 0                 ; 0       ;
;      - main_game_fsm:U_FSM|player_pos[0]                                                                                                      ; 0                 ; 0       ;
;      - main_game_fsm:U_FSM|player_pos[1]                                                                                                      ; 0                 ; 0       ;
;      - main_game_fsm:U_FSM|current_state.CARD_MOVE_CHECK                                                                                      ; 0                 ; 0       ;
;      - main_game_fsm:U_FSM|current_state.CARD_UPDATE_CURRENT_PLAYER                                                                           ; 0                 ; 0       ;
;      - main_game_fsm:U_FSM|current_state.CARD_OTHER_CALC                                                                                      ; 0                 ; 0       ;
;      - main_game_fsm:U_FSM|current_state.APPLY_CHANCE_CARD                                                                                    ; 0                 ; 0       ;
;      - main_game_fsm:U_FSM|current_state.WAIT_CARD_CONFIRM                                                                                    ; 0                 ; 0       ;
;      - main_game_fsm:U_FSM|current_state.WRITE_CARD_MEM                                                                                       ; 0                 ; 0       ;
;      - main_game_fsm:U_FSM|current_state.WAIT_PENALTY_CONFIRM                                                                                 ; 0                 ; 0       ;
;      - main_game_fsm:U_FSM|current_state.WAIT_SAFE_CONFIRM                                                                                    ; 0                 ; 0       ;
;      - main_game_fsm:U_FSM|current_state.WRITE_OWNER_MONEY                                                                                    ; 0                 ; 0       ;
;      - main_game_fsm:U_FSM|current_state.PAY_RENT                                                                                             ; 0                 ; 0       ;
;      - main_game_fsm:U_FSM|current_state.WAIT_RENT_CONFIRM                                                                                    ; 0                 ; 0       ;
;      - main_game_fsm:U_FSM|current_state.WRITE_RENT_MBX                                                                                       ; 0                 ; 0       ;
;      - main_game_fsm:U_FSM|current_state.WRITE_VEND_MONEY                                                                                     ; 0                 ; 0       ;
;      - main_game_fsm:U_FSM|current_state.CLEAR_VEND_CMD                                                                                       ; 0                 ; 0       ;
;      - main_game_fsm:U_FSM|current_state.WAIT_VEND_DECISION                                                                                   ; 0                 ; 0       ;
;      - main_game_fsm:U_FSM|current_state.WRITE_VEND_MBX                                                                                       ; 0                 ; 0       ;
;      - main_game_fsm:U_FSM|current_state.WRITE_BUY_MONEY                                                                                      ; 0                 ; 0       ;
;      - main_game_fsm:U_FSM|current_state.CLEAR_BUY_CMD                                                                                        ; 0                 ; 0       ;
;      - main_game_fsm:U_FSM|current_state.WAIT_BUY_DECISION                                                                                    ; 0                 ; 0       ;
;      - main_game_fsm:U_FSM|current_state.WAIT_ACK_CLEAR                                                                                       ; 0                 ; 0       ;
;      - main_game_fsm:U_FSM|current_state.EVALUATE_TILE                                                                                        ; 0                 ; 0       ;
;      - main_game_fsm:U_FSM|current_state.WRITE_NEW_POS                                                                                        ; 0                 ; 0       ;
;      - main_game_fsm:U_FSM|current_state.ADD_START_MONEY                                                                                      ; 0                 ; 0       ;
;      - main_game_fsm:U_FSM|current_state.CARD_ADD_START_MONEY                                                                                 ; 0                 ; 0       ;
;      - main_game_fsm:U_FSM|current_state.WRITE_DICE_MEM                                                                                       ; 0                 ; 0       ;
;      - main_game_fsm:U_FSM|current_state.GAME_OVER_WIN                                                                                        ; 0                 ; 0       ;
;      - main_game_fsm:U_FSM|current_state.INIT_WAIT                                                                                            ; 0                 ; 0       ;
;      - main_game_fsm:U_FSM|current_state.WIPE_MEM_LOOP                                                                                        ; 0                 ; 0       ;
;      - main_game_fsm:U_FSM|current_state.WRITE_WAIT_CLEAR                                                                                     ; 0                 ; 0       ;
;      - main_game_fsm:U_FSM|current_state.WIPE_TILES_CLEAR_OWNER                                                                               ; 0                 ; 0       ;
;      - main_game_fsm:U_FSM|current_state.WIPE_TILES_CLEAR_VEND                                                                                ; 0                 ; 0       ;
;      - main_game_fsm:U_FSM|current_state.WRITE_MAKEUP_POS                                                                                     ; 0                 ; 0       ;
;      - main_game_fsm:U_FSM|current_state.CARD_OTHER_READ                                                                                      ; 0                 ; 0       ;
;      - main_game_fsm:U_FSM|current_state.WIPE_TILES_READ                                                                                      ; 0                 ; 0       ;
;      - main_game_fsm:U_FSM|current_state.READ_OWNER_MONEY                                                                                     ; 0                 ; 0       ;
;      - main_game_fsm:U_FSM|current_state.READ_TILE_MEM                                                                                        ; 0                 ; 0       ;
;      - main_game_fsm:U_FSM|current_state.READ_VEND_MEM                                                                                        ; 0                 ; 0       ;
;      - main_game_fsm:U_FSM|current_state.CHECK_ALIVE                                                                                          ; 0                 ; 0       ;
;      - main_game_fsm:U_FSM|current_state.READ_WAIT_MEM                                                                                        ; 0                 ; 0       ;
;      - main_game_fsm:U_FSM|current_state.READ_OLD_POS                                                                                         ; 0                 ; 0       ;
;      - main_game_fsm:U_FSM|current_state.END_TURN                                                                                             ; 0                 ; 0       ;
;      - memory_controller:U_MEM|memory_array_rtl_1_bypass[0]                                                                                   ; 0                 ; 0       ;
;      - main_game_fsm:U_FSM|current_state.TURN_START                                                                                           ; 0                 ; 0       ;
;      - main_game_fsm:U_FSM|current_state.REQ_DICE_2                                                                                           ; 0                 ; 0       ;
;      - main_game_fsm:U_FSM|current_state.CARD_UPDATE_WAIT                                                                                     ; 0                 ; 0       ;
;      - main_game_fsm:U_FSM|current_state.CARD_OTHER_WAIT_WRITE                                                                                ; 0                 ; 0       ;
;      - main_game_fsm:U_FSM|current_state.CARD_BANK_WAIT                                                                                       ; 0                 ; 0       ;
;      - main_game_fsm:U_FSM|current_state.WAIT_OWNER_WRITE                                                                                     ; 0                 ; 0       ;
;      - main_game_fsm:U_FSM|current_state.WRITE_BUY_CMD                                                                                        ; 0                 ; 0       ;
;      - main_game_fsm:U_FSM|current_state.WRITE_BUY_MBX                                                                                        ; 0                 ; 0       ;
;      - main_game_fsm:U_FSM|current_state.WIPE_MEM_WAIT                                                                                        ; 0                 ; 0       ;
;      - main_game_fsm:U_FSM|current_state.WIPE_MEM_START                                                                                       ; 0                 ; 0       ;
;      - main_game_fsm:U_FSM|current_state.WIPE_MEM_DONE                                                                                        ; 0                 ; 0       ;
;      - main_game_fsm:U_FSM|current_state.WAIT_INIT_MBX                                                                                        ; 0                 ; 0       ;
;      - main_game_fsm:U_FSM|current_state.WAIT_ALIVE_MEM                                                                                       ; 0                 ; 0       ;
;      - main_game_fsm:U_FSM|current_state.WAIT_WAIT_MEM                                                                                        ; 0                 ; 0       ;
;      - main_game_fsm:U_FSM|current_state.WAIT_OLD_POS                                                                                         ; 0                 ; 0       ;
;      - main_game_fsm:U_FSM|current_state.WAIT_START_MONEY                                                                                     ; 0                 ; 0       ;
;      - main_game_fsm:U_FSM|current_state.WAIT_NEW_POS                                                                                         ; 0                 ; 0       ;
;      - main_game_fsm:U_FSM|current_state.WAIT_TILE_MEM                                                                                        ; 0                 ; 0       ;
;      - main_game_fsm:U_FSM|current_state.WAIT_VEND_MEM                                                                                        ; 0                 ; 0       ;
;      - main_game_fsm:U_FSM|current_state.WRITE_BUY_OWNER                                                                                      ; 0                 ; 0       ;
;      - main_game_fsm:U_FSM|current_state.WRITE_VEND_CMD                                                                                       ; 0                 ; 0       ;
;      - main_game_fsm:U_FSM|current_state.WRITE_VEND_COUNT                                                                                     ; 0                 ; 0       ;
;      - main_game_fsm:U_FSM|current_state.WRITE_RENT_CMD                                                                                       ; 0                 ; 0       ;
;      - main_game_fsm:U_FSM|current_state.CLEAR_RENT_CMD                                                                                       ; 0                 ; 0       ;
;      - main_game_fsm:U_FSM|current_state.WAIT_RENT_DEDUCT_ACK_CLEAR                                                                           ; 0                 ; 0       ;
;      - main_game_fsm:U_FSM|current_state.WAIT_OWNER_MONEY                                                                                     ; 0                 ; 0       ;
;      - main_game_fsm:U_FSM|current_state.WAIT_OWNER_ACK_CLEAR                                                                                 ; 0                 ; 0       ;
;      - main_game_fsm:U_FSM|current_state.WRITE_PENALTY_CMD                                                                                    ; 0                 ; 0       ;
;      - main_game_fsm:U_FSM|current_state.CLEAR_PENALTY_CMD                                                                                    ; 0                 ; 0       ;
;      - main_game_fsm:U_FSM|current_state.WRITE_SAFE_CMD                                                                                       ; 0                 ; 0       ;
;      - main_game_fsm:U_FSM|current_state.CLEAR_SAFE_CMD                                                                                       ; 0                 ; 0       ;
;      - main_game_fsm:U_FSM|current_state.WAIT_ELIMINATE                                                                                       ; 0                 ; 0       ;
;      - main_game_fsm:U_FSM|current_state.WIPE_TILES_INIT                                                                                      ; 0                 ; 0       ;
;      - main_game_fsm:U_FSM|current_state.WIPE_TILES_WAIT_READ                                                                                 ; 0                 ; 0       ;
;      - main_game_fsm:U_FSM|current_state.WIPE_TILES_WAIT_OWNER                                                                                ; 0                 ; 0       ;
;      - main_game_fsm:U_FSM|current_state.WIPE_TILES_WAIT_VEND                                                                                 ; 0                 ; 0       ;
;      - main_game_fsm:U_FSM|current_state.WIPE_TILES_NEXT                                                                                      ; 0                 ; 0       ;
;      - main_game_fsm:U_FSM|current_state.WAIT_MAKEUP_POS                                                                                      ; 0                 ; 0       ;
;      - main_game_fsm:U_FSM|current_state.WAIT_MAKEUP_WAIT                                                                                     ; 0                 ; 0       ;
;      - main_game_fsm:U_FSM|current_state.WRITE_CARD_CMD                                                                                       ; 0                 ; 0       ;
;      - main_game_fsm:U_FSM|current_state.CLEAR_CARD_CMD                                                                                       ; 0                 ; 0       ;
;      - main_game_fsm:U_FSM|current_state.CARD_BANK_ACK_CLEAR                                                                                  ; 0                 ; 0       ;
;      - main_game_fsm:U_FSM|current_state.CARD_OTHER_CHECK                                                                                     ; 0                 ; 0       ;
;      - main_game_fsm:U_FSM|current_state.CARD_OTHER_WAIT_READ                                                                                 ; 0                 ; 0       ;
;      - main_game_fsm:U_FSM|current_state.CARD_OTHER_READ_ACK_CLEAR                                                                            ; 0                 ; 0       ;
;      - main_game_fsm:U_FSM|current_state.CARD_OTHER_WRITE_ACK_CLEAR                                                                           ; 0                 ; 0       ;
;      - main_game_fsm:U_FSM|current_state.CARD_OTHER_NEXT                                                                                      ; 0                 ; 0       ;
;      - main_game_fsm:U_FSM|current_state.CARD_UPDATE_ACK_CLEAR                                                                                ; 0                 ; 0       ;
;      - main_game_fsm:U_FSM|current_state.CARD_MOVE_WAIT                                                                                       ; 0                 ; 0       ;
;      - main_game_fsm:U_FSM|current_state.CARD_WAIT_START_MONEY                                                                                ; 0                 ; 0       ;
;      - main_game_fsm:U_FSM|current_state.WAIT_CARD_WAIT                                                                                       ; 0                 ; 0       ;
;      - main_game_fsm:U_FSM|current_state.WRITE_GAME_OVER_CMD                                                                                  ; 0                 ; 0       ;
;      - main_game_fsm:U_FSM|current_state.WAIT_GAME_OVER                                                                                       ; 0                 ; 0       ;
;      - main_game_fsm:U_FSM|current_state.WAIT_END_TURN_READ                                                                                   ; 0                 ; 0       ;
;      - main_game_fsm:U_FSM|current_player[0]~3                                                                                                ; 0                 ; 0       ;
;      - main_game_fsm:U_FSM|dice_1[2]~1                                                                                                        ; 0                 ; 0       ;
;      - main_game_fsm:U_FSM|dice_2~0                                                                                                           ; 0                 ; 0       ;
;      - main_game_fsm:U_FSM|dice_2[1]~1                                                                                                        ; 0                 ; 0       ;
;      - main_game_fsm:U_FSM|dice_2~2                                                                                                           ; 0                 ; 0       ;
;      - main_game_fsm:U_FSM|dice_2~3                                                                                                           ; 0                 ; 0       ;
;      - main_game_fsm:U_FSM|drawn_card_id[1]~0                                                                                                 ; 0                 ; 0       ;
;      - main_game_fsm:U_FSM|current_state~244                                                                                                  ; 0                 ; 0       ;
;      - main_game_fsm:U_FSM|mem_addr[5]                                                                                                        ; 0                 ; 0       ;
;      - main_game_fsm:U_FSM|mem_addr[6]                                                                                                        ; 0                 ; 0       ;
;      - main_game_fsm:U_FSM|mem_addr[7]                                                                                                        ; 0                 ; 0       ;
;      - main_game_fsm:U_FSM|mem_addr[0]                                                                                                        ; 0                 ; 0       ;
;      - main_game_fsm:U_FSM|mem_addr[1]                                                                                                        ; 0                 ; 0       ;
;      - main_game_fsm:U_FSM|mem_addr[2]                                                                                                        ; 0                 ; 0       ;
;      - main_game_fsm:U_FSM|mem_addr[3]                                                                                                        ; 0                 ; 0       ;
;      - main_game_fsm:U_FSM|mem_addr[4]                                                                                                        ; 0                 ; 0       ;
;      - memory_controller:U_MEM|comb~0                                                                                                         ; 0                 ; 0       ;
;      - memory_controller:U_MEM|memory_array~26                                                                                                ; 0                 ; 0       ;
;      - main_game_fsm:U_FSM|mem_write_data[1]                                                                                                  ; 0                 ; 0       ;
;      - main_game_fsm:U_FSM|mem_write_data[6]                                                                                                  ; 0                 ; 0       ;
;      - main_game_fsm:U_FSM|mem_write_data[4]                                                                                                  ; 0                 ; 0       ;
;      - main_game_fsm:U_FSM|mem_write_data[0]                                                                                                  ; 0                 ; 0       ;
;      - main_game_fsm:U_FSM|mem_write_data[7]                                                                                                  ; 0                 ; 0       ;
;      - main_game_fsm:U_FSM|mem_write_data[3]                                                                                                  ; 0                 ; 0       ;
;      - main_game_fsm:U_FSM|mem_write_data[5]                                                                                                  ; 0                 ; 0       ;
;      - main_game_fsm:U_FSM|mem_write_data[2]                                                                                                  ; 0                 ; 0       ;
;      - main_game_fsm:U_FSM|mem_write_data[15]                                                                                                 ; 0                 ; 0       ;
;      - main_game_fsm:U_FSM|Selector160~1                                                                                                      ; 0                 ; 0       ;
;      - main_game_fsm:U_FSM|Selector165~0                                                                                                      ; 0                 ; 0       ;
;      - main_game_fsm:U_FSM|player_pos[1]~0                                                                                                    ; 0                 ; 0       ;
;      - main_game_fsm:U_FSM|alive_count[0]~0                                                                                                   ; 0                 ; 0       ;
;      - main_game_fsm:U_FSM|Selector116~0                                                                                                      ; 0                 ; 0       ;
;      - main_game_fsm:U_FSM|wipe_addr[5]                                                                                                       ; 0                 ; 0       ;
;      - main_game_fsm:U_FSM|wipe_tile_counter[1]                                                                                               ; 0                 ; 0       ;
;      - main_game_fsm:U_FSM|wipe_tile_counter[2]                                                                                               ; 0                 ; 0       ;
;      - main_game_fsm:U_FSM|wipe_tile_counter[3]                                                                                               ; 0                 ; 0       ;
;      - main_game_fsm:U_FSM|wipe_tile_counter[4]                                                                                               ; 0                 ; 0       ;
;      - main_game_fsm:U_FSM|Selector117~3                                                                                                      ; 0                 ; 0       ;
;      - main_game_fsm:U_FSM|Selector116~5                                                                                                      ; 0                 ; 0       ;
;      - main_game_fsm:U_FSM|wipe_addr[6]                                                                                                       ; 0                 ; 0       ;
;      - main_game_fsm:U_FSM|Selector116~8                                                                                                      ; 0                 ; 0       ;
;      - main_game_fsm:U_FSM|Selector121~2                                                                                                      ; 0                 ; 0       ;
;      - main_game_fsm:U_FSM|wipe_addr[7]                                                                                                       ; 0                 ; 0       ;
;      - main_game_fsm:U_FSM|Selector115~1                                                                                                      ; 0                 ; 0       ;
;      - main_game_fsm:U_FSM|wipe_tile_counter[0]                                                                                               ; 0                 ; 0       ;
;      - main_game_fsm:U_FSM|wipe_addr[0]                                                                                                       ; 0                 ; 0       ;
;      - main_game_fsm:U_FSM|Selector122~8                                                                                                      ; 0                 ; 0       ;
;      - main_game_fsm:U_FSM|Selector122~10                                                                                                     ; 0                 ; 0       ;
;      - main_game_fsm:U_FSM|Selector121~4                                                                                                      ; 0                 ; 0       ;
;      - main_game_fsm:U_FSM|wipe_addr[1]                                                                                                       ; 0                 ; 0       ;
;      - main_game_fsm:U_FSM|Selector121~10                                                                                                     ; 0                 ; 0       ;
;      - main_game_fsm:U_FSM|Selector121~13                                                                                                     ; 0                 ; 0       ;
;      - main_game_fsm:U_FSM|wipe_addr[2]                                                                                                       ; 0                 ; 0       ;
;      - main_game_fsm:U_FSM|wipe_addr[3]                                                                                                       ; 0                 ; 0       ;
;      - main_game_fsm:U_FSM|wipe_addr[4]                                                                                                       ; 0                 ; 0       ;
;      - main_game_fsm:U_FSM|mem_write_data[14]~14                                                                                              ; 0                 ; 0       ;
;      - main_game_fsm:U_FSM|mem_write_data[14]~17                                                                                              ; 0                 ; 0       ;
;      - main_game_fsm:U_FSM|mem_write_data[8]~22                                                                                               ; 0                 ; 0       ;
;      - main_game_fsm:U_FSM|Selector136~0                                                                                                      ; 0                 ; 0       ;
;      - main_game_fsm:U_FSM|Selector137~12                                                                                                     ; 0                 ; 0       ;
;      - main_game_fsm:U_FSM|Selector138~11                                                                                                     ; 0                 ; 0       ;
;      - main_game_fsm:U_FSM|Selector136~16                                                                                                     ; 0                 ; 0       ;
;      - main_game_fsm:U_FSM|current_state~251                                                                                                  ; 0                 ; 0       ;
;      - main_game_fsm:U_FSM|current_state~252                                                                                                  ; 0                 ; 0       ;
;      - main_game_fsm:U_FSM|current_state~253                                                                                                  ; 0                 ; 0       ;
;      - main_game_fsm:U_FSM|current_state~254                                                                                                  ; 0                 ; 0       ;
;      - main_game_fsm:U_FSM|current_state~257                                                                                                  ; 0                 ; 0       ;
;      - main_game_fsm:U_FSM|current_state~285                                                                                                  ; 0                 ; 0       ;
;      - main_game_fsm:U_FSM|current_state~287                                                                                                  ; 0                 ; 0       ;
;      - mpu6050_controller:mpu_ctrl_inst|Decoder0~0                                                                                            ; 0                 ; 0       ;
;      - mpu6050_controller:mpu_ctrl_inst|Decoder0~1                                                                                            ; 0                 ; 0       ;
;      - mpu6050_controller:mpu_ctrl_inst|Decoder0~2                                                                                            ; 0                 ; 0       ;
;      - mpu6050_controller:mpu_ctrl_inst|Decoder0~3                                                                                            ; 0                 ; 0       ;
;      - mpu6050_controller:mpu_ctrl_inst|Decoder0~4                                                                                            ; 0                 ; 0       ;
;      - mpu6050_controller:mpu_ctrl_inst|Decoder0~5                                                                                            ; 0                 ; 0       ;
;      - main_game_fsm:U_FSM|current_state~290                                                                                                  ; 0                 ; 0       ;
;      - main_game_fsm:U_FSM|current_state~302                                                                                                  ; 0                 ; 0       ;
;      - main_game_fsm:U_FSM|current_state~303                                                                                                  ; 0                 ; 0       ;
;      - main_game_fsm:U_FSM|current_state~304                                                                                                  ; 0                 ; 0       ;
;      - main_game_fsm:U_FSM|player_money[15]~4                                                                                                 ; 0                 ; 0       ;
;      - main_game_fsm:U_FSM|current_vending_count[1]~0                                                                                         ; 0                 ; 0       ;
;      - main_game_fsm:U_FSM|player_money[1]~7                                                                                                  ; 0                 ; 0       ;
;      - main_game_fsm:U_FSM|choice_latch~0                                                                                                     ; 0                 ; 0       ;
;      - main_game_fsm:U_FSM|target_player[0]~2                                                                                                 ; 0                 ; 0       ;
;      - main_game_fsm:U_FSM|current_player~0                                                                                                   ; 0                 ; 0       ;
;      - main_game_fsm:U_FSM|total_players[0]~0                                                                                                 ; 0                 ; 0       ;
;      - main_game_fsm:U_FSM|current_player~2                                                                                                   ; 0                 ; 0       ;
;      - main_game_fsm:U_FSM|target_player_money[15]~0                                                                                          ; 0                 ; 0       ;
;      - main_game_fsm:U_FSM|current_tile_owner[0]~0                                                                                            ; 0                 ; 0       ;
;      - main_game_fsm:U_FSM|Selector139~7                                                                                                      ; 0                 ; 0       ;
;      - main_game_fsm:U_FSM|Selector140~3                                                                                                      ; 0                 ; 0       ;
;      - main_game_fsm:U_FSM|Selector140~13                                                                                                     ; 0                 ; 0       ;
;      - main_game_fsm:U_FSM|Selector140~18                                                                                                     ; 0                 ; 0       ;
;      - main_game_fsm:U_FSM|current_state~312                                                                                                  ; 0                 ; 0       ;
;      - main_game_fsm:U_FSM|current_state~314                                                                                                  ; 0                 ; 0       ;
;      - mpu6050_controller:mpu_ctrl_inst|i2c_addr_w_rw[0]~1                                                                                    ; 0                 ; 0       ;
;      - main_game_fsm:U_FSM|alive_count[1]~2                                                                                                   ; 0                 ; 0       ;
;      - main_game_fsm:U_FSM|Selector160~2                                                                                                      ; 0                 ; 0       ;
;      - vga_wrapper:VGA_DISPLAY|vga:vga_inst|vga_pll:pll_inst|vga_pll_0002:vga_pll_inst|altera_pll:altera_pll_i|general[0].gpll~FRACTIONAL_PLL ; 0                 ; 0       ;
;      - SW[0]~inputCLKENA0                                                                                                                     ; 0                 ; 0       ;
; SW[9]                                                                                                                                         ;                   ;         ;
;      - vga_wrapper:VGA_DISPLAY|vga:vga_inst|board_display:boardDisp|board_texts_dynamic:texts_dynamic|text_display:debug_icon|always4~0       ; 1                 ; 0       ;
;      - vga_wrapper:VGA_DISPLAY|vga:vga_inst|board_display:boardDisp|board_texts_dynamic:texts_dynamic|g[5]~4                                  ; 1                 ; 0       ;
;      - vga_wrapper:VGA_DISPLAY|vga:vga_inst|board_display:boardDisp|board_texts_dynamic:texts_dynamic|b[7]~2                                  ; 1                 ; 0       ;
;      - vga_wrapper:VGA_DISPLAY|vga:vga_inst|board_display:boardDisp|board_texts_dynamic:texts_dynamic|b[7]~3                                  ; 1                 ; 0       ;
;      - vga_wrapper:VGA_DISPLAY|vga:vga_inst|r~7                                                                                               ; 1                 ; 0       ;
;      - vga_wrapper:VGA_DISPLAY|vga:vga_inst|board_display:boardDisp|board_texts_dynamic:texts_dynamic|r[7]~4                                  ; 1                 ; 0       ;
;      - vga_wrapper:VGA_DISPLAY|vga:vga_inst|board_display:boardDisp|board_texts_dynamic:texts_dynamic|g[7]~5                                  ; 1                 ; 0       ;
;      - vga_wrapper:VGA_DISPLAY|vga:vga_inst|board_display:boardDisp|Equal0~2                                                                  ; 1                 ; 0       ;
;      - main_game_fsm:U_FSM|dice_1~0                                                                                                           ; 1                 ; 0       ;
;      - main_game_fsm:U_FSM|current_state~243                                                                                                  ; 1                 ; 0       ;
;      - main_game_fsm:U_FSM|dice_1~2                                                                                                           ; 1                 ; 0       ;
;      - main_game_fsm:U_FSM|dice_1~3                                                                                                           ; 1                 ; 0       ;
;      - main_game_fsm:U_FSM|dice_1~4                                                                                                           ; 1                 ; 0       ;
;      - main_game_fsm:U_FSM|dice_2[1]~1                                                                                                        ; 1                 ; 0       ;
;      - main_game_fsm:U_FSM|drawn_card_id~1                                                                                                    ; 1                 ; 0       ;
;      - main_game_fsm:U_FSM|drawn_card_id~2                                                                                                    ; 1                 ; 0       ;
;      - main_game_fsm:U_FSM|Selector160~1                                                                                                      ; 1                 ; 0       ;
;      - main_game_fsm:U_FSM|current_state~246                                                                                                  ; 1                 ; 0       ;
;      - main_game_fsm:U_FSM|current_state~251                                                                                                  ; 1                 ; 0       ;
;      - main_game_fsm:U_FSM|current_state~252                                                                                                  ; 1                 ; 0       ;
;      - main_game_fsm:U_FSM|current_state~253                                                                                                  ; 1                 ; 0       ;
;      - main_game_fsm:U_FSM|current_state~255                                                                                                  ; 1                 ; 0       ;
;      - main_game_fsm:U_FSM|current_state~282                                                                                                  ; 1                 ; 0       ;
;      - main_game_fsm:U_FSM|current_state~285                                                                                                  ; 1                 ; 0       ;
;      - main_game_fsm:U_FSM|dice_2[1]~4                                                                                                        ; 1                 ; 0       ;
;      - main_game_fsm:U_FSM|current_state~309                                                                                                  ; 1                 ; 0       ;
;      - vga_wrapper:VGA_DISPLAY|vga:vga_inst|board_display:boardDisp|Equal0~3                                                                  ; 1                 ; 0       ;
;      - vga_wrapper:VGA_DISPLAY|vga:vga_inst|board_display:boardDisp|Equal0~6                                                                  ; 1                 ; 0       ;
; SW[4]                                                                                                                                         ;                   ;         ;
;      - main_game_fsm:U_FSM|dice_1~0                                                                                                           ; 1                 ; 0       ;
; SW[5]                                                                                                                                         ;                   ;         ;
;      - main_game_fsm:U_FSM|dice_1~2                                                                                                           ; 1                 ; 0       ;
; SW[6]                                                                                                                                         ;                   ;         ;
;      - main_game_fsm:U_FSM|dice_1~3                                                                                                           ; 0                 ; 0       ;
; SW[7]                                                                                                                                         ;                   ;         ;
;      - main_game_fsm:U_FSM|dice_1~4                                                                                                           ; 0                 ; 0       ;
;      - main_game_fsm:U_FSM|drawn_card_id~1                                                                                                    ; 0                 ; 0       ;
; SW[8]                                                                                                                                         ;                   ;         ;
;      - main_game_fsm:U_FSM|drawn_card_id~2                                                                                                    ; 1                 ; 0       ;
; SW[2]                                                                                                                                         ;                   ;         ;
;      - main_game_fsm:U_FSM|total_players[0]                                                                                                   ; 1                 ; 0       ;
;      - main_game_fsm:U_FSM|Selector137~12                                                                                                     ; 1                 ; 0       ;
;      - main_game_fsm:U_FSM|Selector138~11                                                                                                     ; 1                 ; 0       ;
;      - main_game_fsm:U_FSM|Selector136~16                                                                                                     ; 1                 ; 0       ;
;      - main_game_fsm:U_FSM|Selector142~0                                                                                                      ; 1                 ; 0       ;
;      - main_game_fsm:U_FSM|Selector141~0                                                                                                      ; 1                 ; 0       ;
;      - SW[2]~_wirecell                                                                                                                        ; 1                 ; 0       ;
; SW[3]                                                                                                                                         ;                   ;         ;
;      - main_game_fsm:U_FSM|total_players[1]                                                                                                   ; 0                 ; 0       ;
;      - main_game_fsm:U_FSM|Selector137~12                                                                                                     ; 0                 ; 0       ;
;      - main_game_fsm:U_FSM|Selector136~16                                                                                                     ; 0                 ; 0       ;
;      - main_game_fsm:U_FSM|Selector142~0                                                                                                      ; 0                 ; 0       ;
;      - main_game_fsm:U_FSM|Selector141~0                                                                                                      ; 0                 ; 0       ;
; KEY[0]                                                                                                                                        ;                   ;         ;
;      - button_debouncer:U_BUTTON_ARRAY|sync_0[0]~0                                                                                            ; 0                 ; 0       ;
;      - button_debouncer:U_BUTTON_ARRAY|sync_0[2]~1                                                                                            ; 0                 ; 0       ;
; KEY[2]                                                                                                                                        ;                   ;         ;
;      - button_debouncer:U_BUTTON_ARRAY|sync_0[3]~2                                                                                            ; 1                 ; 0       ;
; KEY[1]                                                                                                                                        ;                   ;         ;
;      - button_debouncer:U_BUTTON_ARRAY|sync_0[1]~3                                                                                            ; 0                 ; 0       ;
+-----------------------------------------------------------------------------------------------------------------------------------------------+-------------------+---------+


+--------------------------------------------------------------------------------------------------------------------------------------------------------------------------------------------------------------------------------------------------------------------------------------------------------+
; Control Signals                                                                                                                                                                                                                                                                                        ;
+------------------------------------------------------------------------------------------------------------------------------------------------------+---------------------------+---------+----------------------------+--------+----------------------+------------------+---------------------------+
; Name                                                                                                                                                 ; Location                  ; Fan-Out ; Usage                      ; Global ; Global Resource Used ; Global Line Name ; Enable Signal Source Name ;
+------------------------------------------------------------------------------------------------------------------------------------------------------+---------------------------+---------+----------------------------+--------+----------------------+------------------+---------------------------+
; CLOCK_50                                                                                                                                             ; PIN_AF14                  ; 860     ; Clock                      ; yes    ; Global Clock         ; GCLK4            ; --                        ;
; SW[0]                                                                                                                                                ; PIN_AB12                  ; 220     ; Clock enable, Sync. clear  ; no     ; --                   ; --               ; --                        ;
; SW[0]                                                                                                                                                ; PIN_AB12                  ; 604     ; Async. clear               ; yes    ; Global Clock         ; GCLK2            ; --                        ;
; button_debouncer:U_BUTTON_ARRAY|counter[13]~0                                                                                                        ; LABCELL_X46_Y2_N51        ; 20      ; Sync. clear                ; no     ; --                   ; --               ; --                        ;
; button_debouncer:U_BUTTON_ARRAY|stable_state[0]~0                                                                                                    ; LABCELL_X46_Y2_N45        ; 6       ; Clock enable               ; no     ; --                   ; --               ; --                        ;
; i2c_master:master_inst|Selector0~1                                                                                                                   ; LABCELL_X46_Y4_N48        ; 2       ; Clock enable               ; no     ; --                   ; --               ; --                        ;
; i2c_master:master_inst|Selector10~10                                                                                                                 ; LABCELL_X48_Y4_N9         ; 18      ; Clock enable               ; no     ; --                   ; --               ; --                        ;
; i2c_master:master_inst|Selector13~0                                                                                                                  ; LABCELL_X48_Y3_N54        ; 2       ; Clock enable               ; no     ; --                   ; --               ; --                        ;
; i2c_master:master_inst|Selector66~0                                                                                                                  ; MLABCELL_X47_Y3_N45       ; 25      ; Clock enable               ; no     ; --                   ; --               ; --                        ;
; i2c_master:master_inst|Selector66~6                                                                                                                  ; LABCELL_X51_Y2_N18        ; 2       ; Clock enable               ; no     ; --                   ; --               ; --                        ;
; i2c_master:master_inst|byte_sr[4]~5                                                                                                                  ; LABCELL_X50_Y4_N36        ; 5       ; Clock enable               ; no     ; --                   ; --               ; --                        ;
; i2c_master:master_inst|clk_i2c_cntr[10]~0                                                                                                            ; MLABCELL_X52_Y3_N36       ; 18      ; Sync. clear                ; no     ; --                   ; --               ; --                        ;
; i2c_master:master_inst|data_in_sr[7]~1                                                                                                               ; LABCELL_X48_Y3_N48        ; 9       ; Clock enable               ; no     ; --                   ; --               ; --                        ;
; i2c_master:master_inst|en_scl                                                                                                                        ; FF_X52_Y3_N7              ; 3       ; Output enable              ; no     ; --                   ; --               ; --                        ;
; i2c_master:master_inst|num_byte_sent[15]~0                                                                                                           ; MLABCELL_X47_Y3_N57       ; 26      ; Clock enable               ; no     ; --                   ; --               ; --                        ;
; i2c_master:master_inst|reg_sda_o~en                                                                                                                  ; FF_X51_Y2_N37             ; 1       ; Output enable              ; no     ; --                   ; --               ; --                        ;
; i2c_master:master_inst|state.IDLE                                                                                                                    ; FF_X50_Y3_N2              ; 39      ; Sync. clear                ; no     ; --                   ; --               ; --                        ;
; main_game_fsm:U_FSM|alive_count[1]~3                                                                                                                 ; LABCELL_X60_Y11_N24       ; 3       ; Clock enable               ; no     ; --                   ; --               ; --                        ;
; main_game_fsm:U_FSM|current_player[0]~3                                                                                                              ; LABCELL_X57_Y9_N30        ; 2       ; Clock enable               ; no     ; --                   ; --               ; --                        ;
; main_game_fsm:U_FSM|current_state.INIT_WAIT                                                                                                          ; FF_X56_Y7_N32             ; 18      ; Sync. load                 ; no     ; --                   ; --               ; --                        ;
; main_game_fsm:U_FSM|current_tile_owner[0]~0                                                                                                          ; MLABCELL_X59_Y7_N51       ; 4       ; Clock enable               ; no     ; --                   ; --               ; --                        ;
; main_game_fsm:U_FSM|current_vending_count[1]~0                                                                                                       ; MLABCELL_X59_Y7_N6        ; 2       ; Clock enable               ; no     ; --                   ; --               ; --                        ;
; main_game_fsm:U_FSM|dice_1[2]~1                                                                                                                      ; LABCELL_X60_Y10_N21       ; 3       ; Clock enable               ; no     ; --                   ; --               ; --                        ;
; main_game_fsm:U_FSM|dice_2[1]~1                                                                                                                      ; LABCELL_X57_Y6_N12        ; 3       ; Clock enable               ; no     ; --                   ; --               ; --                        ;
; main_game_fsm:U_FSM|drawn_card_id[1]~0                                                                                                               ; MLABCELL_X59_Y8_N48       ; 5       ; Clock enable               ; no     ; --                   ; --               ; --                        ;
; main_game_fsm:U_FSM|mem_write_data[8]~23                                                                                                             ; LABCELL_X56_Y10_N9        ; 7       ; Clock enable               ; no     ; --                   ; --               ; --                        ;
; main_game_fsm:U_FSM|player_money[15]~5                                                                                                               ; LABCELL_X60_Y11_N6        ; 14      ; Clock enable               ; no     ; --                   ; --               ; --                        ;
; main_game_fsm:U_FSM|player_money[1]~7                                                                                                                ; LABCELL_X57_Y13_N12       ; 2       ; Clock enable               ; no     ; --                   ; --               ; --                        ;
; main_game_fsm:U_FSM|player_pos[1]~0                                                                                                                  ; LABCELL_X55_Y9_N30        ; 5       ; Clock enable               ; no     ; --                   ; --               ; --                        ;
; main_game_fsm:U_FSM|target_player[0]~2                                                                                                               ; LABCELL_X60_Y8_N42        ; 2       ; Clock enable               ; no     ; --                   ; --               ; --                        ;
; main_game_fsm:U_FSM|target_player_money[15]~0                                                                                                        ; LABCELL_X55_Y8_N51        ; 16      ; Clock enable               ; no     ; --                   ; --               ; --                        ;
; main_game_fsm:U_FSM|total_players[0]~0                                                                                                               ; LABCELL_X62_Y10_N45       ; 2       ; Clock enable               ; no     ; --                   ; --               ; --                        ;
; memory_controller:U_MEM|comb~0                                                                                                                       ; LABCELL_X56_Y8_N15        ; 2       ; Clock enable, Write enable ; no     ; --                   ; --               ; --                        ;
; memory_controller:U_MEM|current_state.READ~DUPLICATE                                                                                                 ; FF_X55_Y10_N55            ; 2       ; Clock enable               ; no     ; --                   ; --               ; --                        ;
; memory_controller:U_MEM|memory_array~26                                                                                                              ; LABCELL_X55_Y10_N0        ; 16      ; Clock enable               ; no     ; --                   ; --               ; --                        ;
; monopoly_rng_core:U_RNG|data_out[0]~1                                                                                                                ; MLABCELL_X59_Y8_N15       ; 5       ; Clock enable               ; no     ; --                   ; --               ; --                        ;
; mpu6050_controller:mpu_ctrl_inst|Decoder0~0                                                                                                          ; LABCELL_X48_Y4_N27        ; 8       ; Clock enable               ; no     ; --                   ; --               ; --                        ;
; mpu6050_controller:mpu_ctrl_inst|Decoder0~1                                                                                                          ; LABCELL_X48_Y4_N3         ; 8       ; Clock enable               ; no     ; --                   ; --               ; --                        ;
; mpu6050_controller:mpu_ctrl_inst|Decoder0~2                                                                                                          ; LABCELL_X48_Y4_N36        ; 8       ; Clock enable               ; no     ; --                   ; --               ; --                        ;
; mpu6050_controller:mpu_ctrl_inst|Decoder0~3                                                                                                          ; LABCELL_X48_Y4_N39        ; 8       ; Clock enable               ; no     ; --                   ; --               ; --                        ;
; mpu6050_controller:mpu_ctrl_inst|Decoder0~4                                                                                                          ; LABCELL_X48_Y4_N54        ; 8       ; Clock enable               ; no     ; --                   ; --               ; --                        ;
; mpu6050_controller:mpu_ctrl_inst|Decoder0~5                                                                                                          ; LABCELL_X48_Y4_N57        ; 8       ; Clock enable               ; no     ; --                   ; --               ; --                        ;
; mpu6050_controller:mpu_ctrl_inst|LessThan0~2                                                                                                         ; LABCELL_X46_Y4_N6         ; 25      ; Sync. clear                ; no     ; --                   ; --               ; --                        ;
; mpu6050_controller:mpu_ctrl_inst|accel_x[15]~0                                                                                                       ; LABCELL_X48_Y4_N30        ; 49      ; Clock enable               ; no     ; --                   ; --               ; --                        ;
; mpu6050_controller:mpu_ctrl_inst|i2c_addr_w_rw[0]~1                                                                                                  ; LABCELL_X46_Y4_N45        ; 6       ; Clock enable               ; no     ; --                   ; --               ; --                        ;
; mpu6050_controller:mpu_ctrl_inst|state.ST_DELAY                                                                                                      ; FF_X46_Y4_N59             ; 26      ; Clock enable               ; no     ; --                   ; --               ; --                        ;
; vga_wrapper:VGA_DISPLAY|vga:vga_inst|board_display:boardDisp|board_texts_dynamic:texts_dynamic|chance_card_text_rom_string:text_rom_string|always0~0 ; LABCELL_X61_Y16_N12       ; 914     ; Sync. clear, Sync. load    ; no     ; --                   ; --               ; --                        ;
; vga_wrapper:VGA_DISPLAY|vga:vga_inst|vgaController:vgaCont|Equal0~2                                                                                  ; LABCELL_X18_Y17_N24       ; 26      ; Clock enable, Sync. clear  ; no     ; --                   ; --               ; --                        ;
; vga_wrapper:VGA_DISPLAY|vga:vga_inst|vgaController:vgaCont|Equal1~2                                                                                  ; MLABCELL_X28_Y17_N36      ; 14      ; Sync. clear                ; no     ; --                   ; --               ; --                        ;
; vga_wrapper:VGA_DISPLAY|vga:vga_inst|vga_memory_sweeper:sweeper_inst|Decoder1~1                                                                      ; LABCELL_X22_Y15_N3        ; 2       ; Clock enable               ; no     ; --                   ; --               ; --                        ;
; vga_wrapper:VGA_DISPLAY|vga:vga_inst|vga_memory_sweeper:sweeper_inst|Decoder1~10                                                                     ; LABCELL_X22_Y15_N33       ; 2       ; Clock enable               ; no     ; --                   ; --               ; --                        ;
; vga_wrapper:VGA_DISPLAY|vga:vga_inst|vga_memory_sweeper:sweeper_inst|Decoder1~11                                                                     ; LABCELL_X22_Y15_N39       ; 2       ; Clock enable               ; no     ; --                   ; --               ; --                        ;
; vga_wrapper:VGA_DISPLAY|vga:vga_inst|vga_memory_sweeper:sweeper_inst|Decoder1~12                                                                     ; LABCELL_X22_Y15_N42       ; 2       ; Clock enable               ; no     ; --                   ; --               ; --                        ;
; vga_wrapper:VGA_DISPLAY|vga:vga_inst|vga_memory_sweeper:sweeper_inst|Decoder1~13                                                                     ; LABCELL_X22_Y15_N54       ; 2       ; Clock enable               ; no     ; --                   ; --               ; --                        ;
; vga_wrapper:VGA_DISPLAY|vga:vga_inst|vga_memory_sweeper:sweeper_inst|Decoder1~14                                                                     ; LABCELL_X22_Y15_N51       ; 2       ; Clock enable               ; no     ; --                   ; --               ; --                        ;
; vga_wrapper:VGA_DISPLAY|vga:vga_inst|vga_memory_sweeper:sweeper_inst|Decoder1~15                                                                     ; LABCELL_X24_Y13_N30       ; 3       ; Clock enable               ; no     ; --                   ; --               ; --                        ;
; vga_wrapper:VGA_DISPLAY|vga:vga_inst|vga_memory_sweeper:sweeper_inst|Decoder1~16                                                                     ; LABCELL_X22_Y15_N27       ; 2       ; Clock enable               ; no     ; --                   ; --               ; --                        ;
; vga_wrapper:VGA_DISPLAY|vga:vga_inst|vga_memory_sweeper:sweeper_inst|Decoder1~17                                                                     ; LABCELL_X22_Y15_N45       ; 2       ; Clock enable               ; no     ; --                   ; --               ; --                        ;
; vga_wrapper:VGA_DISPLAY|vga:vga_inst|vga_memory_sweeper:sweeper_inst|Decoder1~18                                                                     ; LABCELL_X22_Y15_N12       ; 2       ; Clock enable               ; no     ; --                   ; --               ; --                        ;
; vga_wrapper:VGA_DISPLAY|vga:vga_inst|vga_memory_sweeper:sweeper_inst|Decoder1~19                                                                     ; LABCELL_X22_Y15_N24       ; 2       ; Clock enable               ; no     ; --                   ; --               ; --                        ;
; vga_wrapper:VGA_DISPLAY|vga:vga_inst|vga_memory_sweeper:sweeper_inst|Decoder1~20                                                                     ; LABCELL_X22_Y15_N18       ; 2       ; Clock enable               ; no     ; --                   ; --               ; --                        ;
; vga_wrapper:VGA_DISPLAY|vga:vga_inst|vga_memory_sweeper:sweeper_inst|Decoder1~21                                                                     ; LABCELL_X22_Y15_N36       ; 2       ; Clock enable               ; no     ; --                   ; --               ; --                        ;
; vga_wrapper:VGA_DISPLAY|vga:vga_inst|vga_memory_sweeper:sweeper_inst|Decoder1~22                                                                     ; LABCELL_X17_Y17_N27       ; 2       ; Clock enable               ; no     ; --                   ; --               ; --                        ;
; vga_wrapper:VGA_DISPLAY|vga:vga_inst|vga_memory_sweeper:sweeper_inst|Decoder1~23                                                                     ; LABCELL_X22_Y15_N48       ; 2       ; Clock enable               ; no     ; --                   ; --               ; --                        ;
; vga_wrapper:VGA_DISPLAY|vga:vga_inst|vga_memory_sweeper:sweeper_inst|Decoder1~24                                                                     ; LABCELL_X24_Y13_N9        ; 3       ; Clock enable               ; no     ; --                   ; --               ; --                        ;
; vga_wrapper:VGA_DISPLAY|vga:vga_inst|vga_memory_sweeper:sweeper_inst|Decoder1~25                                                                     ; LABCELL_X22_Y15_N30       ; 3       ; Clock enable               ; no     ; --                   ; --               ; --                        ;
; vga_wrapper:VGA_DISPLAY|vga:vga_inst|vga_memory_sweeper:sweeper_inst|Decoder1~26                                                                     ; LABCELL_X22_Y15_N0        ; 4       ; Clock enable               ; no     ; --                   ; --               ; --                        ;
; vga_wrapper:VGA_DISPLAY|vga:vga_inst|vga_memory_sweeper:sweeper_inst|Decoder1~4                                                                      ; LABCELL_X22_Y15_N6        ; 2       ; Clock enable               ; no     ; --                   ; --               ; --                        ;
; vga_wrapper:VGA_DISPLAY|vga:vga_inst|vga_memory_sweeper:sweeper_inst|Decoder1~5                                                                      ; LABCELL_X17_Y17_N24       ; 2       ; Clock enable               ; no     ; --                   ; --               ; --                        ;
; vga_wrapper:VGA_DISPLAY|vga:vga_inst|vga_memory_sweeper:sweeper_inst|Decoder1~6                                                                      ; LABCELL_X22_Y15_N15       ; 3       ; Clock enable               ; no     ; --                   ; --               ; --                        ;
; vga_wrapper:VGA_DISPLAY|vga:vga_inst|vga_memory_sweeper:sweeper_inst|Decoder1~7                                                                      ; LABCELL_X22_Y15_N21       ; 2       ; Clock enable               ; no     ; --                   ; --               ; --                        ;
; vga_wrapper:VGA_DISPLAY|vga:vga_inst|vga_memory_sweeper:sweeper_inst|Decoder1~8                                                                      ; LABCELL_X22_Y15_N9        ; 2       ; Clock enable               ; no     ; --                   ; --               ; --                        ;
; vga_wrapper:VGA_DISPLAY|vga:vga_inst|vga_memory_sweeper:sweeper_inst|Decoder1~9                                                                      ; LABCELL_X22_Y15_N57       ; 2       ; Clock enable               ; no     ; --                   ; --               ; --                        ;
; vga_wrapper:VGA_DISPLAY|vga:vga_inst|vga_memory_sweeper:sweeper_inst|Decoder2~12                                                                     ; LABCELL_X27_Y13_N57       ; 6       ; Clock enable               ; no     ; --                   ; --               ; --                        ;
; vga_wrapper:VGA_DISPLAY|vga:vga_inst|vga_memory_sweeper:sweeper_inst|Decoder2~13                                                                     ; LABCELL_X29_Y8_N57        ; 5       ; Clock enable               ; no     ; --                   ; --               ; --                        ;
; vga_wrapper:VGA_DISPLAY|vga:vga_inst|vga_memory_sweeper:sweeper_inst|Decoder2~14                                                                     ; LABCELL_X35_Y11_N39       ; 10      ; Clock enable               ; no     ; --                   ; --               ; --                        ;
; vga_wrapper:VGA_DISPLAY|vga:vga_inst|vga_memory_sweeper:sweeper_inst|Decoder2~17                                                                     ; LABCELL_X18_Y15_N24       ; 8       ; Clock enable               ; no     ; --                   ; --               ; --                        ;
; vga_wrapper:VGA_DISPLAY|vga:vga_inst|vga_memory_sweeper:sweeper_inst|Decoder2~18                                                                     ; LABCELL_X18_Y15_N3        ; 9       ; Clock enable               ; no     ; --                   ; --               ; --                        ;
; vga_wrapper:VGA_DISPLAY|vga:vga_inst|vga_memory_sweeper:sweeper_inst|Decoder2~19                                                                     ; LABCELL_X35_Y11_N15       ; 3       ; Clock enable               ; no     ; --                   ; --               ; --                        ;
; vga_wrapper:VGA_DISPLAY|vga:vga_inst|vga_memory_sweeper:sweeper_inst|Decoder2~2                                                                      ; LABCELL_X35_Y11_N18       ; 10      ; Clock enable               ; no     ; --                   ; --               ; --                        ;
; vga_wrapper:VGA_DISPLAY|vga:vga_inst|vga_memory_sweeper:sweeper_inst|Decoder2~20                                                                     ; MLABCELL_X28_Y13_N27      ; 5       ; Clock enable               ; no     ; --                   ; --               ; --                        ;
; vga_wrapper:VGA_DISPLAY|vga:vga_inst|vga_memory_sweeper:sweeper_inst|Decoder2~3                                                                      ; LABCELL_X29_Y8_N36        ; 7       ; Clock enable               ; no     ; --                   ; --               ; --                        ;
; vga_wrapper:VGA_DISPLAY|vga:vga_inst|vga_memory_sweeper:sweeper_inst|Decoder2~5                                                                      ; LABCELL_X35_Y11_N24       ; 4       ; Clock enable               ; no     ; --                   ; --               ; --                        ;
; vga_wrapper:VGA_DISPLAY|vga:vga_inst|vga_memory_sweeper:sweeper_inst|Decoder2~6                                                                      ; LABCELL_X29_Y8_N39        ; 5       ; Clock enable               ; no     ; --                   ; --               ; --                        ;
; vga_wrapper:VGA_DISPLAY|vga:vga_inst|vga_memory_sweeper:sweeper_inst|Decoder2~7                                                                      ; MLABCELL_X28_Y13_N33      ; 11      ; Clock enable               ; no     ; --                   ; --               ; --                        ;
; vga_wrapper:VGA_DISPLAY|vga:vga_inst|vga_memory_sweeper:sweeper_inst|Decoder2~8                                                                      ; LABCELL_X35_Y11_N36       ; 9       ; Clock enable               ; no     ; --                   ; --               ; --                        ;
; vga_wrapper:VGA_DISPLAY|vga:vga_inst|vga_memory_sweeper:sweeper_inst|Decoder2~9                                                                      ; LABCELL_X29_Y8_N12        ; 6       ; Clock enable               ; no     ; --                   ; --               ; --                        ;
; vga_wrapper:VGA_DISPLAY|vga:vga_inst|vga_memory_sweeper:sweeper_inst|fetch_state                                                                     ; FF_X12_Y13_N53            ; 23      ; Clock enable               ; no     ; --                   ; --               ; --                        ;
; vga_wrapper:VGA_DISPLAY|vga:vga_inst|vga_memory_sweeper:sweeper_inst|tile_ownership[11]~36                                                           ; LABCELL_X16_Y16_N15       ; 2       ; Clock enable               ; no     ; --                   ; --               ; --                        ;
; vga_wrapper:VGA_DISPLAY|vga:vga_inst|vga_memory_sweeper:sweeper_inst|tile_ownership[17]~38                                                           ; LABCELL_X16_Y16_N48       ; 2       ; Clock enable               ; no     ; --                   ; --               ; --                        ;
; vga_wrapper:VGA_DISPLAY|vga:vga_inst|vga_memory_sweeper:sweeper_inst|tile_ownership[21]~45                                                           ; LABCELL_X19_Y14_N57       ; 3       ; Clock enable               ; no     ; --                   ; --               ; --                        ;
; vga_wrapper:VGA_DISPLAY|vga:vga_inst|vga_memory_sweeper:sweeper_inst|tile_ownership[21]~79                                                           ; LABCELL_X11_Y14_N24       ; 2       ; Clock enable               ; no     ; --                   ; --               ; --                        ;
; vga_wrapper:VGA_DISPLAY|vga:vga_inst|vga_memory_sweeper:sweeper_inst|tile_ownership[23]~39                                                           ; LABCELL_X11_Y14_N27       ; 2       ; Clock enable               ; no     ; --                   ; --               ; --                        ;
; vga_wrapper:VGA_DISPLAY|vga:vga_inst|vga_memory_sweeper:sweeper_inst|tile_ownership[29]~43                                                           ; LABCELL_X19_Y14_N36       ; 2       ; Clock enable               ; no     ; --                   ; --               ; --                        ;
; vga_wrapper:VGA_DISPLAY|vga:vga_inst|vga_memory_sweeper:sweeper_inst|tile_ownership[33]~35                                                           ; LABCELL_X16_Y16_N6        ; 2       ; Clock enable               ; no     ; --                   ; --               ; --                        ;
; vga_wrapper:VGA_DISPLAY|vga:vga_inst|vga_memory_sweeper:sweeper_inst|tile_ownership[33]~76                                                           ; LABCELL_X19_Y14_N0        ; 2       ; Clock enable               ; no     ; --                   ; --               ; --                        ;
; vga_wrapper:VGA_DISPLAY|vga:vga_inst|vga_memory_sweeper:sweeper_inst|tile_ownership[35]~31                                                           ; LABCELL_X18_Y14_N21       ; 2       ; Clock enable               ; no     ; --                   ; --               ; --                        ;
; vga_wrapper:VGA_DISPLAY|vga:vga_inst|vga_memory_sweeper:sweeper_inst|tile_ownership[41]~30                                                           ; LABCELL_X16_Y16_N30       ; 2       ; Clock enable               ; no     ; --                   ; --               ; --                        ;
; vga_wrapper:VGA_DISPLAY|vga:vga_inst|vga_memory_sweeper:sweeper_inst|tile_ownership[45]~41                                                           ; LABCELL_X19_Y14_N42       ; 2       ; Clock enable               ; no     ; --                   ; --               ; --                        ;
; vga_wrapper:VGA_DISPLAY|vga:vga_inst|vga_memory_sweeper:sweeper_inst|tile_ownership[45]~72                                                           ; LABCELL_X18_Y14_N54       ; 3       ; Clock enable               ; no     ; --                   ; --               ; --                        ;
; vga_wrapper:VGA_DISPLAY|vga:vga_inst|vga_memory_sweeper:sweeper_inst|tile_ownership[47]~14                                                           ; LABCELL_X16_Y13_N30       ; 3       ; Clock enable               ; no     ; --                   ; --               ; --                        ;
; vga_wrapper:VGA_DISPLAY|vga:vga_inst|vga_memory_sweeper:sweeper_inst|tile_ownership[53]~27                                                           ; LABCELL_X19_Y14_N48       ; 2       ; Clock enable               ; no     ; --                   ; --               ; --                        ;
; vga_wrapper:VGA_DISPLAY|vga:vga_inst|vga_memory_sweeper:sweeper_inst|tile_ownership[57]~23                                                           ; LABCELL_X16_Y16_N24       ; 2       ; Clock enable               ; no     ; --                   ; --               ; --                        ;
; vga_wrapper:VGA_DISPLAY|vga:vga_inst|vga_memory_sweeper:sweeper_inst|tile_ownership[57]~67                                                           ; LABCELL_X12_Y13_N3        ; 3       ; Clock enable               ; no     ; --                   ; --               ; --                        ;
; vga_wrapper:VGA_DISPLAY|vga:vga_inst|vga_memory_sweeper:sweeper_inst|tile_ownership[59]~21                                                           ; LABCELL_X18_Y14_N57       ; 2       ; Clock enable               ; no     ; --                   ; --               ; --                        ;
; vga_wrapper:VGA_DISPLAY|vga:vga_inst|vga_memory_sweeper:sweeper_inst|tile_ownership[5]~5                                                             ; LABCELL_X19_Y14_N15       ; 2       ; Clock enable               ; no     ; --                   ; --               ; --                        ;
; vga_wrapper:VGA_DISPLAY|vga:vga_inst|vga_memory_sweeper:sweeper_inst|tile_ownership[65]~20                                                           ; MLABCELL_X15_Y15_N30      ; 2       ; Clock enable               ; no     ; --                   ; --               ; --                        ;
; vga_wrapper:VGA_DISPLAY|vga:vga_inst|vga_memory_sweeper:sweeper_inst|tile_ownership[69]~25                                                           ; MLABCELL_X15_Y15_N6       ; 2       ; Clock enable               ; no     ; --                   ; --               ; --                        ;
; vga_wrapper:VGA_DISPLAY|vga:vga_inst|vga_memory_sweeper:sweeper_inst|tile_ownership[69]~63                                                           ; MLABCELL_X15_Y15_N27      ; 2       ; Clock enable               ; no     ; --                   ; --               ; --                        ;
; vga_wrapper:VGA_DISPLAY|vga:vga_inst|vga_memory_sweeper:sweeper_inst|tile_ownership[71]~28                                                           ; MLABCELL_X15_Y15_N9       ; 2       ; Clock enable               ; no     ; --                   ; --               ; --                        ;
; vga_wrapper:VGA_DISPLAY|vga:vga_inst|vga_memory_sweeper:sweeper_inst|tile_ownership[77]~47                                                           ; MLABCELL_X15_Y15_N12      ; 2       ; Clock enable               ; no     ; --                   ; --               ; --                        ;
; vga_wrapper:VGA_DISPLAY|vga:vga_inst|vga_memory_sweeper:sweeper_inst|tile_ownership[81]~51                                                           ; LABCELL_X16_Y16_N54       ; 2       ; Clock enable               ; no     ; --                   ; --               ; --                        ;
; vga_wrapper:VGA_DISPLAY|vga:vga_inst|vga_memory_sweeper:sweeper_inst|tile_ownership[81]~59                                                           ; MLABCELL_X15_Y15_N54      ; 3       ; Clock enable               ; no     ; --                   ; --               ; --                        ;
; vga_wrapper:VGA_DISPLAY|vga:vga_inst|vga_memory_sweeper:sweeper_inst|tile_ownership[83]~48                                                           ; MLABCELL_X15_Y15_N48      ; 2       ; Clock enable               ; no     ; --                   ; --               ; --                        ;
; vga_wrapper:VGA_DISPLAY|vga:vga_inst|vga_memory_sweeper:sweeper_inst|tile_ownership[89]~13                                                           ; LABCELL_X16_Y16_N27       ; 2       ; Clock enable               ; no     ; --                   ; --               ; --                        ;
; vga_wrapper:VGA_DISPLAY|vga:vga_inst|vga_memory_sweeper:sweeper_inst|tile_ownership[93]~10                                                           ; MLABCELL_X15_Y15_N18      ; 2       ; Clock enable               ; no     ; --                   ; --               ; --                        ;
; vga_wrapper:VGA_DISPLAY|vga:vga_inst|vga_memory_sweeper:sweeper_inst|tile_ownership[93]~54                                                           ; MLABCELL_X15_Y15_N15      ; 2       ; Clock enable               ; no     ; --                   ; --               ; --                        ;
; vga_wrapper:VGA_DISPLAY|vga:vga_inst|vga_memory_sweeper:sweeper_inst|tile_ownership[95]~49                                                           ; MLABCELL_X15_Y15_N21      ; 2       ; Clock enable               ; no     ; --                   ; --               ; --                        ;
; vga_wrapper:VGA_DISPLAY|vga:vga_inst|vga_memory_sweeper:sweeper_inst|tile_ownership[9]~33                                                            ; LABCELL_X12_Y13_N57       ; 2       ; Clock enable               ; no     ; --                   ; --               ; --                        ;
; vga_wrapper:VGA_DISPLAY|vga:vga_inst|vga_memory_sweeper:sweeper_inst|tile_ownership[9]~83                                                            ; LABCELL_X16_Y16_N21       ; 2       ; Clock enable               ; no     ; --                   ; --               ; --                        ;
; vga_wrapper:VGA_DISPLAY|vga:vga_inst|vga_pll:pll_inst|vga_pll_0002:vga_pll_inst|altera_pll:altera_pll_i|locked_wire[0]                               ; FRACTIONALPLL_X0_Y1_N0    ; 25      ; Sync. clear                ; no     ; --                   ; --               ; --                        ;
; vga_wrapper:VGA_DISPLAY|vga:vga_inst|vga_pll:pll_inst|vga_pll_0002:vga_pll_inst|altera_pll:altera_pll_i|outclk_wire[0]                               ; PLLOUTPUTCOUNTER_X0_Y5_N1 ; 981     ; Clock                      ; yes    ; Global Clock         ; GCLK6            ; --                        ;
+------------------------------------------------------------------------------------------------------------------------------------------------------+---------------------------+---------+----------------------------+--------+----------------------+------------------+---------------------------+


+------------------------------------------------------------------------------------------------------------------------------------------------------------------------------------------------------------------------------------+
; Global & Other Fast Signals                                                                                                                                                                                                        ;
+------------------------------------------------------------------------------------------------------------------------+---------------------------+---------+----------------------+------------------+---------------------------+
; Name                                                                                                                   ; Location                  ; Fan-Out ; Global Resource Used ; Global Line Name ; Enable Signal Source Name ;
+------------------------------------------------------------------------------------------------------------------------+---------------------------+---------+----------------------+------------------+---------------------------+
; CLOCK_50                                                                                                               ; PIN_AF14                  ; 860     ; Global Clock         ; GCLK4            ; --                        ;
; SW[0]                                                                                                                  ; PIN_AB12                  ; 604     ; Global Clock         ; GCLK2            ; --                        ;
; vga_wrapper:VGA_DISPLAY|vga:vga_inst|vga_pll:pll_inst|vga_pll_0002:vga_pll_inst|altera_pll:altera_pll_i|outclk_wire[0] ; PLLOUTPUTCOUNTER_X0_Y5_N1 ; 981     ; Global Clock         ; GCLK6            ; --                        ;
+------------------------------------------------------------------------------------------------------------------------+---------------------------+---------+----------------------+------------------+---------------------------+


+----------------------------------------------------------------------------------------------------------------------------------------------------------------+
; Non-Global High Fan-Out Signals                                                                                                                                ;
+------------------------------------------------------------------------------------------------------------------------------------------------------+---------+
; Name                                                                                                                                                 ; Fan-Out ;
+------------------------------------------------------------------------------------------------------------------------------------------------------+---------+
; vga_wrapper:VGA_DISPLAY|vga:vga_inst|board_display:boardDisp|board_texts_dynamic:texts_dynamic|chance_card_text_rom_string:text_rom_string|always0~0 ; 914     ;
; vga_wrapper:VGA_DISPLAY|vga:vga_inst|vga_memory_sweeper:sweeper_inst|card_id[1]                                                                      ; 911     ;
; vga_wrapper:VGA_DISPLAY|vga:vga_inst|vga_memory_sweeper:sweeper_inst|card_id[2]                                                                      ; 908     ;
; vga_wrapper:VGA_DISPLAY|vga:vga_inst|vga_memory_sweeper:sweeper_inst|card_id[3]                                                                      ; 907     ;
; vga_wrapper:VGA_DISPLAY|vga:vga_inst|vga_memory_sweeper:sweeper_inst|card_id[4]                                                                      ; 907     ;
; vga_wrapper:VGA_DISPLAY|vga:vga_inst|vga_memory_sweeper:sweeper_inst|card_id[0]                                                                      ; 905     ;
+------------------------------------------------------------------------------------------------------------------------------------------------------+---------+


+----------------------------------------------------------------------------------------------------------------------------------------------------------------------------------------------------------------------------------------------------------------------------------------------------------------------------------------------------------------------------------------------------------------------------------------------------------------------------------------------------------------------------------------------------------------------------------------------------------------------------------------+
; Fitter RAM Summary                                                                                                                                                                                                                                                                                                                                                                                                                                                                                                                                                                                                                     ;
+-------------------------------------------------------------------------------------------------+------+------------------+--------------+--------------+--------------+--------------+--------------+------------------------+-------------------------+------------------------+-------------------------+------+-----------------------------+-----------------------------+-----------------------------+-----------------------------+---------------------+-------------+-------+------+-----------------+----------------------+-----------------+-----------------+----------+------------------------+------------------------+
; Name                                                                                            ; Type ; Mode             ; Clock Mode   ; Port A Depth ; Port A Width ; Port B Depth ; Port B Width ; Port A Input Registers ; Port A Output Registers ; Port B Input Registers ; Port B Output Registers ; Size ; Implementation Port A Depth ; Implementation Port A Width ; Implementation Port B Depth ; Implementation Port B Width ; Implementation Bits ; M10K blocks ; MLABs ; MIF  ; Location        ; Mixed Width RDW Mode ; Port A RDW Mode ; Port B RDW Mode ; ECC Mode ; ECC Pipeline Registers ; Fits in MLABs          ;
+-------------------------------------------------------------------------------------------------+------+------------------+--------------+--------------+--------------+--------------+--------------+------------------------+-------------------------+------------------------+-------------------------+------+-----------------------------+-----------------------------+-----------------------------+-----------------------------+---------------------+-------------+-------+------+-----------------+----------------------+-----------------+-----------------+----------+------------------------+------------------------+
; memory_controller:U_MEM|altsyncram:memory_array_rtl_0|altsyncram_e3k1:auto_generated|ALTSYNCRAM ; AUTO ; Simple Dual Port ; Single Clock ; 256          ; 16           ; 256          ; 16           ; yes                    ; no                      ; yes                    ; no                      ; 4096 ; 256                         ; 16                          ; 256                         ; 16                          ; 4096                ; 1           ; 0     ; None ; M10K_X58_Y11_N0 ; Don't care           ; New data        ; New data        ; Off      ; No                     ; No - Unsupported Depth ;
; memory_controller:U_MEM|altsyncram:memory_array_rtl_1|altsyncram_76k1:auto_generated|ALTSYNCRAM ; AUTO ; Simple Dual Port ; Single Clock ; 256          ; 16           ; 256          ; 16           ; yes                    ; no                      ; yes                    ; no                      ; 4096 ; 256                         ; 16                          ; 256                         ; 16                          ; 4096                ; 1           ; 0     ; None ; M10K_X49_Y12_N0 ; Don't care           ; New data        ; New data        ; Off      ; No                     ; No - Unsupported Depth ;
+-------------------------------------------------------------------------------------------------+------+------------------+--------------+--------------+--------------+--------------+--------------+------------------------+-------------------------+------------------------+-------------------------+------+-----------------------------+-----------------------------+-----------------------------+-----------------------------+---------------------+-------------+-------+------+-----------------+----------------------+-----------------+-----------------+----------+------------------------+------------------------+
Note: Fitter may spread logical memories into multiple blocks to improve timing. The actual required RAM blocks can be found in the Fitter Resource Usage section.


+-----------------------------------------------+
; Fitter DSP Block Usage Summary                ;
+---------------------------------+-------------+
; Statistic                       ; Number Used ;
+---------------------------------+-------------+
; Two Independent 18x18           ; 16          ;
; Independent 18x18 plus 36       ; 1           ;
; Total number of DSP blocks      ; 17          ;
;                                 ;             ;
; Fixed Point Unsigned Multiplier ; 17          ;
+---------------------------------+-------------+


+------------------------------------------------------------------------------------------------------------------------------------------------------------------------------------------------------------------------------------------------------------------------------------------------------------------------------------------------------------------------------------------------------------------------------------------------------------------------------------------------------------------------------+
; DSP Block Details                                                                                                                                                                                                                                                                                                                                                                                                                                                                                                            ;
+------------------------------------------------------------------------------------------------------------------------------+---------------------------+----------------+---------------------+------------------------+------------------------+------------------------+------------------------+------------------------+------------------------+-----------------+--------------------------------+---------------------+-------------------------------+------------------------------+------------------------------+
; Name                                                                                                                         ; Mode                      ; Location       ; Sign Representation ; Data AX Input Register ; Data AY Input Register ; Data AZ Input Register ; Data BX Input Register ; Data BY Input Register ; Data BZ Input Register ; Output Register ; Dedicated Shift Register Chain ; Dedicated Pre-Adder ; Dedicated Coefficient Storage ; Dedicated Output Adder Chain ; Dedicated Output Accumulator ;
+------------------------------------------------------------------------------------------------------------------------------+---------------------------+----------------+---------------------+------------------------+------------------------+------------------------+------------------------+------------------------+------------------------+-----------------+--------------------------------+---------------------+-------------------------------+------------------------------+------------------------------+
; vga_wrapper:VGA_DISPLAY|vga:vga_inst|board_display:boardDisp|board_boxes_dynamic:boxes_dynamic|draw_pawn:draw_pawn_1|Mult2~8 ; Two Independent 18x18     ; DSP_X20_Y4_N0  ; Unsigned            ; no                     ; no                     ; --                     ; --                     ; --                     ; --                     ; no              ; no                             ; no                  ; no                            ; no                           ; no                           ;
; vga_wrapper:VGA_DISPLAY|vga:vga_inst|board_display:boardDisp|board_boxes_dynamic:boxes_dynamic|draw_pawn:draw_pawn_1|Mult0~8 ; Two Independent 18x18     ; DSP_X20_Y8_N0  ; Unsigned            ; no                     ; no                     ; --                     ; --                     ; --                     ; --                     ; no              ; no                             ; no                  ; no                            ; no                           ; no                           ;
; vga_wrapper:VGA_DISPLAY|vga:vga_inst|board_display:boardDisp|board_boxes_dynamic:boxes_dynamic|draw_pawn:draw_pawn_1|Mult1~8 ; Two Independent 18x18     ; DSP_X20_Y2_N0  ; Unsigned            ; no                     ; no                     ; --                     ; --                     ; --                     ; --                     ; no              ; no                             ; no                  ; no                            ; no                           ; no                           ;
; vga_wrapper:VGA_DISPLAY|vga:vga_inst|board_display:boardDisp|board_boxes_dynamic:boxes_dynamic|draw_pawn:draw_pawn_1|Mult3~8 ; Two Independent 18x18     ; DSP_X20_Y6_N0  ; Unsigned            ; no                     ; no                     ; --                     ; --                     ; --                     ; --                     ; no              ; no                             ; no                  ; no                            ; no                           ; no                           ;
; vga_wrapper:VGA_DISPLAY|vga:vga_inst|board_display:boardDisp|board_boxes_dynamic:boxes_dynamic|draw_pawn:draw_pawn_2|Mult2~8 ; Two Independent 18x18     ; DSP_X32_Y16_N0 ; Unsigned            ; no                     ; no                     ; --                     ; --                     ; --                     ; --                     ; no              ; no                             ; no                  ; no                            ; no                           ; no                           ;
; vga_wrapper:VGA_DISPLAY|vga:vga_inst|board_display:boardDisp|board_boxes_dynamic:boxes_dynamic|draw_pawn:draw_pawn_2|Mult0~8 ; Two Independent 18x18     ; DSP_X32_Y14_N0 ; Unsigned            ; no                     ; no                     ; --                     ; --                     ; --                     ; --                     ; no              ; no                             ; no                  ; no                            ; no                           ; no                           ;
; vga_wrapper:VGA_DISPLAY|vga:vga_inst|board_display:boardDisp|board_boxes_dynamic:boxes_dynamic|draw_pawn:draw_pawn_2|Mult1~8 ; Two Independent 18x18     ; DSP_X32_Y10_N0 ; Unsigned            ; no                     ; no                     ; --                     ; --                     ; --                     ; --                     ; no              ; no                             ; no                  ; no                            ; no                           ; no                           ;
; vga_wrapper:VGA_DISPLAY|vga:vga_inst|board_display:boardDisp|board_boxes_dynamic:boxes_dynamic|draw_pawn:draw_pawn_2|Mult3~8 ; Two Independent 18x18     ; DSP_X32_Y12_N0 ; Unsigned            ; no                     ; no                     ; --                     ; --                     ; --                     ; --                     ; no              ; no                             ; no                  ; no                            ; no                           ; no                           ;
; vga_wrapper:VGA_DISPLAY|vga:vga_inst|board_display:boardDisp|board_boxes_dynamic:boxes_dynamic|draw_pawn:draw_pawn_4|Mult2~8 ; Two Independent 18x18     ; DSP_X32_Y4_N0  ; Unsigned            ; no                     ; no                     ; --                     ; --                     ; --                     ; --                     ; no              ; no                             ; no                  ; no                            ; no                           ; no                           ;
; vga_wrapper:VGA_DISPLAY|vga:vga_inst|board_display:boardDisp|board_boxes_dynamic:boxes_dynamic|draw_pawn:draw_pawn_4|Mult0~8 ; Two Independent 18x18     ; DSP_X32_Y8_N0  ; Unsigned            ; no                     ; no                     ; --                     ; --                     ; --                     ; --                     ; no              ; no                             ; no                  ; no                            ; no                           ; no                           ;
; vga_wrapper:VGA_DISPLAY|vga:vga_inst|board_display:boardDisp|board_boxes_dynamic:boxes_dynamic|draw_pawn:draw_pawn_4|Mult1~8 ; Two Independent 18x18     ; DSP_X32_Y2_N0  ; Unsigned            ; no                     ; no                     ; --                     ; --                     ; --                     ; --                     ; no              ; no                             ; no                  ; no                            ; no                           ; no                           ;
; vga_wrapper:VGA_DISPLAY|vga:vga_inst|board_display:boardDisp|board_boxes_dynamic:boxes_dynamic|draw_pawn:draw_pawn_4|Mult3~8 ; Two Independent 18x18     ; DSP_X32_Y6_N0  ; Unsigned            ; no                     ; no                     ; --                     ; --                     ; --                     ; --                     ; no              ; no                             ; no                  ; no                            ; no                           ; no                           ;
; vga_wrapper:VGA_DISPLAY|vga:vga_inst|board_display:boardDisp|board_boxes_dynamic:boxes_dynamic|draw_pawn:draw_pawn_3|Mult2~8 ; Two Independent 18x18     ; DSP_X20_Y16_N0 ; Unsigned            ; no                     ; no                     ; --                     ; --                     ; --                     ; --                     ; no              ; no                             ; no                  ; no                            ; no                           ; no                           ;
; vga_wrapper:VGA_DISPLAY|vga:vga_inst|board_display:boardDisp|board_boxes_dynamic:boxes_dynamic|draw_pawn:draw_pawn_3|Mult0~8 ; Two Independent 18x18     ; DSP_X20_Y14_N0 ; Unsigned            ; no                     ; no                     ; --                     ; --                     ; --                     ; --                     ; no              ; no                             ; no                  ; no                            ; no                           ; no                           ;
; vga_wrapper:VGA_DISPLAY|vga:vga_inst|board_display:boardDisp|board_boxes_dynamic:boxes_dynamic|draw_pawn:draw_pawn_3|Mult1~8 ; Two Independent 18x18     ; DSP_X20_Y12_N0 ; Unsigned            ; no                     ; no                     ; --                     ; --                     ; --                     ; --                     ; no              ; no                             ; no                  ; no                            ; no                           ; no                           ;
; vga_wrapper:VGA_DISPLAY|vga:vga_inst|board_display:boardDisp|board_boxes_dynamic:boxes_dynamic|draw_pawn:draw_pawn_3|Mult3~8 ; Two Independent 18x18     ; DSP_X20_Y10_N0 ; Unsigned            ; no                     ; no                     ; --                     ; --                     ; --                     ; --                     ; no              ; no                             ; no                  ; no                            ; no                           ; no                           ;
; monopoly_rng_core:U_RNG|Mult0~mac                                                                                            ; Independent 18x18 plus 36 ; DSP_X54_Y10_N0 ; Unsigned            ; no                     ; no                     ; --                     ; no                     ; no                     ; --                     ; no              ; no                             ; no                  ; no                            ; no                           ; no                           ;
+------------------------------------------------------------------------------------------------------------------------------+---------------------------+----------------+---------------------+------------------------+------------------------+------------------------+------------------------+------------------------+------------------------+-----------------+--------------------------------+---------------------+-------------------------------+------------------------------+------------------------------+


+-------------------------------------------------------------------------+
; Routing Usage Summary                                                   ;
+---------------------------------------------+---------------------------+
; Routing Resource Type                       ; Usage                     ;
+---------------------------------------------+---------------------------+
; Block interconnects                         ; 12,807 / 289,320 ( 4 % )  ;
; C12 interconnects                           ; 101 / 13,420 ( < 1 % )    ;
; C2 interconnects                            ; 3,632 / 119,108 ( 3 % )   ;
; C4 interconnects                            ; 2,038 / 56,300 ( 4 % )    ;
; DQS bus muxes                               ; 0 / 25 ( 0 % )            ;
; DQS-18 I/O buses                            ; 0 / 25 ( 0 % )            ;
; DQS-9 I/O buses                             ; 0 / 25 ( 0 % )            ;
; Direct links                                ; 1,059 / 289,320 ( < 1 % ) ;
; Global clocks                               ; 3 / 16 ( 19 % )           ;
; HPS SDRAM PLL inputs                        ; 0 / 1 ( 0 % )             ;
; HPS SDRAM PLL outputs                       ; 0 / 1 ( 0 % )             ;
; HPS_INTERFACE_BOOT_FROM_FPGA_INPUTs         ; 0 / 9 ( 0 % )             ;
; HPS_INTERFACE_CLOCKS_RESETS_INPUTs          ; 0 / 7 ( 0 % )             ;
; HPS_INTERFACE_CLOCKS_RESETS_OUTPUTs         ; 0 / 6 ( 0 % )             ;
; HPS_INTERFACE_CROSS_TRIGGER_INPUTs          ; 0 / 18 ( 0 % )            ;
; HPS_INTERFACE_CROSS_TRIGGER_OUTPUTs         ; 0 / 24 ( 0 % )            ;
; HPS_INTERFACE_DBG_APB_INPUTs                ; 0 / 37 ( 0 % )            ;
; HPS_INTERFACE_DBG_APB_OUTPUTs               ; 0 / 55 ( 0 % )            ;
; HPS_INTERFACE_DMA_INPUTs                    ; 0 / 16 ( 0 % )            ;
; HPS_INTERFACE_DMA_OUTPUTs                   ; 0 / 8 ( 0 % )             ;
; HPS_INTERFACE_FPGA2HPS_INPUTs               ; 0 / 287 ( 0 % )           ;
; HPS_INTERFACE_FPGA2HPS_OUTPUTs              ; 0 / 154 ( 0 % )           ;
; HPS_INTERFACE_FPGA2SDRAM_INPUTs             ; 0 / 852 ( 0 % )           ;
; HPS_INTERFACE_FPGA2SDRAM_OUTPUTs            ; 0 / 408 ( 0 % )           ;
; HPS_INTERFACE_HPS2FPGA_INPUTs               ; 0 / 165 ( 0 % )           ;
; HPS_INTERFACE_HPS2FPGA_LIGHT_WEIGHT_INPUTs  ; 0 / 67 ( 0 % )            ;
; HPS_INTERFACE_HPS2FPGA_LIGHT_WEIGHT_OUTPUTs ; 0 / 156 ( 0 % )           ;
; HPS_INTERFACE_HPS2FPGA_OUTPUTs              ; 0 / 282 ( 0 % )           ;
; HPS_INTERFACE_INTERRUPTS_INPUTs             ; 0 / 64 ( 0 % )            ;
; HPS_INTERFACE_INTERRUPTS_OUTPUTs            ; 0 / 42 ( 0 % )            ;
; HPS_INTERFACE_JTAG_OUTPUTs                  ; 0 / 5 ( 0 % )             ;
; HPS_INTERFACE_LOAN_IO_INPUTs                ; 0 / 142 ( 0 % )           ;
; HPS_INTERFACE_LOAN_IO_OUTPUTs               ; 0 / 85 ( 0 % )            ;
; HPS_INTERFACE_MPU_EVENT_STANDBY_INPUTs      ; 0 / 1 ( 0 % )             ;
; HPS_INTERFACE_MPU_EVENT_STANDBY_OUTPUTs     ; 0 / 5 ( 0 % )             ;
; HPS_INTERFACE_MPU_GENERAL_PURPOSE_INPUTs    ; 0 / 32 ( 0 % )            ;
; HPS_INTERFACE_MPU_GENERAL_PURPOSE_OUTPUTs   ; 0 / 32 ( 0 % )            ;
; HPS_INTERFACE_PERIPHERAL_CAN_INPUTs         ; 0 / 2 ( 0 % )             ;
; HPS_INTERFACE_PERIPHERAL_CAN_OUTPUTs        ; 0 / 2 ( 0 % )             ;
; HPS_INTERFACE_PERIPHERAL_EMAC_INPUTs        ; 0 / 32 ( 0 % )            ;
; HPS_INTERFACE_PERIPHERAL_EMAC_OUTPUTs       ; 0 / 34 ( 0 % )            ;
; HPS_INTERFACE_PERIPHERAL_I2C_INPUTs         ; 0 / 8 ( 0 % )             ;
; HPS_INTERFACE_PERIPHERAL_I2C_OUTPUTs        ; 0 / 8 ( 0 % )             ;
; HPS_INTERFACE_PERIPHERAL_NAND_INPUTs        ; 0 / 12 ( 0 % )            ;
; HPS_INTERFACE_PERIPHERAL_NAND_OUTPUTs       ; 0 / 18 ( 0 % )            ;
; HPS_INTERFACE_PERIPHERAL_QSPI_INPUTs        ; 0 / 4 ( 0 % )             ;
; HPS_INTERFACE_PERIPHERAL_QSPI_OUTPUTs       ; 0 / 13 ( 0 % )            ;
; HPS_INTERFACE_PERIPHERAL_SDMMC_INPUTs       ; 0 / 13 ( 0 % )            ;
; HPS_INTERFACE_PERIPHERAL_SDMMC_OUTPUTs      ; 0 / 22 ( 0 % )            ;
; HPS_INTERFACE_PERIPHERAL_SPI_MASTER_INPUTs  ; 0 / 4 ( 0 % )             ;
; HPS_INTERFACE_PERIPHERAL_SPI_MASTER_OUTPUTs ; 0 / 14 ( 0 % )            ;
; HPS_INTERFACE_PERIPHERAL_SPI_SLAVE_INPUTs   ; 0 / 6 ( 0 % )             ;
; HPS_INTERFACE_PERIPHERAL_SPI_SLAVE_OUTPUTs  ; 0 / 4 ( 0 % )             ;
; HPS_INTERFACE_PERIPHERAL_UART_INPUTs        ; 0 / 10 ( 0 % )            ;
; HPS_INTERFACE_PERIPHERAL_UART_OUTPUTs       ; 0 / 10 ( 0 % )            ;
; HPS_INTERFACE_PERIPHERAL_USB_INPUTs         ; 0 / 22 ( 0 % )            ;
; HPS_INTERFACE_PERIPHERAL_USB_OUTPUTs        ; 0 / 34 ( 0 % )            ;
; HPS_INTERFACE_STM_EVENT_INPUTs              ; 0 / 28 ( 0 % )            ;
; HPS_INTERFACE_TEST_INPUTs                   ; 0 / 610 ( 0 % )           ;
; HPS_INTERFACE_TEST_OUTPUTs                  ; 0 / 513 ( 0 % )           ;
; HPS_INTERFACE_TPIU_TRACE_INPUTs             ; 0 / 2 ( 0 % )             ;
; HPS_INTERFACE_TPIU_TRACE_OUTPUTs            ; 0 / 33 ( 0 % )            ;
; Horizontal periphery clocks                 ; 0 / 72 ( 0 % )            ;
; Local interconnects                         ; 4,057 / 84,580 ( 5 % )    ;
; Quadrant clocks                             ; 0 / 66 ( 0 % )            ;
; R14 interconnects                           ; 205 / 12,676 ( 2 % )      ;
; R14/C12 interconnect drivers                ; 264 / 20,720 ( 1 % )      ;
; R3 interconnects                            ; 4,938 / 130,992 ( 4 % )   ;
; R6 interconnects                            ; 6,978 / 266,960 ( 3 % )   ;
; Spine clocks                                ; 17 / 360 ( 5 % )          ;
; Wire stub REs                               ; 0 / 15,858 ( 0 % )        ;
+---------------------------------------------+---------------------------+


+------------------------------------------+
; I/O Rules Summary                        ;
+----------------------------------+-------+
; I/O Rules Statistic              ; Total ;
+----------------------------------+-------+
; Total I/O Rules                  ; 28    ;
; Number of I/O Rules Passed       ; 6     ;
; Number of I/O Rules Failed       ; 0     ;
; Number of I/O Rules Unchecked    ; 0     ;
; Number of I/O Rules Inapplicable ; 22    ;
+----------------------------------+-------+


+--------------------------------------------------------------------------------------------------------------------------------------------------------------------------------------------------------------------------------------------------------------------+
; I/O Rules Details                                                                                                                                                                                                                                                  ;
+--------------+-----------+-----------------------------------+------------------------------------------------------------------------------------+----------+--------------------------------------------------------------------------+------+-------------------+
; Status       ; ID        ; Category                          ; Rule Description                                                                   ; Severity ; Information                                                              ; Area ; Extra Information ;
+--------------+-----------+-----------------------------------+------------------------------------------------------------------------------------+----------+--------------------------------------------------------------------------+------+-------------------+
; Pass         ; IO_000001 ; Capacity Checks                   ; Number of pins in an I/O bank should not exceed the number of locations available. ; Critical ; 0 such failures found.                                                   ; I/O  ;                   ;
; Inapplicable ; IO_000002 ; Capacity Checks                   ; Number of clocks in an I/O bank should not exceed the number of clocks available.  ; Critical ; No Global Signal assignments found.                                      ; I/O  ;                   ;
; Pass         ; IO_000003 ; Capacity Checks                   ; Number of pins in a Vrefgroup should not exceed the number of locations available. ; Critical ; 0 such failures found.                                                   ; I/O  ;                   ;
; Inapplicable ; IO_000004 ; Voltage Compatibility Checks      ; The I/O bank should support the requested VCCIO.                                   ; Critical ; No IOBANK_VCCIO assignments found.                                       ; I/O  ;                   ;
; Inapplicable ; IO_000005 ; Voltage Compatibility Checks      ; The I/O bank should not have competing VREF values.                                ; Critical ; No VREF I/O Standard assignments found.                                  ; I/O  ;                   ;
; Pass         ; IO_000006 ; Voltage Compatibility Checks      ; The I/O bank should not have competing VCCIO values.                               ; Critical ; 0 such failures found.                                                   ; I/O  ;                   ;
; Pass         ; IO_000007 ; Valid Location Checks             ; Checks for unavailable locations.                                                  ; Critical ; 0 such failures found.                                                   ; I/O  ;                   ;
; Inapplicable ; IO_000008 ; Valid Location Checks             ; Checks for reserved locations.                                                     ; Critical ; No reserved LogicLock region found.                                      ; I/O  ;                   ;
; Pass         ; IO_000009 ; I/O Properties Checks for One I/O ; The location should support the requested I/O standard.                            ; Critical ; 0 such failures found.                                                   ; I/O  ;                   ;
; Pass         ; IO_000010 ; I/O Properties Checks for One I/O ; The location should support the requested I/O direction.                           ; Critical ; 0 such failures found.                                                   ; I/O  ;                   ;
; Inapplicable ; IO_000011 ; I/O Properties Checks for One I/O ; The location should support the requested Current Strength.                        ; Critical ; No Current Strength assignments found.                                   ; I/O  ;                   ;
; Inapplicable ; IO_000012 ; I/O Properties Checks for One I/O ; The location should support the requested On Chip Termination value.               ; Critical ; No Termination assignments found.                                        ; I/O  ;                   ;
; Inapplicable ; IO_000013 ; I/O Properties Checks for One I/O ; The location should support the requested Bus Hold value.                          ; Critical ; No Enable Bus-Hold Circuitry assignments found.                          ; I/O  ;                   ;
; Inapplicable ; IO_000014 ; I/O Properties Checks for One I/O ; The location should support the requested Weak Pull Up value.                      ; Critical ; No Weak Pull-Up Resistor assignments found.                              ; I/O  ;                   ;
; Inapplicable ; IO_000015 ; I/O Properties Checks for One I/O ; The location should support the requested PCI Clamp Diode.                         ; Critical ; No Clamping Diode assignments found.                                     ; I/O  ;                   ;
; Inapplicable ; IO_000018 ; I/O Properties Checks for One I/O ; The I/O standard should support the requested Current Strength.                    ; Critical ; No Current Strength assignments found.                                   ; I/O  ;                   ;
; Inapplicable ; IO_000019 ; I/O Properties Checks for One I/O ; The I/O standard should support the requested On Chip Termination value.           ; Critical ; No Termination assignments found.                                        ; I/O  ;                   ;
; Inapplicable ; IO_000020 ; I/O Properties Checks for One I/O ; The I/O standard should support the requested PCI Clamp Diode.                     ; Critical ; No Clamping Diode assignments found.                                     ; I/O  ;                   ;
; Inapplicable ; IO_000021 ; I/O Properties Checks for One I/O ; The I/O standard should support the requested Weak Pull Up value.                  ; Critical ; No Weak Pull-Up Resistor assignments found.                              ; I/O  ;                   ;
; Inapplicable ; IO_000022 ; I/O Properties Checks for One I/O ; The I/O standard should support the requested Bus Hold value.                      ; Critical ; No Enable Bus-Hold Circuitry assignments found.                          ; I/O  ;                   ;
; Inapplicable ; IO_000023 ; I/O Properties Checks for One I/O ; The I/O standard should support the Open Drain value.                              ; Critical ; No open drain assignments found.                                         ; I/O  ;                   ;
; Inapplicable ; IO_000024 ; I/O Properties Checks for One I/O ; The I/O direction should support the On Chip Termination value.                    ; Critical ; No Termination assignments found.                                        ; I/O  ;                   ;
; Inapplicable ; IO_000026 ; I/O Properties Checks for One I/O ; On Chip Termination and Current Strength should not be used at the same time.      ; Critical ; No Current Strength or Termination assignments found.                    ; I/O  ;                   ;
; Inapplicable ; IO_000027 ; I/O Properties Checks for One I/O ; Weak Pull Up and Bus Hold should not be used at the same time.                     ; Critical ; No Enable Bus-Hold Circuitry or Weak Pull-Up Resistor assignments found. ; I/O  ;                   ;
; Inapplicable ; IO_000045 ; I/O Properties Checks for One I/O ; The I/O standard should support the requested Slew Rate value.                     ; Critical ; No Slew Rate assignments found.                                          ; I/O  ;                   ;
; Inapplicable ; IO_000046 ; I/O Properties Checks for One I/O ; The location should support the requested Slew Rate value.                         ; Critical ; No Slew Rate assignments found.                                          ; I/O  ;                   ;
; Inapplicable ; IO_000047 ; I/O Properties Checks for One I/O ; On Chip Termination and Slew Rate should not be used at the same time.             ; Critical ; No Slew Rate assignments found.                                          ; I/O  ;                   ;
; Inapplicable ; IO_000034 ; SI Related Distance Checks        ; Single-ended outputs should be 0 LAB row(s) away from a differential I/O.          ; High     ; No Differential I/O Standard assignments found.                          ; I/O  ;                   ;
+--------------+-----------+-----------------------------------+------------------------------------------------------------------------------------+----------+--------------------------------------------------------------------------+------+-------------------+


+--------------------------------------------------------------------------------------------------------------------------------------------------------------------------------------------------------------------------------------------------------------------------------------------------------------------------------------------------------------------------------------------------------------------------------------+
; I/O Rules Matrix                                                                                                                                                                                                                                                                                                                                                                                                                     ;
+--------------------+-----------+--------------+-----------+--------------+--------------+-----------+-----------+--------------+-----------+-----------+--------------+--------------+--------------+--------------+--------------+--------------+--------------+--------------+--------------+--------------+--------------+--------------+--------------+--------------+--------------+--------------+--------------+--------------+
; Pin/Rules          ; IO_000001 ; IO_000002    ; IO_000003 ; IO_000004    ; IO_000005    ; IO_000006 ; IO_000007 ; IO_000008    ; IO_000009 ; IO_000010 ; IO_000011    ; IO_000012    ; IO_000013    ; IO_000014    ; IO_000015    ; IO_000018    ; IO_000019    ; IO_000020    ; IO_000021    ; IO_000022    ; IO_000023    ; IO_000024    ; IO_000026    ; IO_000027    ; IO_000045    ; IO_000046    ; IO_000047    ; IO_000034    ;
+--------------------+-----------+--------------+-----------+--------------+--------------+-----------+-----------+--------------+-----------+-----------+--------------+--------------+--------------+--------------+--------------+--------------+--------------+--------------+--------------+--------------+--------------+--------------+--------------+--------------+--------------+--------------+--------------+--------------+
; Total Pass         ; 74        ; 0            ; 74        ; 0            ; 0            ; 74        ; 74        ; 0            ; 74        ; 74        ; 0            ; 0            ; 0            ; 0            ; 0            ; 0            ; 0            ; 0            ; 0            ; 0            ; 0            ; 0            ; 0            ; 0            ; 0            ; 0            ; 0            ; 0            ;
; Total Unchecked    ; 0         ; 0            ; 0         ; 0            ; 0            ; 0         ; 0         ; 0            ; 0         ; 0         ; 0            ; 0            ; 0            ; 0            ; 0            ; 0            ; 0            ; 0            ; 0            ; 0            ; 0            ; 0            ; 0            ; 0            ; 0            ; 0            ; 0            ; 0            ;
; Total Inapplicable ; 0         ; 74           ; 0         ; 74           ; 74           ; 0         ; 0         ; 74           ; 0         ; 0         ; 74           ; 74           ; 74           ; 74           ; 74           ; 74           ; 74           ; 74           ; 74           ; 74           ; 74           ; 74           ; 74           ; 74           ; 74           ; 74           ; 74           ; 74           ;
; Total Fail         ; 0         ; 0            ; 0         ; 0            ; 0            ; 0         ; 0         ; 0            ; 0         ; 0         ; 0            ; 0            ; 0            ; 0            ; 0            ; 0            ; 0            ; 0            ; 0            ; 0            ; 0            ; 0            ; 0            ; 0            ; 0            ; 0            ; 0            ; 0            ;
; KEY[3]             ; Pass      ; Inapplicable ; Pass      ; Inapplicable ; Inapplicable ; Pass      ; Pass      ; Inapplicable ; Pass      ; Pass      ; Inapplicable ; Inapplicable ; Inapplicable ; Inapplicable ; Inapplicable ; Inapplicable ; Inapplicable ; Inapplicable ; Inapplicable ; Inapplicable ; Inapplicable ; Inapplicable ; Inapplicable ; Inapplicable ; Inapplicable ; Inapplicable ; Inapplicable ; Inapplicable ;
; SW[1]              ; Pass      ; Inapplicable ; Pass      ; Inapplicable ; Inapplicable ; Pass      ; Pass      ; Inapplicable ; Pass      ; Pass      ; Inapplicable ; Inapplicable ; Inapplicable ; Inapplicable ; Inapplicable ; Inapplicable ; Inapplicable ; Inapplicable ; Inapplicable ; Inapplicable ; Inapplicable ; Inapplicable ; Inapplicable ; Inapplicable ; Inapplicable ; Inapplicable ; Inapplicable ; Inapplicable ;
; VGA_CLK            ; Pass      ; Inapplicable ; Pass      ; Inapplicable ; Inapplicable ; Pass      ; Pass      ; Inapplicable ; Pass      ; Pass      ; Inapplicable ; Inapplicable ; Inapplicable ; Inapplicable ; Inapplicable ; Inapplicable ; Inapplicable ; Inapplicable ; Inapplicable ; Inapplicable ; Inapplicable ; Inapplicable ; Inapplicable ; Inapplicable ; Inapplicable ; Inapplicable ; Inapplicable ; Inapplicable ;
; VGA_HS             ; Pass      ; Inapplicable ; Pass      ; Inapplicable ; Inapplicable ; Pass      ; Pass      ; Inapplicable ; Pass      ; Pass      ; Inapplicable ; Inapplicable ; Inapplicable ; Inapplicable ; Inapplicable ; Inapplicable ; Inapplicable ; Inapplicable ; Inapplicable ; Inapplicable ; Inapplicable ; Inapplicable ; Inapplicable ; Inapplicable ; Inapplicable ; Inapplicable ; Inapplicable ; Inapplicable ;
; VGA_VS             ; Pass      ; Inapplicable ; Pass      ; Inapplicable ; Inapplicable ; Pass      ; Pass      ; Inapplicable ; Pass      ; Pass      ; Inapplicable ; Inapplicable ; Inapplicable ; Inapplicable ; Inapplicable ; Inapplicable ; Inapplicable ; Inapplicable ; Inapplicable ; Inapplicable ; Inapplicable ; Inapplicable ; Inapplicable ; Inapplicable ; Inapplicable ; Inapplicable ; Inapplicable ; Inapplicable ;
; VGA_SYNC_N         ; Pass      ; Inapplicable ; Pass      ; Inapplicable ; Inapplicable ; Pass      ; Pass      ; Inapplicable ; Pass      ; Pass      ; Inapplicable ; Inapplicable ; Inapplicable ; Inapplicable ; Inapplicable ; Inapplicable ; Inapplicable ; Inapplicable ; Inapplicable ; Inapplicable ; Inapplicable ; Inapplicable ; Inapplicable ; Inapplicable ; Inapplicable ; Inapplicable ; Inapplicable ; Inapplicable ;
; VGA_BLANK_N        ; Pass      ; Inapplicable ; Pass      ; Inapplicable ; Inapplicable ; Pass      ; Pass      ; Inapplicable ; Pass      ; Pass      ; Inapplicable ; Inapplicable ; Inapplicable ; Inapplicable ; Inapplicable ; Inapplicable ; Inapplicable ; Inapplicable ; Inapplicable ; Inapplicable ; Inapplicable ; Inapplicable ; Inapplicable ; Inapplicable ; Inapplicable ; Inapplicable ; Inapplicable ; Inapplicable ;
; VGA_R[0]           ; Pass      ; Inapplicable ; Pass      ; Inapplicable ; Inapplicable ; Pass      ; Pass      ; Inapplicable ; Pass      ; Pass      ; Inapplicable ; Inapplicable ; Inapplicable ; Inapplicable ; Inapplicable ; Inapplicable ; Inapplicable ; Inapplicable ; Inapplicable ; Inapplicable ; Inapplicable ; Inapplicable ; Inapplicable ; Inapplicable ; Inapplicable ; Inapplicable ; Inapplicable ; Inapplicable ;
; VGA_R[1]           ; Pass      ; Inapplicable ; Pass      ; Inapplicable ; Inapplicable ; Pass      ; Pass      ; Inapplicable ; Pass      ; Pass      ; Inapplicable ; Inapplicable ; Inapplicable ; Inapplicable ; Inapplicable ; Inapplicable ; Inapplicable ; Inapplicable ; Inapplicable ; Inapplicable ; Inapplicable ; Inapplicable ; Inapplicable ; Inapplicable ; Inapplicable ; Inapplicable ; Inapplicable ; Inapplicable ;
; VGA_R[2]           ; Pass      ; Inapplicable ; Pass      ; Inapplicable ; Inapplicable ; Pass      ; Pass      ; Inapplicable ; Pass      ; Pass      ; Inapplicable ; Inapplicable ; Inapplicable ; Inapplicable ; Inapplicable ; Inapplicable ; Inapplicable ; Inapplicable ; Inapplicable ; Inapplicable ; Inapplicable ; Inapplicable ; Inapplicable ; Inapplicable ; Inapplicable ; Inapplicable ; Inapplicable ; Inapplicable ;
; VGA_R[3]           ; Pass      ; Inapplicable ; Pass      ; Inapplicable ; Inapplicable ; Pass      ; Pass      ; Inapplicable ; Pass      ; Pass      ; Inapplicable ; Inapplicable ; Inapplicable ; Inapplicable ; Inapplicable ; Inapplicable ; Inapplicable ; Inapplicable ; Inapplicable ; Inapplicable ; Inapplicable ; Inapplicable ; Inapplicable ; Inapplicable ; Inapplicable ; Inapplicable ; Inapplicable ; Inapplicable ;
; VGA_R[4]           ; Pass      ; Inapplicable ; Pass      ; Inapplicable ; Inapplicable ; Pass      ; Pass      ; Inapplicable ; Pass      ; Pass      ; Inapplicable ; Inapplicable ; Inapplicable ; Inapplicable ; Inapplicable ; Inapplicable ; Inapplicable ; Inapplicable ; Inapplicable ; Inapplicable ; Inapplicable ; Inapplicable ; Inapplicable ; Inapplicable ; Inapplicable ; Inapplicable ; Inapplicable ; Inapplicable ;
; VGA_R[5]           ; Pass      ; Inapplicable ; Pass      ; Inapplicable ; Inapplicable ; Pass      ; Pass      ; Inapplicable ; Pass      ; Pass      ; Inapplicable ; Inapplicable ; Inapplicable ; Inapplicable ; Inapplicable ; Inapplicable ; Inapplicable ; Inapplicable ; Inapplicable ; Inapplicable ; Inapplicable ; Inapplicable ; Inapplicable ; Inapplicable ; Inapplicable ; Inapplicable ; Inapplicable ; Inapplicable ;
; VGA_R[6]           ; Pass      ; Inapplicable ; Pass      ; Inapplicable ; Inapplicable ; Pass      ; Pass      ; Inapplicable ; Pass      ; Pass      ; Inapplicable ; Inapplicable ; Inapplicable ; Inapplicable ; Inapplicable ; Inapplicable ; Inapplicable ; Inapplicable ; Inapplicable ; Inapplicable ; Inapplicable ; Inapplicable ; Inapplicable ; Inapplicable ; Inapplicable ; Inapplicable ; Inapplicable ; Inapplicable ;
; VGA_R[7]           ; Pass      ; Inapplicable ; Pass      ; Inapplicable ; Inapplicable ; Pass      ; Pass      ; Inapplicable ; Pass      ; Pass      ; Inapplicable ; Inapplicable ; Inapplicable ; Inapplicable ; Inapplicable ; Inapplicable ; Inapplicable ; Inapplicable ; Inapplicable ; Inapplicable ; Inapplicable ; Inapplicable ; Inapplicable ; Inapplicable ; Inapplicable ; Inapplicable ; Inapplicable ; Inapplicable ;
; VGA_G[0]           ; Pass      ; Inapplicable ; Pass      ; Inapplicable ; Inapplicable ; Pass      ; Pass      ; Inapplicable ; Pass      ; Pass      ; Inapplicable ; Inapplicable ; Inapplicable ; Inapplicable ; Inapplicable ; Inapplicable ; Inapplicable ; Inapplicable ; Inapplicable ; Inapplicable ; Inapplicable ; Inapplicable ; Inapplicable ; Inapplicable ; Inapplicable ; Inapplicable ; Inapplicable ; Inapplicable ;
; VGA_G[1]           ; Pass      ; Inapplicable ; Pass      ; Inapplicable ; Inapplicable ; Pass      ; Pass      ; Inapplicable ; Pass      ; Pass      ; Inapplicable ; Inapplicable ; Inapplicable ; Inapplicable ; Inapplicable ; Inapplicable ; Inapplicable ; Inapplicable ; Inapplicable ; Inapplicable ; Inapplicable ; Inapplicable ; Inapplicable ; Inapplicable ; Inapplicable ; Inapplicable ; Inapplicable ; Inapplicable ;
; VGA_G[2]           ; Pass      ; Inapplicable ; Pass      ; Inapplicable ; Inapplicable ; Pass      ; Pass      ; Inapplicable ; Pass      ; Pass      ; Inapplicable ; Inapplicable ; Inapplicable ; Inapplicable ; Inapplicable ; Inapplicable ; Inapplicable ; Inapplicable ; Inapplicable ; Inapplicable ; Inapplicable ; Inapplicable ; Inapplicable ; Inapplicable ; Inapplicable ; Inapplicable ; Inapplicable ; Inapplicable ;
; VGA_G[3]           ; Pass      ; Inapplicable ; Pass      ; Inapplicable ; Inapplicable ; Pass      ; Pass      ; Inapplicable ; Pass      ; Pass      ; Inapplicable ; Inapplicable ; Inapplicable ; Inapplicable ; Inapplicable ; Inapplicable ; Inapplicable ; Inapplicable ; Inapplicable ; Inapplicable ; Inapplicable ; Inapplicable ; Inapplicable ; Inapplicable ; Inapplicable ; Inapplicable ; Inapplicable ; Inapplicable ;
; VGA_G[4]           ; Pass      ; Inapplicable ; Pass      ; Inapplicable ; Inapplicable ; Pass      ; Pass      ; Inapplicable ; Pass      ; Pass      ; Inapplicable ; Inapplicable ; Inapplicable ; Inapplicable ; Inapplicable ; Inapplicable ; Inapplicable ; Inapplicable ; Inapplicable ; Inapplicable ; Inapplicable ; Inapplicable ; Inapplicable ; Inapplicable ; Inapplicable ; Inapplicable ; Inapplicable ; Inapplicable ;
; VGA_G[5]           ; Pass      ; Inapplicable ; Pass      ; Inapplicable ; Inapplicable ; Pass      ; Pass      ; Inapplicable ; Pass      ; Pass      ; Inapplicable ; Inapplicable ; Inapplicable ; Inapplicable ; Inapplicable ; Inapplicable ; Inapplicable ; Inapplicable ; Inapplicable ; Inapplicable ; Inapplicable ; Inapplicable ; Inapplicable ; Inapplicable ; Inapplicable ; Inapplicable ; Inapplicable ; Inapplicable ;
; VGA_G[6]           ; Pass      ; Inapplicable ; Pass      ; Inapplicable ; Inapplicable ; Pass      ; Pass      ; Inapplicable ; Pass      ; Pass      ; Inapplicable ; Inapplicable ; Inapplicable ; Inapplicable ; Inapplicable ; Inapplicable ; Inapplicable ; Inapplicable ; Inapplicable ; Inapplicable ; Inapplicable ; Inapplicable ; Inapplicable ; Inapplicable ; Inapplicable ; Inapplicable ; Inapplicable ; Inapplicable ;
; VGA_G[7]           ; Pass      ; Inapplicable ; Pass      ; Inapplicable ; Inapplicable ; Pass      ; Pass      ; Inapplicable ; Pass      ; Pass      ; Inapplicable ; Inapplicable ; Inapplicable ; Inapplicable ; Inapplicable ; Inapplicable ; Inapplicable ; Inapplicable ; Inapplicable ; Inapplicable ; Inapplicable ; Inapplicable ; Inapplicable ; Inapplicable ; Inapplicable ; Inapplicable ; Inapplicable ; Inapplicable ;
; VGA_B[0]           ; Pass      ; Inapplicable ; Pass      ; Inapplicable ; Inapplicable ; Pass      ; Pass      ; Inapplicable ; Pass      ; Pass      ; Inapplicable ; Inapplicable ; Inapplicable ; Inapplicable ; Inapplicable ; Inapplicable ; Inapplicable ; Inapplicable ; Inapplicable ; Inapplicable ; Inapplicable ; Inapplicable ; Inapplicable ; Inapplicable ; Inapplicable ; Inapplicable ; Inapplicable ; Inapplicable ;
; VGA_B[1]           ; Pass      ; Inapplicable ; Pass      ; Inapplicable ; Inapplicable ; Pass      ; Pass      ; Inapplicable ; Pass      ; Pass      ; Inapplicable ; Inapplicable ; Inapplicable ; Inapplicable ; Inapplicable ; Inapplicable ; Inapplicable ; Inapplicable ; Inapplicable ; Inapplicable ; Inapplicable ; Inapplicable ; Inapplicable ; Inapplicable ; Inapplicable ; Inapplicable ; Inapplicable ; Inapplicable ;
; VGA_B[2]           ; Pass      ; Inapplicable ; Pass      ; Inapplicable ; Inapplicable ; Pass      ; Pass      ; Inapplicable ; Pass      ; Pass      ; Inapplicable ; Inapplicable ; Inapplicable ; Inapplicable ; Inapplicable ; Inapplicable ; Inapplicable ; Inapplicable ; Inapplicable ; Inapplicable ; Inapplicable ; Inapplicable ; Inapplicable ; Inapplicable ; Inapplicable ; Inapplicable ; Inapplicable ; Inapplicable ;
; VGA_B[3]           ; Pass      ; Inapplicable ; Pass      ; Inapplicable ; Inapplicable ; Pass      ; Pass      ; Inapplicable ; Pass      ; Pass      ; Inapplicable ; Inapplicable ; Inapplicable ; Inapplicable ; Inapplicable ; Inapplicable ; Inapplicable ; Inapplicable ; Inapplicable ; Inapplicable ; Inapplicable ; Inapplicable ; Inapplicable ; Inapplicable ; Inapplicable ; Inapplicable ; Inapplicable ; Inapplicable ;
; VGA_B[4]           ; Pass      ; Inapplicable ; Pass      ; Inapplicable ; Inapplicable ; Pass      ; Pass      ; Inapplicable ; Pass      ; Pass      ; Inapplicable ; Inapplicable ; Inapplicable ; Inapplicable ; Inapplicable ; Inapplicable ; Inapplicable ; Inapplicable ; Inapplicable ; Inapplicable ; Inapplicable ; Inapplicable ; Inapplicable ; Inapplicable ; Inapplicable ; Inapplicable ; Inapplicable ; Inapplicable ;
; VGA_B[5]           ; Pass      ; Inapplicable ; Pass      ; Inapplicable ; Inapplicable ; Pass      ; Pass      ; Inapplicable ; Pass      ; Pass      ; Inapplicable ; Inapplicable ; Inapplicable ; Inapplicable ; Inapplicable ; Inapplicable ; Inapplicable ; Inapplicable ; Inapplicable ; Inapplicable ; Inapplicable ; Inapplicable ; Inapplicable ; Inapplicable ; Inapplicable ; Inapplicable ; Inapplicable ; Inapplicable ;
; VGA_B[6]           ; Pass      ; Inapplicable ; Pass      ; Inapplicable ; Inapplicable ; Pass      ; Pass      ; Inapplicable ; Pass      ; Pass      ; Inapplicable ; Inapplicable ; Inapplicable ; Inapplicable ; Inapplicable ; Inapplicable ; Inapplicable ; Inapplicable ; Inapplicable ; Inapplicable ; Inapplicable ; Inapplicable ; Inapplicable ; Inapplicable ; Inapplicable ; Inapplicable ; Inapplicable ; Inapplicable ;
; VGA_B[7]           ; Pass      ; Inapplicable ; Pass      ; Inapplicable ; Inapplicable ; Pass      ; Pass      ; Inapplicable ; Pass      ; Pass      ; Inapplicable ; Inapplicable ; Inapplicable ; Inapplicable ; Inapplicable ; Inapplicable ; Inapplicable ; Inapplicable ; Inapplicable ; Inapplicable ; Inapplicable ; Inapplicable ; Inapplicable ; Inapplicable ; Inapplicable ; Inapplicable ; Inapplicable ; Inapplicable ;
; HEX0[0]            ; Pass      ; Inapplicable ; Pass      ; Inapplicable ; Inapplicable ; Pass      ; Pass      ; Inapplicable ; Pass      ; Pass      ; Inapplicable ; Inapplicable ; Inapplicable ; Inapplicable ; Inapplicable ; Inapplicable ; Inapplicable ; Inapplicable ; Inapplicable ; Inapplicable ; Inapplicable ; Inapplicable ; Inapplicable ; Inapplicable ; Inapplicable ; Inapplicable ; Inapplicable ; Inapplicable ;
; HEX0[1]            ; Pass      ; Inapplicable ; Pass      ; Inapplicable ; Inapplicable ; Pass      ; Pass      ; Inapplicable ; Pass      ; Pass      ; Inapplicable ; Inapplicable ; Inapplicable ; Inapplicable ; Inapplicable ; Inapplicable ; Inapplicable ; Inapplicable ; Inapplicable ; Inapplicable ; Inapplicable ; Inapplicable ; Inapplicable ; Inapplicable ; Inapplicable ; Inapplicable ; Inapplicable ; Inapplicable ;
; HEX0[2]            ; Pass      ; Inapplicable ; Pass      ; Inapplicable ; Inapplicable ; Pass      ; Pass      ; Inapplicable ; Pass      ; Pass      ; Inapplicable ; Inapplicable ; Inapplicable ; Inapplicable ; Inapplicable ; Inapplicable ; Inapplicable ; Inapplicable ; Inapplicable ; Inapplicable ; Inapplicable ; Inapplicable ; Inapplicable ; Inapplicable ; Inapplicable ; Inapplicable ; Inapplicable ; Inapplicable ;
; HEX0[3]            ; Pass      ; Inapplicable ; Pass      ; Inapplicable ; Inapplicable ; Pass      ; Pass      ; Inapplicable ; Pass      ; Pass      ; Inapplicable ; Inapplicable ; Inapplicable ; Inapplicable ; Inapplicable ; Inapplicable ; Inapplicable ; Inapplicable ; Inapplicable ; Inapplicable ; Inapplicable ; Inapplicable ; Inapplicable ; Inapplicable ; Inapplicable ; Inapplicable ; Inapplicable ; Inapplicable ;
; HEX0[4]            ; Pass      ; Inapplicable ; Pass      ; Inapplicable ; Inapplicable ; Pass      ; Pass      ; Inapplicable ; Pass      ; Pass      ; Inapplicable ; Inapplicable ; Inapplicable ; Inapplicable ; Inapplicable ; Inapplicable ; Inapplicable ; Inapplicable ; Inapplicable ; Inapplicable ; Inapplicable ; Inapplicable ; Inapplicable ; Inapplicable ; Inapplicable ; Inapplicable ; Inapplicable ; Inapplicable ;
; HEX0[5]            ; Pass      ; Inapplicable ; Pass      ; Inapplicable ; Inapplicable ; Pass      ; Pass      ; Inapplicable ; Pass      ; Pass      ; Inapplicable ; Inapplicable ; Inapplicable ; Inapplicable ; Inapplicable ; Inapplicable ; Inapplicable ; Inapplicable ; Inapplicable ; Inapplicable ; Inapplicable ; Inapplicable ; Inapplicable ; Inapplicable ; Inapplicable ; Inapplicable ; Inapplicable ; Inapplicable ;
; HEX0[6]            ; Pass      ; Inapplicable ; Pass      ; Inapplicable ; Inapplicable ; Pass      ; Pass      ; Inapplicable ; Pass      ; Pass      ; Inapplicable ; Inapplicable ; Inapplicable ; Inapplicable ; Inapplicable ; Inapplicable ; Inapplicable ; Inapplicable ; Inapplicable ; Inapplicable ; Inapplicable ; Inapplicable ; Inapplicable ; Inapplicable ; Inapplicable ; Inapplicable ; Inapplicable ; Inapplicable ;
; HEX1[0]            ; Pass      ; Inapplicable ; Pass      ; Inapplicable ; Inapplicable ; Pass      ; Pass      ; Inapplicable ; Pass      ; Pass      ; Inapplicable ; Inapplicable ; Inapplicable ; Inapplicable ; Inapplicable ; Inapplicable ; Inapplicable ; Inapplicable ; Inapplicable ; Inapplicable ; Inapplicable ; Inapplicable ; Inapplicable ; Inapplicable ; Inapplicable ; Inapplicable ; Inapplicable ; Inapplicable ;
; HEX1[1]            ; Pass      ; Inapplicable ; Pass      ; Inapplicable ; Inapplicable ; Pass      ; Pass      ; Inapplicable ; Pass      ; Pass      ; Inapplicable ; Inapplicable ; Inapplicable ; Inapplicable ; Inapplicable ; Inapplicable ; Inapplicable ; Inapplicable ; Inapplicable ; Inapplicable ; Inapplicable ; Inapplicable ; Inapplicable ; Inapplicable ; Inapplicable ; Inapplicable ; Inapplicable ; Inapplicable ;
; HEX1[2]            ; Pass      ; Inapplicable ; Pass      ; Inapplicable ; Inapplicable ; Pass      ; Pass      ; Inapplicable ; Pass      ; Pass      ; Inapplicable ; Inapplicable ; Inapplicable ; Inapplicable ; Inapplicable ; Inapplicable ; Inapplicable ; Inapplicable ; Inapplicable ; Inapplicable ; Inapplicable ; Inapplicable ; Inapplicable ; Inapplicable ; Inapplicable ; Inapplicable ; Inapplicable ; Inapplicable ;
; HEX1[3]            ; Pass      ; Inapplicable ; Pass      ; Inapplicable ; Inapplicable ; Pass      ; Pass      ; Inapplicable ; Pass      ; Pass      ; Inapplicable ; Inapplicable ; Inapplicable ; Inapplicable ; Inapplicable ; Inapplicable ; Inapplicable ; Inapplicable ; Inapplicable ; Inapplicable ; Inapplicable ; Inapplicable ; Inapplicable ; Inapplicable ; Inapplicable ; Inapplicable ; Inapplicable ; Inapplicable ;
; HEX1[4]            ; Pass      ; Inapplicable ; Pass      ; Inapplicable ; Inapplicable ; Pass      ; Pass      ; Inapplicable ; Pass      ; Pass      ; Inapplicable ; Inapplicable ; Inapplicable ; Inapplicable ; Inapplicable ; Inapplicable ; Inapplicable ; Inapplicable ; Inapplicable ; Inapplicable ; Inapplicable ; Inapplicable ; Inapplicable ; Inapplicable ; Inapplicable ; Inapplicable ; Inapplicable ; Inapplicable ;
; HEX1[5]            ; Pass      ; Inapplicable ; Pass      ; Inapplicable ; Inapplicable ; Pass      ; Pass      ; Inapplicable ; Pass      ; Pass      ; Inapplicable ; Inapplicable ; Inapplicable ; Inapplicable ; Inapplicable ; Inapplicable ; Inapplicable ; Inapplicable ; Inapplicable ; Inapplicable ; Inapplicable ; Inapplicable ; Inapplicable ; Inapplicable ; Inapplicable ; Inapplicable ; Inapplicable ; Inapplicable ;
; HEX1[6]            ; Pass      ; Inapplicable ; Pass      ; Inapplicable ; Inapplicable ; Pass      ; Pass      ; Inapplicable ; Pass      ; Pass      ; Inapplicable ; Inapplicable ; Inapplicable ; Inapplicable ; Inapplicable ; Inapplicable ; Inapplicable ; Inapplicable ; Inapplicable ; Inapplicable ; Inapplicable ; Inapplicable ; Inapplicable ; Inapplicable ; Inapplicable ; Inapplicable ; Inapplicable ; Inapplicable ;
; HEX2[0]            ; Pass      ; Inapplicable ; Pass      ; Inapplicable ; Inapplicable ; Pass      ; Pass      ; Inapplicable ; Pass      ; Pass      ; Inapplicable ; Inapplicable ; Inapplicable ; Inapplicable ; Inapplicable ; Inapplicable ; Inapplicable ; Inapplicable ; Inapplicable ; Inapplicable ; Inapplicable ; Inapplicable ; Inapplicable ; Inapplicable ; Inapplicable ; Inapplicable ; Inapplicable ; Inapplicable ;
; HEX2[1]            ; Pass      ; Inapplicable ; Pass      ; Inapplicable ; Inapplicable ; Pass      ; Pass      ; Inapplicable ; Pass      ; Pass      ; Inapplicable ; Inapplicable ; Inapplicable ; Inapplicable ; Inapplicable ; Inapplicable ; Inapplicable ; Inapplicable ; Inapplicable ; Inapplicable ; Inapplicable ; Inapplicable ; Inapplicable ; Inapplicable ; Inapplicable ; Inapplicable ; Inapplicable ; Inapplicable ;
; HEX2[2]            ; Pass      ; Inapplicable ; Pass      ; Inapplicable ; Inapplicable ; Pass      ; Pass      ; Inapplicable ; Pass      ; Pass      ; Inapplicable ; Inapplicable ; Inapplicable ; Inapplicable ; Inapplicable ; Inapplicable ; Inapplicable ; Inapplicable ; Inapplicable ; Inapplicable ; Inapplicable ; Inapplicable ; Inapplicable ; Inapplicable ; Inapplicable ; Inapplicable ; Inapplicable ; Inapplicable ;
; HEX2[3]            ; Pass      ; Inapplicable ; Pass      ; Inapplicable ; Inapplicable ; Pass      ; Pass      ; Inapplicable ; Pass      ; Pass      ; Inapplicable ; Inapplicable ; Inapplicable ; Inapplicable ; Inapplicable ; Inapplicable ; Inapplicable ; Inapplicable ; Inapplicable ; Inapplicable ; Inapplicable ; Inapplicable ; Inapplicable ; Inapplicable ; Inapplicable ; Inapplicable ; Inapplicable ; Inapplicable ;
; HEX2[4]            ; Pass      ; Inapplicable ; Pass      ; Inapplicable ; Inapplicable ; Pass      ; Pass      ; Inapplicable ; Pass      ; Pass      ; Inapplicable ; Inapplicable ; Inapplicable ; Inapplicable ; Inapplicable ; Inapplicable ; Inapplicable ; Inapplicable ; Inapplicable ; Inapplicable ; Inapplicable ; Inapplicable ; Inapplicable ; Inapplicable ; Inapplicable ; Inapplicable ; Inapplicable ; Inapplicable ;
; HEX2[5]            ; Pass      ; Inapplicable ; Pass      ; Inapplicable ; Inapplicable ; Pass      ; Pass      ; Inapplicable ; Pass      ; Pass      ; Inapplicable ; Inapplicable ; Inapplicable ; Inapplicable ; Inapplicable ; Inapplicable ; Inapplicable ; Inapplicable ; Inapplicable ; Inapplicable ; Inapplicable ; Inapplicable ; Inapplicable ; Inapplicable ; Inapplicable ; Inapplicable ; Inapplicable ; Inapplicable ;
; HEX2[6]            ; Pass      ; Inapplicable ; Pass      ; Inapplicable ; Inapplicable ; Pass      ; Pass      ; Inapplicable ; Pass      ; Pass      ; Inapplicable ; Inapplicable ; Inapplicable ; Inapplicable ; Inapplicable ; Inapplicable ; Inapplicable ; Inapplicable ; Inapplicable ; Inapplicable ; Inapplicable ; Inapplicable ; Inapplicable ; Inapplicable ; Inapplicable ; Inapplicable ; Inapplicable ; Inapplicable ;
; HEX3[0]            ; Pass      ; Inapplicable ; Pass      ; Inapplicable ; Inapplicable ; Pass      ; Pass      ; Inapplicable ; Pass      ; Pass      ; Inapplicable ; Inapplicable ; Inapplicable ; Inapplicable ; Inapplicable ; Inapplicable ; Inapplicable ; Inapplicable ; Inapplicable ; Inapplicable ; Inapplicable ; Inapplicable ; Inapplicable ; Inapplicable ; Inapplicable ; Inapplicable ; Inapplicable ; Inapplicable ;
; HEX3[1]            ; Pass      ; Inapplicable ; Pass      ; Inapplicable ; Inapplicable ; Pass      ; Pass      ; Inapplicable ; Pass      ; Pass      ; Inapplicable ; Inapplicable ; Inapplicable ; Inapplicable ; Inapplicable ; Inapplicable ; Inapplicable ; Inapplicable ; Inapplicable ; Inapplicable ; Inapplicable ; Inapplicable ; Inapplicable ; Inapplicable ; Inapplicable ; Inapplicable ; Inapplicable ; Inapplicable ;
; HEX3[2]            ; Pass      ; Inapplicable ; Pass      ; Inapplicable ; Inapplicable ; Pass      ; Pass      ; Inapplicable ; Pass      ; Pass      ; Inapplicable ; Inapplicable ; Inapplicable ; Inapplicable ; Inapplicable ; Inapplicable ; Inapplicable ; Inapplicable ; Inapplicable ; Inapplicable ; Inapplicable ; Inapplicable ; Inapplicable ; Inapplicable ; Inapplicable ; Inapplicable ; Inapplicable ; Inapplicable ;
; HEX3[3]            ; Pass      ; Inapplicable ; Pass      ; Inapplicable ; Inapplicable ; Pass      ; Pass      ; Inapplicable ; Pass      ; Pass      ; Inapplicable ; Inapplicable ; Inapplicable ; Inapplicable ; Inapplicable ; Inapplicable ; Inapplicable ; Inapplicable ; Inapplicable ; Inapplicable ; Inapplicable ; Inapplicable ; Inapplicable ; Inapplicable ; Inapplicable ; Inapplicable ; Inapplicable ; Inapplicable ;
; HEX3[4]            ; Pass      ; Inapplicable ; Pass      ; Inapplicable ; Inapplicable ; Pass      ; Pass      ; Inapplicable ; Pass      ; Pass      ; Inapplicable ; Inapplicable ; Inapplicable ; Inapplicable ; Inapplicable ; Inapplicable ; Inapplicable ; Inapplicable ; Inapplicable ; Inapplicable ; Inapplicable ; Inapplicable ; Inapplicable ; Inapplicable ; Inapplicable ; Inapplicable ; Inapplicable ; Inapplicable ;
; HEX3[5]            ; Pass      ; Inapplicable ; Pass      ; Inapplicable ; Inapplicable ; Pass      ; Pass      ; Inapplicable ; Pass      ; Pass      ; Inapplicable ; Inapplicable ; Inapplicable ; Inapplicable ; Inapplicable ; Inapplicable ; Inapplicable ; Inapplicable ; Inapplicable ; Inapplicable ; Inapplicable ; Inapplicable ; Inapplicable ; Inapplicable ; Inapplicable ; Inapplicable ; Inapplicable ; Inapplicable ;
; HEX3[6]            ; Pass      ; Inapplicable ; Pass      ; Inapplicable ; Inapplicable ; Pass      ; Pass      ; Inapplicable ; Pass      ; Pass      ; Inapplicable ; Inapplicable ; Inapplicable ; Inapplicable ; Inapplicable ; Inapplicable ; Inapplicable ; Inapplicable ; Inapplicable ; Inapplicable ; Inapplicable ; Inapplicable ; Inapplicable ; Inapplicable ; Inapplicable ; Inapplicable ; Inapplicable ; Inapplicable ;
; GPIO_0[0]          ; Pass      ; Inapplicable ; Pass      ; Inapplicable ; Inapplicable ; Pass      ; Pass      ; Inapplicable ; Pass      ; Pass      ; Inapplicable ; Inapplicable ; Inapplicable ; Inapplicable ; Inapplicable ; Inapplicable ; Inapplicable ; Inapplicable ; Inapplicable ; Inapplicable ; Inapplicable ; Inapplicable ; Inapplicable ; Inapplicable ; Inapplicable ; Inapplicable ; Inapplicable ; Inapplicable ;
; GPIO_0[1]          ; Pass      ; Inapplicable ; Pass      ; Inapplicable ; Inapplicable ; Pass      ; Pass      ; Inapplicable ; Pass      ; Pass      ; Inapplicable ; Inapplicable ; Inapplicable ; Inapplicable ; Inapplicable ; Inapplicable ; Inapplicable ; Inapplicable ; Inapplicable ; Inapplicable ; Inapplicable ; Inapplicable ; Inapplicable ; Inapplicable ; Inapplicable ; Inapplicable ; Inapplicable ; Inapplicable ;
; CLOCK_50           ; Pass      ; Inapplicable ; Pass      ; Inapplicable ; Inapplicable ; Pass      ; Pass      ; Inapplicable ; Pass      ; Pass      ; Inapplicable ; Inapplicable ; Inapplicable ; Inapplicable ; Inapplicable ; Inapplicable ; Inapplicable ; Inapplicable ; Inapplicable ; Inapplicable ; Inapplicable ; Inapplicable ; Inapplicable ; Inapplicable ; Inapplicable ; Inapplicable ; Inapplicable ; Inapplicable ;
; SW[0]              ; Pass      ; Inapplicable ; Pass      ; Inapplicable ; Inapplicable ; Pass      ; Pass      ; Inapplicable ; Pass      ; Pass      ; Inapplicable ; Inapplicable ; Inapplicable ; Inapplicable ; Inapplicable ; Inapplicable ; Inapplicable ; Inapplicable ; Inapplicable ; Inapplicable ; Inapplicable ; Inapplicable ; Inapplicable ; Inapplicable ; Inapplicable ; Inapplicable ; Inapplicable ; Inapplicable ;
; SW[9]              ; Pass      ; Inapplicable ; Pass      ; Inapplicable ; Inapplicable ; Pass      ; Pass      ; Inapplicable ; Pass      ; Pass      ; Inapplicable ; Inapplicable ; Inapplicable ; Inapplicable ; Inapplicable ; Inapplicable ; Inapplicable ; Inapplicable ; Inapplicable ; Inapplicable ; Inapplicable ; Inapplicable ; Inapplicable ; Inapplicable ; Inapplicable ; Inapplicable ; Inapplicable ; Inapplicable ;
; SW[4]              ; Pass      ; Inapplicable ; Pass      ; Inapplicable ; Inapplicable ; Pass      ; Pass      ; Inapplicable ; Pass      ; Pass      ; Inapplicable ; Inapplicable ; Inapplicable ; Inapplicable ; Inapplicable ; Inapplicable ; Inapplicable ; Inapplicable ; Inapplicable ; Inapplicable ; Inapplicable ; Inapplicable ; Inapplicable ; Inapplicable ; Inapplicable ; Inapplicable ; Inapplicable ; Inapplicable ;
; SW[5]              ; Pass      ; Inapplicable ; Pass      ; Inapplicable ; Inapplicable ; Pass      ; Pass      ; Inapplicable ; Pass      ; Pass      ; Inapplicable ; Inapplicable ; Inapplicable ; Inapplicable ; Inapplicable ; Inapplicable ; Inapplicable ; Inapplicable ; Inapplicable ; Inapplicable ; Inapplicable ; Inapplicable ; Inapplicable ; Inapplicable ; Inapplicable ; Inapplicable ; Inapplicable ; Inapplicable ;
; SW[6]              ; Pass      ; Inapplicable ; Pass      ; Inapplicable ; Inapplicable ; Pass      ; Pass      ; Inapplicable ; Pass      ; Pass      ; Inapplicable ; Inapplicable ; Inapplicable ; Inapplicable ; Inapplicable ; Inapplicable ; Inapplicable ; Inapplicable ; Inapplicable ; Inapplicable ; Inapplicable ; Inapplicable ; Inapplicable ; Inapplicable ; Inapplicable ; Inapplicable ; Inapplicable ; Inapplicable ;
; SW[7]              ; Pass      ; Inapplicable ; Pass      ; Inapplicable ; Inapplicable ; Pass      ; Pass      ; Inapplicable ; Pass      ; Pass      ; Inapplicable ; Inapplicable ; Inapplicable ; Inapplicable ; Inapplicable ; Inapplicable ; Inapplicable ; Inapplicable ; Inapplicable ; Inapplicable ; Inapplicable ; Inapplicable ; Inapplicable ; Inapplicable ; Inapplicable ; Inapplicable ; Inapplicable ; Inapplicable ;
; SW[8]              ; Pass      ; Inapplicable ; Pass      ; Inapplicable ; Inapplicable ; Pass      ; Pass      ; Inapplicable ; Pass      ; Pass      ; Inapplicable ; Inapplicable ; Inapplicable ; Inapplicable ; Inapplicable ; Inapplicable ; Inapplicable ; Inapplicable ; Inapplicable ; Inapplicable ; Inapplicable ; Inapplicable ; Inapplicable ; Inapplicable ; Inapplicable ; Inapplicable ; Inapplicable ; Inapplicable ;
; SW[2]              ; Pass      ; Inapplicable ; Pass      ; Inapplicable ; Inapplicable ; Pass      ; Pass      ; Inapplicable ; Pass      ; Pass      ; Inapplicable ; Inapplicable ; Inapplicable ; Inapplicable ; Inapplicable ; Inapplicable ; Inapplicable ; Inapplicable ; Inapplicable ; Inapplicable ; Inapplicable ; Inapplicable ; Inapplicable ; Inapplicable ; Inapplicable ; Inapplicable ; Inapplicable ; Inapplicable ;
; SW[3]              ; Pass      ; Inapplicable ; Pass      ; Inapplicable ; Inapplicable ; Pass      ; Pass      ; Inapplicable ; Pass      ; Pass      ; Inapplicable ; Inapplicable ; Inapplicable ; Inapplicable ; Inapplicable ; Inapplicable ; Inapplicable ; Inapplicable ; Inapplicable ; Inapplicable ; Inapplicable ; Inapplicable ; Inapplicable ; Inapplicable ; Inapplicable ; Inapplicable ; Inapplicable ; Inapplicable ;
; KEY[0]             ; Pass      ; Inapplicable ; Pass      ; Inapplicable ; Inapplicable ; Pass      ; Pass      ; Inapplicable ; Pass      ; Pass      ; Inapplicable ; Inapplicable ; Inapplicable ; Inapplicable ; Inapplicable ; Inapplicable ; Inapplicable ; Inapplicable ; Inapplicable ; Inapplicable ; Inapplicable ; Inapplicable ; Inapplicable ; Inapplicable ; Inapplicable ; Inapplicable ; Inapplicable ; Inapplicable ;
; KEY[2]             ; Pass      ; Inapplicable ; Pass      ; Inapplicable ; Inapplicable ; Pass      ; Pass      ; Inapplicable ; Pass      ; Pass      ; Inapplicable ; Inapplicable ; Inapplicable ; Inapplicable ; Inapplicable ; Inapplicable ; Inapplicable ; Inapplicable ; Inapplicable ; Inapplicable ; Inapplicable ; Inapplicable ; Inapplicable ; Inapplicable ; Inapplicable ; Inapplicable ; Inapplicable ; Inapplicable ;
; KEY[1]             ; Pass      ; Inapplicable ; Pass      ; Inapplicable ; Inapplicable ; Pass      ; Pass      ; Inapplicable ; Pass      ; Pass      ; Inapplicable ; Inapplicable ; Inapplicable ; Inapplicable ; Inapplicable ; Inapplicable ; Inapplicable ; Inapplicable ; Inapplicable ; Inapplicable ; Inapplicable ; Inapplicable ; Inapplicable ; Inapplicable ; Inapplicable ; Inapplicable ; Inapplicable ; Inapplicable ;
+--------------------+-----------+--------------+-----------+--------------+--------------+-----------+-----------+--------------+-----------+-----------+--------------+--------------+--------------+--------------+--------------+--------------+--------------+--------------+--------------+--------------+--------------+--------------+--------------+--------------+--------------+--------------+--------------+--------------+


+------------------------------------------------------------------------------------------------+
; Fitter Device Options                                                                          ;
+------------------------------------------------------------------+-----------------------------+
; Option                                                           ; Setting                     ;
+------------------------------------------------------------------+-----------------------------+
; Enable user-supplied start-up clock (CLKUSR)                     ; Off                         ;
; Enable device-wide reset (DEV_CLRn)                              ; Off                         ;
; Enable device-wide output enable (DEV_OE)                        ; Off                         ;
; Enable INIT_DONE output                                          ; Off                         ;
; Configuration scheme                                             ; Passive Serial              ;
; Enable Error Detection CRC_ERROR pin                             ; Off                         ;
; Enable CvP_CONFDONE pin                                          ; Off                         ;
; Enable open drain on CRC_ERROR pin                               ; On                          ;
; Enable open drain on CvP_CONFDONE pin                            ; On                          ;
; Enable open drain on INIT_DONE pin                               ; On                          ;
; Enable open drain on Partial Reconfiguration pins                ; Off                         ;
; Enable open drain on nCEO pin                                    ; On                          ;
; Enable Partial Reconfiguration pins                              ; Off                         ;
; Enable input tri-state on active configuration pins in user mode ; Off                         ;
; Enable internal scrubbing                                        ; Off                         ;
; Active Serial clock source                                       ; 100 MHz Internal Oscillator ;
; Device initialization clock source                               ; Internal Oscillator         ;
; Configuration via Protocol                                       ; Off                         ;
; Configuration Voltage Level                                      ; Auto                        ;
; Force Configuration Voltage Level                                ; Off                         ;
; Enable nCEO output                                               ; Off                         ;
; Data[15..8]                                                      ; Unreserved                  ;
; Data[7..5]                                                       ; Unreserved                  ;
; Base pin-out file on sameframe device                            ; Off                         ;
+------------------------------------------------------------------+-----------------------------+


+------------------------------------+
; Operating Settings and Conditions  ;
+---------------------------+--------+
; Setting                   ; Value  ;
+---------------------------+--------+
; Nominal Core Voltage      ; 1.10 V ;
; Low Junction Temperature  ; 0 °C   ;
; High Junction Temperature ; 85 °C  ;
+---------------------------+--------+


+------------------------------------------------------------+
; Estimated Delay Added for Hold Timing Summary              ;
+-----------------+----------------------+-------------------+
; Source Clock(s) ; Destination Clock(s) ; Delay Added in ns ;
+-----------------+----------------------+-------------------+
; CLOCK_50        ; CLOCK_50             ; 50.5              ;
+-----------------+----------------------+-------------------+
Note: For more information on problematic transfers, consider running the Fitter again with the Optimize hold timing option (Settings Menu) turned off.
This will disable optimization of problematic paths and expose them for further analysis using the Timing Analyzer.


+------------------------------------------------------------------------------------------------------------------------------------------------------------------------------------------------------------------------------+
; Estimated Delay Added for Hold Timing Details                                                                                                                                                                                ;
+----------------------------------------------------------------------------------+-----------------------------------------------------------------------------------------------------------------------+-------------------+
; Source Register                                                                  ; Destination Register                                                                                                  ; Delay Added in ns ;
+----------------------------------------------------------------------------------+-----------------------------------------------------------------------------------------------------------------------+-------------------+
; mpu6050_controller:mpu_ctrl_inst|delay_cnt[15]                                   ; mpu6050_controller:mpu_ctrl_inst|state.ST_DELAY                                                                       ; 1.123             ;
; mpu6050_controller:mpu_ctrl_inst|delay_cnt[14]                                   ; mpu6050_controller:mpu_ctrl_inst|state.ST_DELAY                                                                       ; 1.059             ;
; mpu6050_controller:mpu_ctrl_inst|delay_cnt[12]                                   ; mpu6050_controller:mpu_ctrl_inst|state.ST_DELAY                                                                       ; 1.059             ;
; mpu6050_controller:mpu_ctrl_inst|delay_cnt[13]                                   ; mpu6050_controller:mpu_ctrl_inst|state.ST_DELAY                                                                       ; 1.059             ;
; mpu6050_controller:mpu_ctrl_inst|delay_cnt[11]                                   ; mpu6050_controller:mpu_ctrl_inst|state.ST_DELAY                                                                       ; 1.059             ;
; mpu6050_controller:mpu_ctrl_inst|delay_cnt[9]                                    ; mpu6050_controller:mpu_ctrl_inst|state.ST_DELAY                                                                       ; 1.059             ;
; mpu6050_controller:mpu_ctrl_inst|delay_cnt[8]                                    ; mpu6050_controller:mpu_ctrl_inst|state.ST_DELAY                                                                       ; 1.059             ;
; mpu6050_controller:mpu_ctrl_inst|delay_cnt[7]                                    ; mpu6050_controller:mpu_ctrl_inst|state.ST_DELAY                                                                       ; 1.059             ;
; mpu6050_controller:mpu_ctrl_inst|delay_cnt[6]                                    ; mpu6050_controller:mpu_ctrl_inst|state.ST_DELAY                                                                       ; 1.059             ;
; mpu6050_controller:mpu_ctrl_inst|delay_cnt[5]                                    ; mpu6050_controller:mpu_ctrl_inst|state.ST_DELAY                                                                       ; 1.059             ;
; mpu6050_controller:mpu_ctrl_inst|delay_cnt[4]                                    ; mpu6050_controller:mpu_ctrl_inst|state.ST_DELAY                                                                       ; 1.059             ;
; mpu6050_controller:mpu_ctrl_inst|delay_cnt[10]                                   ; mpu6050_controller:mpu_ctrl_inst|state.ST_DELAY                                                                       ; 1.059             ;
; i2c_master:master_inst|busy                                                      ; i2c_master:master_inst|state.SLAVE_ADDR                                                                               ; 0.817             ;
; mpu6050_controller:mpu_ctrl_inst|busy_prev                                       ; mpu6050_controller:mpu_ctrl_inst|state.ST_DELAY                                                                       ; 0.649             ;
; mpu6050_controller:mpu_ctrl_inst|state.ST_INIT_WAIT                              ; mpu6050_controller:mpu_ctrl_inst|state.ST_DELAY                                                                       ; 0.607             ;
; i2c_master:master_inst|state.IDLE                                                ; i2c_master:master_inst|state.SLAVE_ADDR                                                                               ; 0.556             ;
; mpu6050_controller:mpu_ctrl_inst|state.ST_DELAY                                  ; mpu6050_controller:mpu_ctrl_inst|state.ST_DELAY                                                                       ; 0.469             ;
; main_game_fsm:U_FSM|wipe_tile_counter[0]                                         ; main_game_fsm:U_FSM|current_state.WIPE_TILES_READ                                                                     ; 0.400             ;
; main_game_fsm:U_FSM|wipe_tile_counter[2]                                         ; main_game_fsm:U_FSM|current_state.WIPE_TILES_READ                                                                     ; 0.367             ;
; main_game_fsm:U_FSM|wipe_tile_counter[1]                                         ; main_game_fsm:U_FSM|current_state.WIPE_TILES_READ                                                                     ; 0.366             ;
; vga_wrapper:VGA_DISPLAY|vga:vga_inst|vga_memory_sweeper:sweeper_inst|vga_addr[1] ; memory_controller:U_MEM|altsyncram:memory_array_rtl_1|altsyncram_76k1:auto_generated|ram_block1a11~portb_address_reg0 ; 0.349             ;
; monopoly_rng_core:U_RNG|lfsr_dice[3]                                             ; monopoly_rng_core:U_RNG|lfsr_dice[0]                                                                                  ; 0.346             ;
; main_game_fsm:U_FSM|current_state.WRITE_PENALTY_CMD                              ; main_game_fsm:U_FSM|current_state.WAIT_PENALTY_CONFIRM                                                                ; 0.345             ;
; monopoly_rng_core:U_RNG|lfsr_dice[4]                                             ; monopoly_rng_core:U_RNG|lfsr_dice[0]                                                                                  ; 0.343             ;
; main_game_fsm:U_FSM|current_state.WAIT_BUY_DECISION                              ; main_game_fsm:U_FSM|current_state.CLEAR_BUY_CMD                                                                       ; 0.341             ;
; mpu6050_controller:mpu_ctrl_inst|byte_count[1]                                   ; mpu6050_controller:mpu_ctrl_inst|byte_count[2]                                                                        ; 0.341             ;
; main_game_fsm:U_FSM|alive_count[0]                                               ; main_game_fsm:U_FSM|alive_count[1]                                                                                    ; 0.340             ;
; monopoly_rng_core:U_RNG|lfsr_card[12]                                            ; monopoly_rng_core:U_RNG|lfsr_card[0]                                                                                  ; 0.340             ;
; main_game_fsm:U_FSM|current_state.WAIT_DICE_1                                    ; main_game_fsm:U_FSM|dice_1[3]                                                                                         ; 0.339             ;
; monopoly_rng_core:U_RNG|lfsr_card[10]                                            ; monopoly_rng_core:U_RNG|lfsr_card[0]                                                                                  ; 0.336             ;
; vga_wrapper:VGA_DISPLAY|vga:vga_inst|vga_memory_sweeper:sweeper_inst|vga_addr[0] ; memory_controller:U_MEM|altsyncram:memory_array_rtl_1|altsyncram_76k1:auto_generated|ram_block1a11~portb_address_reg0 ; 0.331             ;
; monopoly_rng_core:U_RNG|lfsr_dice[7]                                             ; monopoly_rng_core:U_RNG|lfsr_dice[0]                                                                                  ; 0.330             ;
; i2c_master:master_inst|valid_out                                                 ; mpu6050_controller:mpu_ctrl_inst|byte_count[1]                                                                        ; 0.330             ;
; main_game_fsm:U_FSM|drawn_card_id[4]                                             ; main_game_fsm:U_FSM|current_state.CARD_MOVE_WAIT                                                                      ; 0.324             ;
; monopoly_rng_core:U_RNG|lfsr_card[5]                                             ; monopoly_rng_core:U_RNG|lfsr_card[6]                                                                                  ; 0.318             ;
; mpu6050_controller:mpu_ctrl_inst|state.ST_INIT_REQ                               ; mpu6050_controller:mpu_ctrl_inst|i2c_byte_len[0]                                                                      ; 0.318             ;
; memory_controller:U_MEM|memory_array_rtl_1_bypass[23]                            ; vga_wrapper:VGA_DISPLAY|vga:vga_inst|vga_memory_sweeper:sweeper_inst|dice_info[5]                                     ; 0.315             ;
; i2c_master:master_inst|state.SUB_ADDR                                            ; i2c_master:master_inst|next_state.RESTART                                                                             ; 0.315             ;
; monopoly_rng_core:U_RNG|lfsr_dice[0]                                             ; monopoly_rng_core:U_RNG|lfsr_dice[1]                                                                                  ; 0.312             ;
; monopoly_rng_core:U_RNG|lfsr_dice[6]                                             ; monopoly_rng_core:U_RNG|lfsr_dice[7]                                                                                  ; 0.312             ;
; shake_detector:U_SHAKE|shaking_delayed                                           ; main_game_fsm:U_FSM|current_state.TURN_START                                                                          ; 0.312             ;
; memory_controller:U_MEM|memory_array_rtl_1_bypass[17]                            ; vga_wrapper:VGA_DISPLAY|vga:vga_inst|vga_memory_sweeper:sweeper_inst|tile_ownership[45]                               ; 0.309             ;
; main_game_fsm:U_FSM|current_state.WAIT_VEND_DECISION                             ; main_game_fsm:U_FSM|current_state.CLEAR_BUY_CMD                                                                       ; 0.309             ;
; main_game_fsm:U_FSM|target_player[0]                                             ; main_game_fsm:U_FSM|target_player[1]                                                                                  ; 0.303             ;
; monopoly_rng_core:U_RNG|lfsr_dice[1]                                             ; monopoly_rng_core:U_RNG|lfsr_dice[2]                                                                                  ; 0.303             ;
; monopoly_rng_core:U_RNG|lfsr_dice[5]                                             ; monopoly_rng_core:U_RNG|lfsr_dice[6]                                                                                  ; 0.303             ;
; i2c_master:master_inst|scl_is_high                                               ; i2c_master:master_inst|scl_is_high                                                                                    ; 0.302             ;
; i2c_master:master_inst|byte_sr[5]                                                ; i2c_master:master_inst|byte_sr[6]                                                                                     ; 0.302             ;
; memory_controller:U_MEM|current_state.WRITE                                      ; memory_controller:U_MEM|current_state.DONE                                                                            ; 0.302             ;
; monopoly_rng_core:U_RNG|lfsr_card[11]                                            ; monopoly_rng_core:U_RNG|lfsr_card[12]                                                                                 ; 0.302             ;
; i2c_master:master_inst|byte_sent                                                 ; i2c_master:master_inst|cntr[1]                                                                                        ; 0.302             ;
; monopoly_rng_core:U_RNG|lfsr_card[1]                                             ; monopoly_rng_core:U_RNG|lfsr_card[2]                                                                                  ; 0.297             ;
; monopoly_rng_core:U_RNG|lfsr_card[7]                                             ; monopoly_rng_core:U_RNG|lfsr_card[8]                                                                                  ; 0.297             ;
; main_game_fsm:U_FSM|current_state.EVALUATE_TILE                                  ; main_game_fsm:U_FSM|current_state.WRITE_SAFE_CMD                                                                      ; 0.293             ;
; mpu6050_controller:mpu_ctrl_inst|byte_count[0]                                   ; mpu6050_controller:mpu_ctrl_inst|byte_count[2]                                                                        ; 0.291             ;
; mpu6050_controller:mpu_ctrl_inst|state.ST_READ_REQ                               ; mpu6050_controller:mpu_ctrl_inst|state.ST_INIT_WAIT                                                                   ; 0.291             ;
; main_game_fsm:U_FSM|current_player[0]                                            ; main_game_fsm:U_FSM|current_player[1]                                                                                 ; 0.291             ;
; main_game_fsm:U_FSM|total_players[1]                                             ; main_game_fsm:U_FSM|current_state.CARD_UPDATE_CURRENT_PLAYER                                                          ; 0.291             ;
; button_debouncer:U_BUTTON_ARRAY|prev_state[1]                                    ; button_debouncer:U_BUTTON_ARRAY|btn_out[1]                                                                            ; 0.290             ;
; main_game_fsm:U_FSM|total_players[0]                                             ; main_game_fsm:U_FSM|current_state.CARD_UPDATE_CURRENT_PLAYER                                                          ; 0.285             ;
; main_game_fsm:U_FSM|current_state.WAIT_OWNER_ACK_CLEAR                           ; main_game_fsm:U_FSM|current_state.WRITE_OWNER_MONEY                                                                   ; 0.285             ;
; main_game_fsm:U_FSM|current_state.WAIT_ALIVE_MEM                                 ; main_game_fsm:U_FSM|current_state.GAME_OVER_WIN                                                                       ; 0.285             ;
; button_debouncer:U_BUTTON_ARRAY|prev_state[3]                                    ; button_debouncer:U_BUTTON_ARRAY|btn_out[3]                                                                            ; 0.285             ;
; vga_wrapper:VGA_DISPLAY|vga:vga_inst|vga_memory_sweeper:sweeper_inst|vga_addr[3] ; memory_controller:U_MEM|altsyncram:memory_array_rtl_1|altsyncram_76k1:auto_generated|ram_block1a11~portb_address_reg0 ; 0.284             ;
; monopoly_rng_core:U_RNG|state.WAIT_FOR_ACK                                       ; monopoly_rng_core:U_RNG|ready                                                                                         ; 0.284             ;
; main_game_fsm:U_FSM|current_state.WRITE_GAME_OVER_CMD                            ; main_game_fsm:U_FSM|current_state.WAIT_GAME_OVER                                                                      ; 0.283             ;
; memory_controller:U_MEM|current_state.DONE                                       ; memory_controller:U_MEM|current_state.IDLE                                                                            ; 0.281             ;
; main_game_fsm:U_FSM|wipe_tile_counter[3]                                         ; main_game_fsm:U_FSM|current_state.WIPE_TILES_READ                                                                     ; 0.278             ;
; main_game_fsm:U_FSM|current_state.WAIT_END_TURN_READ                             ; main_game_fsm:U_FSM|current_state.CHECK_ALIVE                                                                         ; 0.278             ;
; i2c_master:master_inst|sub_addr[9]                                               ; i2c_master:master_inst|byte_sr[1]                                                                                     ; 0.278             ;
; main_game_fsm:U_FSM|current_state.WRITE_BUY_MBX                                  ; main_game_fsm:U_FSM|current_state.WAIT_ACK_CLEAR                                                                      ; 0.278             ;
; button_debouncer:U_BUTTON_ARRAY|prev_state[0]                                    ; button_debouncer:U_BUTTON_ARRAY|btn_out[0]                                                                            ; 0.278             ;
; i2c_master:master_inst|sub_addr[11]                                              ; i2c_master:master_inst|byte_sr[3]                                                                                     ; 0.277             ;
; main_game_fsm:U_FSM|current_state.WAIT_CHANCE_CARD                               ; main_game_fsm:U_FSM|rng_req_card                                                                                      ; 0.277             ;
; main_game_fsm:U_FSM|current_state.WAIT_START_MONEY                               ; main_game_fsm:U_FSM|current_state.WRITE_NEW_POS                                                                       ; 0.276             ;
; main_game_fsm:U_FSM|current_state.WIPE_TILES_WAIT_READ                           ; main_game_fsm:U_FSM|current_state.WIPE_TILES_CLEAR_OWNER                                                              ; 0.276             ;
; main_game_fsm:U_FSM|current_state.CARD_OTHER_NEXT                                ; main_game_fsm:U_FSM|target_player[0]                                                                                  ; 0.276             ;
; memory_controller:U_MEM|current_state.READ                                       ; memory_controller:U_MEM|current_state.DONE                                                                            ; 0.276             ;
; main_game_fsm:U_FSM|current_state.CHECK_ALIVE                                    ; main_game_fsm:U_FSM|current_state.WAIT_ALIVE_MEM                                                                      ; 0.275             ;
; i2c_master:master_inst|cntr[0]                                                   ; i2c_master:master_inst|cntr[1]                                                                                        ; 0.275             ;
; i2c_master:master_inst|byte_sr[7]                                                ; i2c_master:master_inst|reg_sda_o                                                                                      ; 0.273             ;
; main_game_fsm:U_FSM|current_state.WIPE_MEM_LOOP                                  ; main_game_fsm:U_FSM|current_state.WIPE_MEM_WAIT                                                                       ; 0.273             ;
; main_game_fsm:U_FSM|current_state.WIPE_MEM_DONE                                  ; main_game_fsm:U_FSM|current_state.INIT_WAIT                                                                           ; 0.271             ;
; main_game_fsm:U_FSM|current_state.WRITE_MAKEUP_POS                               ; main_game_fsm:U_FSM|current_state.WAIT_MAKEUP_POS                                                                     ; 0.270             ;
; main_game_fsm:U_FSM|current_state.WAIT_CARD_CONFIRM                              ; main_game_fsm:U_FSM|current_state.CLEAR_CARD_CMD                                                                      ; 0.270             ;
; main_game_fsm:U_FSM|current_state.WIPE_TILES_CLEAR_VEND                          ; main_game_fsm:U_FSM|current_state.WIPE_TILES_WAIT_VEND                                                                ; 0.269             ;
; monopoly_rng_core:U_RNG|ready                                                    ; main_game_fsm:U_FSM|current_state.REQ_DICE_2                                                                          ; 0.269             ;
; main_game_fsm:U_FSM|current_state.ADD_START_MONEY                                ; main_game_fsm:U_FSM|current_state.WAIT_START_MONEY                                                                    ; 0.268             ;
; main_game_fsm:U_FSM|current_state.WAIT_OLD_POS                                   ; main_game_fsm:U_FSM|current_state.WRITE_NEW_POS                                                                       ; 0.268             ;
; main_game_fsm:U_FSM|current_state.WRITE_MAKEUP_WAIT                              ; main_game_fsm:U_FSM|current_state.WAIT_MAKEUP_WAIT                                                                    ; 0.267             ;
; i2c_master:master_inst|en_scl                                                    ; i2c_master:master_inst|clk_i2c                                                                                        ; 0.267             ;
; main_game_fsm:U_FSM|current_state.WAIT_TILE_MEM                                  ; main_game_fsm:U_FSM|current_state.READ_VEND_MEM                                                                       ; 0.266             ;
; main_game_fsm:U_FSM|current_state.WAIT_VEND_MEM                                  ; main_game_fsm:U_FSM|current_state.EVALUATE_TILE                                                                       ; 0.266             ;
; i2c_master:master_inst|scl_is_low                                                ; i2c_master:master_inst|cntr[0]                                                                                        ; 0.265             ;
; i2c_master:master_inst|clk_i2c_cntr[14]                                          ; i2c_master:master_inst|cntr[0]                                                                                        ; 0.265             ;
; i2c_master:master_inst|clk_i2c_cntr[13]                                          ; i2c_master:master_inst|cntr[0]                                                                                        ; 0.265             ;
; i2c_master:master_inst|clk_i2c_cntr[12]                                          ; i2c_master:master_inst|cntr[0]                                                                                        ; 0.265             ;
; i2c_master:master_inst|clk_i2c_cntr[11]                                          ; i2c_master:master_inst|cntr[0]                                                                                        ; 0.265             ;
; i2c_master:master_inst|clk_i2c_cntr[10]                                          ; i2c_master:master_inst|cntr[0]                                                                                        ; 0.265             ;
; i2c_master:master_inst|clk_i2c_cntr[9]                                           ; i2c_master:master_inst|cntr[0]                                                                                        ; 0.265             ;
+----------------------------------------------------------------------------------+-----------------------------------------------------------------------------------------------------------------------+-------------------+
Note: This table only shows the top 100 path(s) that have the largest delay added for hold.


+-----------------+
; Fitter Messages ;
+-----------------+
Info (20030): Parallel compilation is enabled and will use 8 of the 8 processors detected
Info (119006): Selected device 5CSEMA5F31C6 for design "ele432project_vga"
Info (21077): Low junction temperature is 0 degrees C
Info (21077): High junction temperature is 85 degrees C
Info (171003): Fitter is performing an Auto Fit compilation, which may decrease Fitter effort to reduce compilation time
Warning (292013): Feature LogicLock is only available with a valid subscription license. You can purchase a software subscription to gain full access to this feature.
Warning (15714): Some pins have incomplete I/O assignments. Refer to the I/O Assignment Warnings report for details
Info (176045): Design uses memory blocks. Violating setup or hold times of memory block address registers for either read or write operations could cause memory contents to be corrupted. Make sure that all memory block address registers meet the setup and hold time requirements.
Info (184020): Starting Fitter periphery placement operations
Info (11178): Promoted 1 clock (1 global)
    Info (11162): vga_wrapper:VGA_DISPLAY|vga:vga_inst|vga_pll:pll_inst|vga_pll_0002:vga_pll_inst|altera_pll:altera_pll_i|outclk_wire[0]~CLKENA0 with 975 fanout uses global clock CLKCTRL_G6
Info (11191): Automatically promoted 2 clocks (2 global)
    Info (11162): CLOCK_50~inputCLKENA0 with 872 fanout uses global clock CLKCTRL_G4
    Info (11162): SW[0]~inputCLKENA0 with 548 fanout uses global clock CLKCTRL_G7
        Info (12525): This signal is driven by core routing -- it may be moved during placement to reduce routing delays
Warning (16406): 1 global input pin(s) will use non-dedicated clock routing
    Warning (16407): Source REFCLK I/O is not placed onto a dedicated REFCLK input pin for global clock driver SW[0]~inputCLKENA0, placed at CLKCTRL_G7
        Info (179012): Refclk input I/O pad SW[0] is placed onto PIN_AB12
Info (184021): Fitter periphery placement operations ending: elapsed time is 00:00:00
Info (332104): Reading SDC File: 'ele432project_vga.sdc'
Info (332110): Deriving PLL clocks
    Info (332110): create_generated_clock -source {VGA_DISPLAY|vga_inst|pll_inst|vga_pll_inst|altera_pll_i|general[0].gpll~FRACTIONAL_PLL|refclkin} -divide_by 7 -multiply_by 215 -duty_cycle 50.00 -name {VGA_DISPLAY|vga_inst|pll_inst|vga_pll_inst|altera_pll_i|general[0].gpll~FRACTIONAL_PLL|vcoph[0]} {VGA_DISPLAY|vga_inst|pll_inst|vga_pll_inst|altera_pll_i|general[0].gpll~FRACTIONAL_PLL|vcoph[0]}
    Info (332110): create_generated_clock -source {VGA_DISPLAY|vga_inst|pll_inst|vga_pll_inst|altera_pll_i|general[0].gpll~PLL_OUTPUT_COUNTER|vco0ph[0]} -divide_by 61 -duty_cycle 50.00 -name {VGA_DISPLAY|vga_inst|pll_inst|vga_pll_inst|altera_pll_i|general[0].gpll~PLL_OUTPUT_COUNTER|divclk} {VGA_DISPLAY|vga_inst|pll_inst|vga_pll_inst|altera_pll_i|general[0].gpll~PLL_OUTPUT_COUNTER|divclk}
Info (332151): Clock uncertainty is not calculated until you update the timing netlist.
Info (332097): The following timing edges are non-unate.  The Timing Analyzer will assume pos-unate behavior for these edges in the clock network.
    Info (332098): Cell: VGA_DISPLAY|vga_inst|pll_inst|vga_pll_inst|altera_pll_i|general[0].gpll~FRACTIONAL_PLL  from: refclkin  to: fbclk
    Info (332098): Cell: VGA_DISPLAY|vga_inst|pll_inst|vga_pll_inst|altera_pll_i|general[0].gpll~PLL_OUTPUT_COUNTER  from: vco0ph[0]  to: divclk
    Info (332098): Cell: VGA_DISPLAY|vga_inst|pll_inst|vga_pll_inst|altera_pll_i|general[0].gpll~PLL_REFCLK_SELECT  from: clkin[0]  to: clkout
Info (332123): Deriving Clock Uncertainty. Please refer to report_sdc in the Timing Analyzer to see clock uncertainties.
Info (332129): Detected timing requirements -- optimizing circuit to achieve only the specified requirements
Info (332111): Found 3 clocks
    Info (332111):   Period   Clock Name
    Info (332111): ======== ============
    Info (332111):   20.000     CLOCK_50
    Info (332111):    0.651 VGA_DISPLAY|vga_inst|pll_inst|vga_pll_inst|altera_pll_i|general[0].gpll~FRACTIONAL_PLL|vcoph[0]
    Info (332111):   39.720 VGA_DISPLAY|vga_inst|pll_inst|vga_pll_inst|altera_pll_i|general[0].gpll~PLL_OUTPUT_COUNTER|divclk
Info (176233): Starting register packing
Info (176235): Finished register packing
    Extra Info (176219): No registers were packed into other blocks
Warning (15705): Ignored locations or region assignments to the following nodes
    Warning (15706): Node "ADC_CS_N" is assigned to location or region, but does not exist in design
    Warning (15706): Node "ADC_DIN" is assigned to location or region, but does not exist in design
    Warning (15706): Node "ADC_DOUT" is assigned to location or region, but does not exist in design
    Warning (15706): Node "ADC_SCLK" is assigned to location or region, but does not exist in design
    Warning (15706): Node "AUD_ADCDAT" is assigned to location or region, but does not exist in design
    Warning (15706): Node "AUD_ADCLRCK" is assigned to location or region, but does not exist in design
    Warning (15706): Node "AUD_BCLK" is assigned to location or region, but does not exist in design
    Warning (15706): Node "AUD_DACDAT" is assigned to location or region, but does not exist in design
    Warning (15706): Node "AUD_DACLRCK" is assigned to location or region, but does not exist in design
    Warning (15706): Node "AUD_XCK" is assigned to location or region, but does not exist in design
    Warning (15706): Node "CLOCK2_50" is assigned to location or region, but does not exist in design
    Warning (15706): Node "CLOCK3_50" is assigned to location or region, but does not exist in design
    Warning (15706): Node "CLOCK4_50" is assigned to location or region, but does not exist in design
    Warning (15706): Node "DRAM_ADDR[0]" is assigned to location or region, but does not exist in design
    Warning (15706): Node "DRAM_ADDR[10]" is assigned to location or region, but does not exist in design
    Warning (15706): Node "DRAM_ADDR[11]" is assigned to location or region, but does not exist in design
    Warning (15706): Node "DRAM_ADDR[12]" is assigned to location or region, but does not exist in design
    Warning (15706): Node "DRAM_ADDR[1]" is assigned to location or region, but does not exist in design
    Warning (15706): Node "DRAM_ADDR[2]" is assigned to location or region, but does not exist in design
    Warning (15706): Node "DRAM_ADDR[3]" is assigned to location or region, but does not exist in design
    Warning (15706): Node "DRAM_ADDR[4]" is assigned to location or region, but does not exist in design
    Warning (15706): Node "DRAM_ADDR[5]" is assigned to location or region, but does not exist in design
    Warning (15706): Node "DRAM_ADDR[6]" is assigned to location or region, but does not exist in design
    Warning (15706): Node "DRAM_ADDR[7]" is assigned to location or region, but does not exist in design
    Warning (15706): Node "DRAM_ADDR[8]" is assigned to location or region, but does not exist in design
    Warning (15706): Node "DRAM_ADDR[9]" is assigned to location or region, but does not exist in design
    Warning (15706): Node "DRAM_BA[0]" is assigned to location or region, but does not exist in design
    Warning (15706): Node "DRAM_BA[1]" is assigned to location or region, but does not exist in design
    Warning (15706): Node "DRAM_CAS_N" is assigned to location or region, but does not exist in design
    Warning (15706): Node "DRAM_CKE" is assigned to location or region, but does not exist in design
    Warning (15706): Node "DRAM_CLK" is assigned to location or region, but does not exist in design
    Warning (15706): Node "DRAM_CS_N" is assigned to location or region, but does not exist in design
    Warning (15706): Node "DRAM_DQ[0]" is assigned to location or region, but does not exist in design
    Warning (15706): Node "DRAM_DQ[10]" is assigned to location or region, but does not exist in design
    Warning (15706): Node "DRAM_DQ[11]" is assigned to location or region, but does not exist in design
    Warning (15706): Node "DRAM_DQ[12]" is assigned to location or region, but does not exist in design
    Warning (15706): Node "DRAM_DQ[13]" is assigned to location or region, but does not exist in design
    Warning (15706): Node "DRAM_DQ[14]" is assigned to location or region, but does not exist in design
    Warning (15706): Node "DRAM_DQ[15]" is assigned to location or region, but does not exist in design
    Warning (15706): Node "DRAM_DQ[1]" is assigned to location or region, but does not exist in design
    Warning (15706): Node "DRAM_DQ[2]" is assigned to location or region, but does not exist in design
    Warning (15706): Node "DRAM_DQ[3]" is assigned to location or region, but does not exist in design
    Warning (15706): Node "DRAM_DQ[4]" is assigned to location or region, but does not exist in design
    Warning (15706): Node "DRAM_DQ[5]" is assigned to location or region, but does not exist in design
    Warning (15706): Node "DRAM_DQ[6]" is assigned to location or region, but does not exist in design
    Warning (15706): Node "DRAM_DQ[7]" is assigned to location or region, but does not exist in design
    Warning (15706): Node "DRAM_DQ[8]" is assigned to location or region, but does not exist in design
    Warning (15706): Node "DRAM_DQ[9]" is assigned to location or region, but does not exist in design
    Warning (15706): Node "DRAM_LDQM" is assigned to location or region, but does not exist in design
    Warning (15706): Node "DRAM_RAS_N" is assigned to location or region, but does not exist in design
    Warning (15706): Node "DRAM_UDQM" is assigned to location or region, but does not exist in design
    Warning (15706): Node "DRAM_WE_N" is assigned to location or region, but does not exist in design
    Warning (15706): Node "FAN_CTRL" is assigned to location or region, but does not exist in design
    Warning (15706): Node "FPGA_I2C_SCLK" is assigned to location or region, but does not exist in design
    Warning (15706): Node "FPGA_I2C_SDAT" is assigned to location or region, but does not exist in design
    Warning (15706): Node "GPIO_0[10]" is assigned to location or region, but does not exist in design
    Warning (15706): Node "GPIO_0[11]" is assigned to location or region, but does not exist in design
    Warning (15706): Node "GPIO_0[12]" is assigned to location or region, but does not exist in design
    Warning (15706): Node "GPIO_0[13]" is assigned to location or region, but does not exist in design
    Warning (15706): Node "GPIO_0[14]" is assigned to location or region, but does not exist in design
    Warning (15706): Node "GPIO_0[15]" is assigned to location or region, but does not exist in design
    Warning (15706): Node "GPIO_0[16]" is assigned to location or region, but does not exist in design
    Warning (15706): Node "GPIO_0[17]" is assigned to location or region, but does not exist in design
    Warning (15706): Node "GPIO_0[18]" is assigned to location or region, but does not exist in design
    Warning (15706): Node "GPIO_0[19]" is assigned to location or region, but does not exist in design
    Warning (15706): Node "GPIO_0[20]" is assigned to location or region, but does not exist in design
    Warning (15706): Node "GPIO_0[21]" is assigned to location or region, but does not exist in design
    Warning (15706): Node "GPIO_0[22]" is assigned to location or region, but does not exist in design
    Warning (15706): Node "GPIO_0[23]" is assigned to location or region, but does not exist in design
    Warning (15706): Node "GPIO_0[24]" is assigned to location or region, but does not exist in design
    Warning (15706): Node "GPIO_0[25]" is assigned to location or region, but does not exist in design
    Warning (15706): Node "GPIO_0[26]" is assigned to location or region, but does not exist in design
    Warning (15706): Node "GPIO_0[27]" is assigned to location or region, but does not exist in design
    Warning (15706): Node "GPIO_0[28]" is assigned to location or region, but does not exist in design
    Warning (15706): Node "GPIO_0[29]" is assigned to location or region, but does not exist in design
    Warning (15706): Node "GPIO_0[2]" is assigned to location or region, but does not exist in design
    Warning (15706): Node "GPIO_0[30]" is assigned to location or region, but does not exist in design
    Warning (15706): Node "GPIO_0[31]" is assigned to location or region, but does not exist in design
    Warning (15706): Node "GPIO_0[32]" is assigned to location or region, but does not exist in design
    Warning (15706): Node "GPIO_0[33]" is assigned to location or region, but does not exist in design
    Warning (15706): Node "GPIO_0[34]" is assigned to location or region, but does not exist in design
    Warning (15706): Node "GPIO_0[35]" is assigned to location or region, but does not exist in design
    Warning (15706): Node "GPIO_0[3]" is assigned to location or region, but does not exist in design
    Warning (15706): Node "GPIO_0[4]" is assigned to location or region, but does not exist in design
    Warning (15706): Node "GPIO_0[5]" is assigned to location or region, but does not exist in design
    Warning (15706): Node "GPIO_0[6]" is assigned to location or region, but does not exist in design
    Warning (15706): Node "GPIO_0[7]" is assigned to location or region, but does not exist in design
    Warning (15706): Node "GPIO_0[8]" is assigned to location or region, but does not exist in design
    Warning (15706): Node "GPIO_0[9]" is assigned to location or region, but does not exist in design
    Warning (15706): Node "GPIO_1[0]" is assigned to location or region, but does not exist in design
    Warning (15706): Node "GPIO_1[10]" is assigned to location or region, but does not exist in design
    Warning (15706): Node "GPIO_1[11]" is assigned to location or region, but does not exist in design
    Warning (15706): Node "GPIO_1[12]" is assigned to location or region, but does not exist in design
    Warning (15706): Node "GPIO_1[13]" is assigned to location or region, but does not exist in design
    Warning (15706): Node "GPIO_1[14]" is assigned to location or region, but does not exist in design
    Warning (15706): Node "GPIO_1[15]" is assigned to location or region, but does not exist in design
    Warning (15706): Node "GPIO_1[16]" is assigned to location or region, but does not exist in design
    Warning (15706): Node "GPIO_1[17]" is assigned to location or region, but does not exist in design
    Warning (15706): Node "GPIO_1[18]" is assigned to location or region, but does not exist in design
    Warning (15706): Node "GPIO_1[19]" is assigned to location or region, but does not exist in design
    Warning (15706): Node "GPIO_1[1]" is assigned to location or region, but does not exist in design
    Warning (15706): Node "GPIO_1[20]" is assigned to location or region, but does not exist in design
    Warning (15706): Node "GPIO_1[21]" is assigned to location or region, but does not exist in design
    Warning (15706): Node "GPIO_1[22]" is assigned to location or region, but does not exist in design
    Warning (15706): Node "GPIO_1[23]" is assigned to location or region, but does not exist in design
    Warning (15706): Node "GPIO_1[24]" is assigned to location or region, but does not exist in design
    Warning (15706): Node "GPIO_1[25]" is assigned to location or region, but does not exist in design
    Warning (15706): Node "GPIO_1[26]" is assigned to location or region, but does not exist in design
    Warning (15706): Node "GPIO_1[27]" is assigned to location or region, but does not exist in design
    Warning (15706): Node "GPIO_1[28]" is assigned to location or region, but does not exist in design
    Warning (15706): Node "GPIO_1[29]" is assigned to location or region, but does not exist in design
    Warning (15706): Node "GPIO_1[2]" is assigned to location or region, but does not exist in design
    Warning (15706): Node "GPIO_1[30]" is assigned to location or region, but does not exist in design
    Warning (15706): Node "GPIO_1[31]" is assigned to location or region, but does not exist in design
    Warning (15706): Node "GPIO_1[32]" is assigned to location or region, but does not exist in design
    Warning (15706): Node "GPIO_1[33]" is assigned to location or region, but does not exist in design
    Warning (15706): Node "GPIO_1[34]" is assigned to location or region, but does not exist in design
    Warning (15706): Node "GPIO_1[35]" is assigned to location or region, but does not exist in design
    Warning (15706): Node "GPIO_1[3]" is assigned to location or region, but does not exist in design
    Warning (15706): Node "GPIO_1[4]" is assigned to location or region, but does not exist in design
    Warning (15706): Node "GPIO_1[5]" is assigned to location or region, but does not exist in design
    Warning (15706): Node "GPIO_1[6]" is assigned to location or region, but does not exist in design
    Warning (15706): Node "GPIO_1[7]" is assigned to location or region, but does not exist in design
    Warning (15706): Node "GPIO_1[8]" is assigned to location or region, but does not exist in design
    Warning (15706): Node "GPIO_1[9]" is assigned to location or region, but does not exist in design
    Warning (15706): Node "HEX4[0]" is assigned to location or region, but does not exist in design
    Warning (15706): Node "HEX4[1]" is assigned to location or region, but does not exist in design
    Warning (15706): Node "HEX4[2]" is assigned to location or region, but does not exist in design
    Warning (15706): Node "HEX4[3]" is assigned to location or region, but does not exist in design
    Warning (15706): Node "HEX4[4]" is assigned to location or region, but does not exist in design
    Warning (15706): Node "HEX4[5]" is assigned to location or region, but does not exist in design
    Warning (15706): Node "HEX4[6]" is assigned to location or region, but does not exist in design
    Warning (15706): Node "HEX5[0]" is assigned to location or region, but does not exist in design
    Warning (15706): Node "HEX5[1]" is assigned to location or region, but does not exist in design
    Warning (15706): Node "HEX5[2]" is assigned to location or region, but does not exist in design
    Warning (15706): Node "HEX5[3]" is assigned to location or region, but does not exist in design
    Warning (15706): Node "HEX5[4]" is assigned to location or region, but does not exist in design
    Warning (15706): Node "HEX5[5]" is assigned to location or region, but does not exist in design
    Warning (15706): Node "HEX5[6]" is assigned to location or region, but does not exist in design
    Warning (15706): Node "IRDA_RXD" is assigned to location or region, but does not exist in design
    Warning (15706): Node "IRDA_TXD" is assigned to location or region, but does not exist in design
    Warning (15706): Node "LEDR[0]" is assigned to location or region, but does not exist in design
    Warning (15706): Node "LEDR[1]" is assigned to location or region, but does not exist in design
    Warning (15706): Node "LEDR[2]" is assigned to location or region, but does not exist in design
    Warning (15706): Node "LEDR[3]" is assigned to location or region, but does not exist in design
    Warning (15706): Node "LEDR[4]" is assigned to location or region, but does not exist in design
    Warning (15706): Node "LEDR[5]" is assigned to location or region, but does not exist in design
    Warning (15706): Node "LEDR[6]" is assigned to location or region, but does not exist in design
    Warning (15706): Node "LEDR[7]" is assigned to location or region, but does not exist in design
    Warning (15706): Node "LEDR[8]" is assigned to location or region, but does not exist in design
    Warning (15706): Node "LEDR[9]" is assigned to location or region, but does not exist in design
    Warning (15706): Node "PS2_CLK" is assigned to location or region, but does not exist in design
    Warning (15706): Node "PS2_CLK2" is assigned to location or region, but does not exist in design
    Warning (15706): Node "PS2_DAT" is assigned to location or region, but does not exist in design
    Warning (15706): Node "PS2_DAT2" is assigned to location or region, but does not exist in design
    Warning (15706): Node "TD_CLK27" is assigned to location or region, but does not exist in design
    Warning (15706): Node "TD_DATA[0]" is assigned to location or region, but does not exist in design
    Warning (15706): Node "TD_DATA[1]" is assigned to location or region, but does not exist in design
    Warning (15706): Node "TD_DATA[2]" is assigned to location or region, but does not exist in design
    Warning (15706): Node "TD_DATA[3]" is assigned to location or region, but does not exist in design
    Warning (15706): Node "TD_DATA[4]" is assigned to location or region, but does not exist in design
    Warning (15706): Node "TD_DATA[5]" is assigned to location or region, but does not exist in design
    Warning (15706): Node "TD_DATA[6]" is assigned to location or region, but does not exist in design
    Warning (15706): Node "TD_DATA[7]" is assigned to location or region, but does not exist in design
    Warning (15706): Node "TD_HS" is assigned to location or region, but does not exist in design
    Warning (15706): Node "TD_RESET_N" is assigned to location or region, but does not exist in design
    Warning (15706): Node "TD_VS" is assigned to location or region, but does not exist in design
    Warning (15706): Node "USB_B2_CLK" is assigned to location or region, but does not exist in design
    Warning (15706): Node "USB_B2_DATA[0]" is assigned to location or region, but does not exist in design
    Warning (15706): Node "USB_B2_DATA[1]" is assigned to location or region, but does not exist in design
    Warning (15706): Node "USB_B2_DATA[2]" is assigned to location or region, but does not exist in design
    Warning (15706): Node "USB_B2_DATA[3]" is assigned to location or region, but does not exist in design
    Warning (15706): Node "USB_B2_DATA[4]" is assigned to location or region, but does not exist in design
    Warning (15706): Node "USB_B2_DATA[5]" is assigned to location or region, but does not exist in design
    Warning (15706): Node "USB_B2_DATA[6]" is assigned to location or region, but does not exist in design
    Warning (15706): Node "USB_B2_DATA[7]" is assigned to location or region, but does not exist in design
    Warning (15706): Node "USB_EMPTY" is assigned to location or region, but does not exist in design
    Warning (15706): Node "USB_FULL" is assigned to location or region, but does not exist in design
    Warning (15706): Node "USB_OE_N" is assigned to location or region, but does not exist in design
    Warning (15706): Node "USB_RD_N" is assigned to location or region, but does not exist in design
    Warning (15706): Node "USB_RESET_N" is assigned to location or region, but does not exist in design
    Warning (15706): Node "USB_SCL" is assigned to location or region, but does not exist in design
    Warning (15706): Node "USB_SDA" is assigned to location or region, but does not exist in design
    Warning (15706): Node "USB_WR_N" is assigned to location or region, but does not exist in design
Info (11798): Fitter preparation operations ending: elapsed time is 00:00:09
Info (170189): Fitter placement preparation operations beginning
Info (14951): The Fitter is using Advanced Physical Optimization.
Info (170190): Fitter placement preparation operations ending: elapsed time is 00:00:58
Info (170191): Fitter placement operations beginning
Info (170137): Fitter placement was successful
Info (170192): Fitter placement operations ending: elapsed time is 00:00:02
Info (170193): Fitter routing operations beginning
Info (170195): Router estimated average interconnect usage is 2% of the available device resources
    Info (170196): Router estimated peak interconnect usage is 24% of the available device resources in the region that extends from location X22_Y11 to location X32_Y22
Info (170199): The Fitter performed an Auto Fit compilation.  Optimizations were skipped to reduce compilation time.
    Info (170201): Optimizations that may affect the design's routability were skipped
    Info (170200): Optimizations that may affect the design's timing were skipped
Info (170194): Fitter routing operations ending: elapsed time is 00:00:04
Info (11888): Total time spent on timing analysis during the Fitter is 3.66 seconds.
Info (334003): Started post-fitting delay annotation
Info (334004): Delay annotation completed successfully
Info (334003): Started post-fitting delay annotation
Info (334004): Delay annotation completed successfully
Info (11801): Fitter post-fit operations ending: elapsed time is 00:00:12
Warning (171167): Found invalid Fitter assignments. See the Ignored Assignments panel in the Fitter Compilation Report for more information.
Info (144001): Generated suppressed messages file C:/Projects/quartus/ele432project_vga/output_files/ele432project_vga.fit.smsg
Info: Quartus Prime Fitter was successful. 0 errors, 190 warnings
    Info: Peak virtual memory: 7204 megabytes
    Info: Processing ended: Tue May 19 17:23:31 2026
    Info: Elapsed time: 00:03:19
    Info: Total CPU time (on all processors): 00:13:04


+----------------------------+
; Fitter Suppressed Messages ;
+----------------------------+
The suppressed messages can be found in C:/Projects/quartus/ele432project_vga/output_files/ele432project_vga.fit.smsg.


